id,primary_country,country_freq,article_text
3deecee02dba9cb11c3dda429f4f3181696915f1,US,"{'US': 4, 'NZ': 2, 'WS': 3, 'AS': 1, 'TO': 1}","(CNN) -- When an earthquake threatens to turn part of an ocean into fast-moving walls of water, tsunami warning scientists can do nothing for the first five minutes except wait for information. But within the next five minutes, they have to decide whether to issue a warning of danger. Brian Shiro has been a geophysicist at the Pacific Tsunami Warning Center for four years. And you thought your job was high pressure. ""If we see a set of circumstances and it fits into our criteria for [the] event, we just follow that criteria because we don't have much time to think. There isn't a lot of time for decision-making,"" said Paul Whitmore, director of the West Coast and Alaska Tsunami Warning Center. ""Weighing back there [in your mind] also is the effect of your decision. If the effect of your decision is going to evacuate the entire West Coast waterfront, you don't want to take that lightly,"" he said. With Tuesday's tragic tsunami that engulfed villages in Samoa and American Samoa, the pace of events was so frenetic that the Pacific Tsunami Warning Center in Ewa Beach, Hawaii --which tracks earthquakes and tsunamis for countries throughout the Pacific Ocean, Indian Ocean and Caribbean Sea -- had already been alerted to the looming disaster by the time the seismometer evidence came in. ""The National Weather Service director in American Samoa called the Pacific Tsunami Warning Center a few seconds before the alarms went off here, so we had an advanced warning and we were already sitting at the computer, looking at the data in real time,"" said Brian Shiro, a Pacific warning center geophysicist. It can take 30 seconds to five minutes for information from earthquake sensors placed strategically around the globe to roll into the two U.S. tsunami warning centers. When there's a clear tsunami threat, the center's operation room -- built to accommodate the two workers on duty -- becomes flooded with people all jostling to offer assistance. The phone lines consistently ring and ""people are yelling at each other so everyone will be on the same page, and you don't miss something important that someone else caught,"" said Bill Knight, a West Coast and Alaska warning center scientist. Scientists must ""locate the earthquake and then determine based on the science data whether there should be just a normal bulletin or whether there should be a warning,"" said Laura Kong, director of the International Tsunami Information Center. She added that it took the Pacific warning center 15 minutes to issue a warning for Tuesday's tsunami. This wasn't because the center's scientists were moving slowly, Shiro said, but a result of the sparse number of seismic stations in the Southwest Pacific region. The fewer stations there are, the longer it takes for scientists to receive adequate information. ""There was no delay yesterday,"" he said. ""You're only restricted by the earth itself and how fast the seismic waves can travel."" As a result, workers at the two U.S. warning centers said they often have to make decisions based on incomplete information, erring on the side of caution by issuing a tsunami warning and canceling it later if more monitoring reveals a less dangerous situation. ""It can be a lot of pressure at first, and you have to get used to that,"" Shiro said. ""You do have a lot of responsibility on your shoulders: You have to act quickly and sometimes you have to issue your very first initial message based on incomplete information, because one of the important factors is time and you want to get it out."" Since the catastrophic Indian Ocean tsunami in 2004, the question of time has become more critical to tsunami warning scientists. The staff has doubled at the Pacific warning center, and when they're ""on shift,"" they sleep in on-site housing, said spokeswoman Delores Clark. The warning centers have turned into 24/7 operations. Scientist Knight and director Whitmore at the West Coast and Alaska center said constantly being on call does not interrupt their personal lives; neither of them have kids at home. Shiro, on the other hand, has a 2-year-old son and has to strike a balance. At first, his wife and son stayed with him when he was on shift, sleeping at the on-site housing with him. When that proved too disruptive, his family instead began visiting for meals and a bit of quality time during his weekly two-day shift. The Pacific center's on-site housing is unique, created so the workers can react to a tsunami whether they're fixing a meal or fast asleep, and while it may pose a slight inconvenience, it's all part of the job, Shiro said. The workers, drawn to the position by a mutual love of geophysical science, consider themselves lucky to work in one of the few science fields that allows them to do research while making a difference in people's lives. Instances such as Tuesday's tsunami, which killed at least 130 people, provide them with perspective on the importance of their position and the need for more tsunami education. Shiro is encouraging the Pacific center to use social networking as a tool, considering the massive response he got after he tweeted live updates Tuesday. For Knight, it's getting the word out about what to look for when disaster is imminent. ""One of the reasons we have an outreach program is because we know that people can't wait for us to make a decision,"" Knight said. ""If the ground is shaking for more than 20 seconds, you're experiencing a large earthquake and the more likely it is that a tsunami is going to happen."" International Tsunami Information Center director Kong, whose work emphasizes the need for better, more local warning systems and education around the globe, agreed. ""It's especially tragic when you know that a number of us were in American Samoa and Tonga in July talking about tsunamis, telling them that in the worst case scenario they would only have 10 to 20 minutes and asking them to plan the best they could,"" she said. ""We kind of have a feeling when we're issuing those messages that something like this might happen, and it's your worst nightmare when it does come true. It's not a good feeling the next day when the numbers start to increase,"" she said. ""We can't prevent the tsunami from happening; it's going to happen. We can only do our best right now and plan beforehand, because when it does happen, there's just no time."""
c327a45bce74b6e46e2b8e26c7c358dc5d211133,ID,"{'ID': 12, 'NO': 4}","(CNN) -- One of the world's largest pulp and paper companies is destroying Indonesia's rainforests and taking away the habitat of rare animals, environmental group Greenpeace charged Tuesday. The Greenpeace report accuses Asia Pulp and Paper of ""relentlessly trashing rainforests, driving species extinction and, if left unchecked, will threaten Indonesia's efforts to address climate change."" APP, a division of Sinar Mas, denied the charges levied by Greenpeace, including the alleged expansion of logging operations by 17 million hectares (42 million acres). ""The allegations are totally illogical and untrue, Asia Pulp and Paper has no plans for the expansions in question,"" said Aida Greenbury, an APP spokeswoman, who said the Indonesian government has publicly announced that their quota for pulp and paper is 10 million hectares (25 million acres) by 2014. ""I urged Greenpeace to do a proper research before putting such allegations"" Greenbury added. Sinar Mas, which also has a palm oil arm, has long be a target of Greenpeace efforts to curb deforestation. The environmental group says the land cleared for palm oil plantations, and for pulp and paper products is doing long-term damage to Indonesia's rainforests and the environment. Greenpeace says a $1 billion deal between Norway and Indonesia announced in May to reduce greenhouse gas emissions through a moratorium on logging has a loophole that would allow APP to clear sensitive forest and peatlands. ""Millions of hectares of forests -- including hundreds of thousands of hectares under Sinar Mas control -- are not part of the deal with Norway,"" said Bustar Maitar, a Greenpeace Southeast Asia forest campaigner. ""This loophole will undermine all attempts to reduce Indonesia's emissions. President (Susilo Bambang) Yudhoyono must act immediately by implementing a moratorium on all forest destruction and ensure the protection of peatlands. Only then will we be able to really reduce Indonesia's GHG emissions."" Indonesia is one of the world's largest emitters of greenhouse gases because of rampant clearing and burning of its forests and peat lands for logging and conversion into palm oil plantations. The country has long been a target of harsh criticisms from environmental groups who have accused the government of failing to enforce its own laws. Yudhoyono said in May that Indonesia would ""conduct a moratorium for two years where we stop the conversion of peat land and of forest."" He was joined by Norwegian Prime Minister Jens Stoltenberg, who said Norway would provide $1 billion to Indonesia to help with the effort to reduce deforestation. ""Indonesia is a key country in terms of reducing deforestation. Therefore this agreement and Indonesia's commitment is a great step forward in achieving large-scale reductions in greenhouse gas emissions,"" Stoltenberg said. Yudhoyono said the halt on new concessions would start in 2010 as part of a broader strategy to reduce the nation's greenhouse gas emissions by at least 26 percent by 2020. Deforestation accounts for almost a fifth of total greenhouse gas emissions that cause climate change. The Indonesia-Norway partnership to cut emissions is part of a broader international strategy called Reduced Emissions from Deforestation and Degradation, or REDD, that would make stored carbon dioxide in tropical forests a commodity that can be bought and sold on the global market."
0c583c71f1ceddb9569f6d8588f62108ca645b91,KP,"{'KP': 4, 'CN': 3}","(CNN) -- Kim Jong Un, successor to his father's dictatorship over North Korea, will have to find ways to balance political factions and generate revenue -- or he may not remain in power for long, analysts said Tuesday. Shrouded in mystery and believed to be only in his late 20s, Kim marks the third generation in his family to officially reign over the so-called Hermit Kingdom. ""It's unprecedented in modern times,"" said John Park, an expert on the region with the Harvard Kennedy School's Belfer Center for Science and International Affairs. A popular expression, Park said, summarizes one central reason that third-generation dynasties don't occur. ""The first generation makes the wealth; the second generation manages the wealth; the third generation squanders the wealth,"" he said. Kim Jong Il inherited power from his father, a military leader who built a new North Korean economy. Kim Jong Il maintained a fierce grip, partly through building his country's nuclear arsenal. It is unknown whether Kim Jong Un has the skills, knowledge or training to lead his country through the next era. North Korea does not function as a ""normal nation state"" through imports, exports and taxes, Park said. ""Kim Jong Il ran a system that was based on competition among senior officials"" who controlled economic institutions such as trading companies. ""The way to view Kim Jong Un is almost as a CEO of North Korea Inc.,"" Park said. ""He either makes money on a recurring basis or he's out. The fact that he's the youngest son won't matter if he can't produce the cash."" Christian Caryl, an editor of foreignpolicy.com, said the younger Kim's lack of experience does not bode well. ""I personally put the odds fairly low"" that he will succeed in power, he said. North Koreans ""know much more about the world than they did"" when Kim Jong Il came to power, said Caryl, who last visited a few years ago. ""They've watched DVDs of South Korean soap operas. People know about China -- and China is light years ahead of North Korea."" ""You can no longer expect people to believe in the Kim name the way they used to,"" he said. The government still deprives its citizens of basic rights and freedoms, and there is little risk of any popular protest against a leader, Park said. If something were to end Kim Jong Un's time in power, it would be battling forces within the North Korean power structure. ""There are different factions and interest groups,"" Caryl said. ""I wouldn't say organized power blocs, but groups that have big business interests now because they've also been trading with China."" ""These things begin to get complicated very quickly"" for a new leader at the helm, Caryl said. Jayshree Bajoria of the Council on Foreign Relations writes that ""even with a successor, North Korean observers have for some time feared a behind-the-scenes power struggle or nuclear instability after Kim Jong-Il's death."" Still, ""some experts doubt that Kim's death will lead to chaos,"" Bajoria writes, noting that the country has shown resilience in the past. In the region, analysts and government leaders are looking at early indications in an effort to read the tea leaves. ""Over the span of some 50 hours, North Korea was very effectively able to conceal the death of Kim Jong Il, successfully make the announcement of his death. Seeing that it has gone smoothly so far without any bumps, we can relatively carefully speculate that the leadership is relatively well-grounded,"" South Korean intelligence committee chairman Kwon Young-se said Tuesday in an interview with CNN. ""But at the same time, Kim Jong Un is still very young and has only gone through a short period of time for grooming as an heir. Also, Kim Jong Il died all of a sudden without having been able to fully accelerate the process of the succession. Depending on the balance between the new people that support Kim Jong Un and the older generation that upheld Kim Jong Il, things may not necessarily go smoothly within the leadership,"" he said."
f7ef47b6d6d9963c4801bb0c472629238a38740b,IQ,{'IQ': 12},"Baghdad (CNN) -- At least 16 people were killed and dozens were injured in attacks across Iraq Monday amid an apparent uptick in sectarian tensions. Most of the attacks targeted Shiites, including bomb blasts that injured pilgrims traveling to shrines just days before a religious celebration. Four Shia pilgrims were killed and six were injured when a car bomb exploded in Baghdad's Karrada district, Iraq's Interior Ministry said. Read more: One year later, Iraq war's legacy remains unclear . And four Shia pilgrims were injured when three car bombs exploded simultaneously in the town of Balad Rouz, said Muthana Altimimi, head of the security and defense committee in Diyala province. Thursday will mark 40 days after Ashura, which commemorates the death of the Prophet Mohammed's grandson. Shiite pilgrims often mark the occasion by traveling to shrines. Violence also erupted outside Baghdad. Seven people were killed and four were injured after their houses were bombed in the city of Mussyab, about 80 kilometers (50 miles) south of the Iraqi capital, the Interior Ministry said. It was unclear who was responsible for the blast or why the houses were targeted. Monday's attacks come amid rising sectarian tensions, as tens of thousands of Sunni demonstrators nationwide protest what they say is second-class treatment by Iraq's Shiite-led government. Sunnis largely boycotted Iraq's 2005 elections, leading to the emergence of a Shiite-led government. The move left the once-ruling minority disaffected, which contributed to years of bloody insurgency and sectarian warfare. Read more: Clashes erupt at Iraqi protest as sectarian tensions flare . The arrest of a group of bodyguards for Iraq's Sunni finance minister fueled a surge in protests last week in Ramadi, about 110 kilometers (70 miles) west of Baghdad, and in several other Iraqi cities. At least five people were injured Sunday when bodyguards for a top Iraqi official opened fire on stone-throwing Sunni demonstrators, the country's Interior Ministry said. The clashes broke out after Deputy Prime Minister Saleh al-Mutlaq, who is Sunni, arrived to address crowds protesting in a plaza in Ramadi. In the wake of the protests, Prime Minister Nuri al-Maliki has defended his government. ""Nobody in Iraq has privilege over others,"" he said Friday, calling for increased dialogue. ""When we want to express an opinion, we have to do it in a civilized, humane and patriotic manner,"" he said. ""It is not expected to express your opinion by cutting off roads, steering strife and sectarianism, fighting, bragging about wars and dividing Iraq."" CNN's Yousuf Basil and Catherine E. Shoichet contributed to this report from Atlanta."
e439517292eaeab7ffead2af6ba826017b2d2f61,CU,{'CU': 2},"Atlanta (CNN) -- Former U.S. President Jimmy Carter and his wife, Rosalynn, will travel Monday to Havana, Cuba, for a visit at the invitation of the Cuban government, the Carter Center announced Friday. During the trip, which will last through Wednesday, they will meet with high-level officials of the communist regime, including President Raul Castro, and other Cuban citizens ""to learn about new economic policies and the upcoming Party Congress, and to discuss ways to improve U.S.-Cuba relations,"" the Atlanta, Georgia-based center said in a written statement. The trip is being undertaken as a private, nongovernmental mission under the auspices of the not-for-profit Carter Center. Carter last visited the island in May 2002, becoming the first former or sitting U.S. president to travel to Cuba since 1928. In a speech broadcast live on Cuban radio and television, Carter, speaking in Spanish, called on the United States to end its ""ineffective 43-year-old economic embargo"" on the island. He also called on then-President Fidel Castro to hold free elections, improve human rights, and allow greater civil liberties. ""Analysts said it was the first time in 43 years that citizens had heard any public criticism of the Cuban government, much less direct condemnation of human rights violations,"" Carter wrote in his report from the trip, referring to the time since Castro had been in power. ""I anticipated President Castro would be upset, but he greeted me after the session."""
4d0dc17c4ad398906ac103f476d9355f169a7d87,US,"{'US': 5, 'AU': 1, 'BS': 1}","(CNN) -- New York's famous skyline may be getting a new addition: Wind turbines. New York Mayor Michael Bloomberg says he wants to generate alternative energy for the city. New York Mayor Michael Bloomberg announced plans to generate power from skyscraper-mounted turbines and offshore wind farms as part of an ambitious alternative-energy program. During a Tuesday night speech at an energy conference in Las Vegas, Nevada, Bloomberg vowed to ""kick alternative energy production into high gear in the Big Apple."" Bloomberg said the city is already asking companies with strong track records in producing renewable energy for ""their best ideas for creating both small- and large-scale projects serving New Yorkers."" He was not specific about which of the city's skyscrapers or bridges would be candidates for turbines, but aides said some companies are experimenting with smaller turbine models that could be made to appear part of the design, reducing potential changes to the city's famous skyline. For offshore locations, city aides told CNN the city is looking at the windy coast off Queens, Brooklyn and Long Island for turbines that could generate 10 percent of the city's electricity needs within 10 years. Bloomberg said he would also ask investors and private companies to study how these technologies can be built and integrated into the city's fabric. ""When it comes to producing clean power, we're determined to make New York the No. 1 city in the nation,"" he said.  Watch Bloomberg outline his alternative energy hope for New York » . But he said the alternative power projects that are now on the drawing board ""won't produce their first kilowatts of electricity for many years."""
cf9840f55e863768468593d034a8d2e8b60f2a3c,GB,"{'IE': 4, 'GB': 6, 'IT': 3, 'FR': 2}","Ireland kept alive their Six Nations championship hopes with a narrow 21-18 win over Scotland at Murrayfield Sunday. It leaves them with two wins against one defeat but they owed victory to veteran fly-half Ronan O'Gara, who scored 11 points with a try and three conversions. Recalled to the starting XV to claim his 106th cap, the 33-year-old Munster star inspired the Irish, who also scored first half tries through Jamie Heaslip and Eoin Reddan. Scotland kept in the game thanks to the boot of Chris Paterson, who kicked five penalties and a Dan Parks drop goal, but they have now suffered three defeats and are battling Italy for the wooden spoon. On Saturday, England beat France 17-8 to stay on course for the grand slam with three straight wins and six points, while Wales edged Italy 24-16 in Rome. The win seed Ireland join France and Wales on four points, while Scotland are now staring down the barrel of a likely wooden spoon showdown with Italy having lost three in a row. First half tries from Heaslip and Reddan, both converted by O'Gara, always kept their noses in front, despite Paterson's usual metronomic kicking. When O'Gara  went over under the posts for his try, which he converted, the visitors led 21-9, but two more penalties from Paterson after the drop goal from Parks set up a nervy finish as Andy Robinson's men scented a late comeback. But the Irish withstood a late onslaught and O'Gara was delighted. ""It was very tight, but that has been our tournament so far with just one score difference in all three matches,"" he told AFP. Ireland next face Wales in Cardiff in two weeks time before entertaining England in Dublin in a match which could decide the championship and the grand slam."
3a00cfd7ef02b9e00ca88fc42ce732fae239c419,US,{'US': 1},"(CNN) -- A Massachusetts grand jury has indicted a 98-year-old woman, accused of strangling her 100-year-old nursing-home roommate, on a second-degree murder charge. Prosecutors say Laura Lundquist killed centenarian Elizabeth Barrow, a resident of Brandon Woods Nursing Home in Dartmouth, after the two women had an argument over a table Lundquist had placed at the foot of Barrow's bed. Barrow was found dead September 24 with a plastic shopping bag tied loosely around her head, according the Bristol County district attorney's office. An autopsy indicated Barrow had been strangled. Barrow complained that the table obstructed her path to the bathroom, authorities said. When a nurse's aide moved it, Lundquist punched the aide and grumbled that her roommate ""might as well have the whole room,"" prosecutors said. District Attorney C. Samuel Sutter said Barrow repeatedly complained that Lundquist was making her life ""a living hell"" in the weeks leading up to the woman's death, and that Lundquist remarked that she would outlive her roommate. A nursing home spokesman said the facility twice presented Barrow with the chance to change either rooms or roommates, but she declined each time. He compared the pair to ""sisters,"" saying they took ""daily walks together ... ate lunch together every day, and were heard at night saying, 'Good night, I love you,' to each other."" Lundquist's attorney, Carl Levin, contends his client was not involved in Barrow's death, saying, ""We maintain her innocence."" A superior court judge granted a motion to send Lundquist to a state hospital for a competency evaluation. An arraignment will be held only if Lundquist is found competent to stand trial."
a89edbfe9c26f5f423d9448eda6e1e9bcb4dabf0,AF,"{'AF': 1, 'GB': 1, 'DE': 1}","(CNN) -- ""Call of Duty: Modern Warfare 3"" continues the franchise's tradition of high action, detailed fighting and a highly competitive multiplayer mode while still trying to let players play the way they want. The latest in the wildly successful series hits all the right notes in both its cinematic single-player campaign and its intense multiplayer mode. They also bring back the ""Special Ops"" mode from ""Modern Warfare 2,"" combining the best of both. The single-player campaign, while short, takes you hopping around the globe to major cities in the world's most powerful countries. Instead of battling in traditional hotspots (i.e., locales like Afghanistan), the story puts the player in Manhattan, London and Berlin to name a few. Each city is richly detailed and the combat, against opponents run by a smart artificial-intelligence program, is intense. The pacing from city to city varies based on mission and storyline presented in each location. One city will be frantic while another city might be a bit slower. But all are engaging. There are some unexpected, and tragic, moments played out in the single-player campaign's story. But they combine to bring the ""Modern Warfare"" story to a satisfying end. I wish it would have lasted longer, but the plot flowed nicely. The ""Special Ops"" mode takes the intense AI from the single-player game and adds elements that are usually found in multiplayer action. Creative strategist Robert Bowling said the development team wanted to give people who normally only tackle the single-player campaign the opportunity to experience some of the rewards only found during online multiplayer play. ""We noticed there were a lot of experiences that you were missing out on if you only played single player or, vice versa, you only played multiplayer,"" Bowling said. ""We wanted to find a platform that allowed the type of player from each of those to have those shared experiences rather than missing out because it wasn't their style of play."" Sixteen missions tie in to the campaign. Along the way, players earn credit for achievements like kill streaks and customizing weapons. There's a progressive ranking system that lets even the most ""lone wolf"" player climb up the leaderboard. The Survival mode is particularly grueling, with wave after wave of opponents coming after you. The core of the multiplayer action stays pretty true to the franchise's roots. Huge battles, lots of action and an experience-point system keep players involved and interested. Most of the modes remain the same with one new additional mode. Collecting tags from dead bodies adds a cool twist to straightforward killing of an opponent and actually promotes teamwork, something that's lacking from time to time in multiplayer action. There are 16 new maps to set the scene of your victories. Bowling said there are 30 million players who have played ""Call of Duty"" online and a new Elite program will help provide stats, tips and bring together the franchise community without dividing them among consoles. He also tweeted on Day One that the game's makers have already had to ban gamers from leaderboards -- and from playing altogether -- for trying to play unfairly or artificially boost their rankings. While the multiplayer mode hasn't changed much, it never really needed to. The ""Modern Warfare"" franchise has a great track record of addictive online play that remains enjoyable and exciting. Fast and furious multiplayer action, a cinematic single-player campaign and a Special Ops mode offering the experience of both takes ""Call of Duty: Modern Warfare 3"" to the top of the class. At least until the next one comes out. ""Call of Duty: Modern Warfare 3"" is available now for the PC, PlayStation 3 and Xbox 360. It is rated M for mature due to blood and gore, drug references, intense violence and strong language. This review was done using the Xbox 360 version."
0722eb694b993eb3731c1237ac89ce09aa46948c,US,{'US': 1},"(CNN) -- Time is running out for congressional Republicans and President Barack Obama to strike a deal to avert the fiscal cliff. If the two parties can't come to an agreement before the end of the year, a combination of broad tax hikes and deep government spending cuts take effect . Experts warn of a new recession if Washington goes over the fiscal cliff. Here's a by-the-numbers look at the fiscal cliff and its impact: . The current situation: . $16.3 trillion -- The amount of the current national debt. 71% -- The percentage of every tax dollar going to support Medicare, Medicaid, Social Security and interest on the debt. 2026 -- The year that all federal tax revenue could potentially go to supporting Medicare, Medicaid, Social Security and interest on the debt, unless changes are made. Fiscal cliff talks still hung up on taxes . What the fiscal cliff will do: . January 2, 2013 -- The date that automatic tax increases and spending cuts will go into effect, unless a deal is reached. $7 trillion -- The total amount of tax increases and spending cuts included in the fiscal cliff, spread out over the next 10 years. $1.2 trillion -- The amount of deficit reduction possible over the next 10 years, with the fiscal cliff's spending cuts and tax increases. Democratic source: GOP calling for permanent extension of cuts for wealthiest 2% . $55 billion -- The amount expected to be cut from non-defense spending in 2013. This includes education, aviation safety and other programs. $55 billion -- The amount the Department of Defense will have to cut from discretionary spending in 2013. $500 billion -- The amount the Department of Defense faces in potential cuts over 10 years. Mother with autistic son worried what fiscal cliff could do to her family . 90% -- The percentage of Americans who will pay more taxes in 2013, if a deal on the fiscal cliff isn't reached. $2,000 -- Amount the Tax Policy Center estimates that middle class families will have to pay in additional taxes in 2013, if a deal isn't reached. Proposals: . $1.4 trillion -- The amount the White House has proposed in new tax revenues, to reduce the deficit. $800 billion -- The amount that the GOP has proposed to reduce the deficit, by enacting tax reform and eliminating some deductions and loopholes. Polls: . 49% -- The percentage of people polled who approve of President Barack Obama's handling of the fiscal cliff negotiations. 25% -- The percentage of people polled who approve of House Speaker John Boehner's handling of the fiscal cliff negotiations. Polls show Obama has more public support in fiscal cliff talks . 42% -- The percentage of people polled who disapprove of President Barack Obama's handling of the fiscal cliff negotiations. 49% -- The percentage of people polled who disapprove of House Speaker John Boehner's handling of the fiscal cliff negotiations."
83ec03c11cf4d31dff24833afddc32e9d98d78ee,,{},"(CNN) -- Last week, in a segment called ""Only in America"" on CNN's ""Piers Morgan Tonight,"" Piers Morgan begged Hollywood to end its love affair with the 1980s. He expressed his disappointment in the fact that not only did ""21 Jump Street"" earn $35 million at the box office opening weekend, but a sequel is already in the works. Referring to Hollywood's vision as ""backward,"" Morgan said that the movie industry relies too heavily upon familiar characters and plot lines in order to tap into that ""quaint nostalgia factor... that drives all Republican candidates to try and prove they're the most like Ronald Reagan."" Morgan predicted that if the trend didn't stop soon, in 30 years he'd be forced to endure ""Jersey Shore: The Movie"" or ""Growing Pains"" in 3D. But what about the people who grew up in the '80s and watched movies and TV shows about the '50s and '60s, such as ""Stand by Me"" and ""The Wonder Years""? Piper Weiss, editor at Yahoo! Shine, told CNN that '80s movies waxed nostalgic about the '50s ""because the directors then grew up in the '50s and were starting to come of age and have real power in Hollywood."" Today, history is repeating itself. Now the people who grew up in the '80s are the Hollywood heavyweights green lighting projects. ""If you were a young, naive child in the '80s like I was,"" said Weiss, ""you thought of Reagan and jellybeans when you thought of the '80s. You didn't really understand the things that you understand when you're an adult."" Weiss, 33, pointed out that people, like she, who were small children in the '80s were ""too young to know that there were good and bad things to pop culture"" because they hadn't reached that age of awareness yet, so as far as they were concerned, ""everything was super awesome."" Weiss suggested that maybe Morgan, whose 47th birthday is today, can't relate because he had already reached that ""awareness"" age by the '80s. ""We have such a fondness for it,"" said Weiss, ""but it's because that was a time of pure, unfiltered, uncynical enjoyment of pop culture."" Weiss suggested that her generation is coming of age in terms of power, whereas perhaps the generation ahead feels a little insecure. Remember, while a lot of '80s films were throwbacks to the 20-30 years before, the '90s and early 2000s were dotted with '70s remakes and re-imaginings, such as ""Boogie Nights,"" ""Almost Famous,"" ""Anchorman"" (By the way, Ron Burgundy's coming back -- a sequel was announced earlier this week) and TV's ""That '70s Show."" That generation wanted to distance itself from the '80s in a lot of ways, and people once again started wearing bell-bottoms and boot-cut jeans. Weiss, who noted that she's beginning to age out of the demographic that Hollywood is targeting, said it's easy to feel neglected. Sean Phillips, executive producer at Yahoo! Movies, agrees with Morgan and also thinks Hollywood needs to generate some new material. People ""go for the warm,"" but at the same time audiences have wised up, said Phillips, who noted that ""Footloose,"" for example, bombed at the box office. Phillips is also averse to Hollywood's turning old TV shows -- not just ""21 Jump Street"" -- into movies. He said that audiences may get excited when they see the poster, but for the most part it insults their intelligence. Phillips calls ""21 Jump Street"" a remake ""in name only."" It wouldn't necessarily be associated with the original TV series, save for the cameos. For one thing, the movie is a comedy; the series was a drama. It appears there are two camps on how to approach and appreciate remakes: Some want literal interpretations that serve as amped-up versions of the originals (e.g. ""Charlie's Angels""), and others prefer movies like ""21 Jump Street,"" which barely resemble their yesteryear counterparts. Weiss lsaid that for a remake to work it needs ""some sort of meta-element or link."" She said that, while she thought Hollywood butchered ""Arthur"" -- because Dudley Moore cannot be replaced -- she has high hopes for a potential ""Ghostbusters 3."" ""If you're gonna remake Ghostbusters, I would like not just for Bill Murray to have a cameo, I want him to be the star, along with Harold Ramis and Dan Ackroyd."" People shouldn't be afraid to ""watch people age in a remake,"" she said. There's also the issue of actually getting people to movie theaters. Familiar titles and warm-and-fuzzy memories can help sell tickets. Weiss noted that there's a corporate reasoning behind doing remakes well ""and not just making people buy tickets because they're suckers."" When ""Dirty Dancing"" got green-lighted for a remake, some diehard fans of the 1987 Patrick Swayze/Jennifer Grey classic firmly objected. But their pain may have been alleviated by the fact that Kenny Ortega, who choreographed the original, is directing the new version. The film industry is relying on so-called name brands in order to get an older demographic that might not be as willing to part with its money for movie tickets. It also serves as a nice was to clue in younger generations about the past. ""It's kind of fun to have a reason to introduce our pop culture past to kids today and make them more media-literate in terms of how their stuff has been influenced by the stuff we grew up with,"" Weiss said. Weiss pointed out that ""21 Jump Street,"" ""Arthur"" and ""The A-Team"" are more like ""one-offs"" designed to introduce a slicker version of the same old brand. The trend can be found in fashion as well. T-shirts with '80s fonts are big, as is neon -- lipstick, shoes, handbags, Katy Perry's hair; even fluorescent household appliances are flying off store shelves. Another reason why the '80s is coming back is because the era was so hi-tech, comparatively. ""Movies went from low-budget auteur to big blockbusters,"" said Weiss, ""and that coincides with where we're at now, as depressing as that sounds. We're almost like the Super '80s. ... We're what Max Headroom dreamed things would be like. It's almost like we're in an '80s do-over with new and improved fantasy technology."" Watch Piers Morgan Tonight weeknights 9 p.m. ET. For the latest from Piers Morgan click here."
985db7a460a9ce86e1f1729da2cea92fd9ada7ca,IT,"{'IT': 1, 'HR': 1, 'JP': 1, 'ES': 1, 'AT': 1}","(CNN) -- Veteran Tommy Haas described his fourth round victory over world No. 1 Novak Djokovic at the Miami Masters as ""one of the best wins of my career"". The German, who reached No. 2 in the world rankings in 2002, kept his cool to become only the second player this year to beat double defending champion Djokovic in an ATP Tour event. The 6-2 6-4 triumph was Haas' third win over six-time grand slam winner Djokovic in seven career meetings and his first win against a top-ranked player since he beat Andre Agassi in 1999. ""I'm just really happy and proud of that tonight, against such a great player who has been dominating the sport the past couple of years, I really took advantage of the opportunities I've gotten,"" the 34-year-old German told the tournament's official website. ""I think I played extremely well. He gave me a lot of looks, and I took advantage of it."" ""These are the moments I appreciate the most, going on those big stadiums, big stages, playing against the best people in the world. Playing against someone like Novak and coming out on top at this time of my career, it's unbelievable."" Djokovic was magnanimous in defeat, praising his opponent while also admitting he was well below his own exceptionally high standards. ""All the credit to him,"" said the Serb, who also lost to Juan Martin del Potro at the recent Indian Wells Masters event. ""He played a great match and he was the better player, no question about it. ""The results show everything. As far as I'm concerned, it's definitely the worst match I have played in a long time."" Haas advanced to play French 11th seed Gilles Simon, in what is the first all-European quarterfinal line-up in the event's history. Djokovic's defeat means second seed Andy Murray is the highest-ranked player left in the draw. The 2012 U.S. Open champion breezed beyond Italy's Andreas Seppi to set up a last-eight meeting with Croatia's Marin Cilic, who upset fifth seed Jo-Wilfried Tsonga. No. 3 David Ferrer won in straight-sets against Japan's Kei Nishikori, cruising to a 6-4 6-2 success. Spain's Ferrer will play Austria's Juergen Melzer for a place in the semifinals. The quarterfinal line-up is completed by fourth seed Tomas Berdych and Frenchman Richard Gasquet, who defeated Sam Querrey and Nicolas Almagro respectively."
d031734ef6e1a8f2cea5303f4246878b2452efc8,US,{'US': 4},"Los Angeles, California (CNN) -- A California fertility doctor implanted a dozen embryos in Nadya Suleman, resulting in ""an unsafe octuplet delivery"" last year, a lawyer for the state's medical board said Monday. Dr. Michael Kamrava, the fertility doctor who treated Suleman beginning in 1997, appeared before an administrative law judge Monday for a hearing that could lead to the loss of his medical license. Kamrava ""will say she demanded all 12 embryos and, because it was the weekend, he did not know what to do,"" said California Deputy Attorney General Judith Alvarado. ""But he knew it was unsafe."" Suleman -- known in the media as ""Octomom"" -- was 33 years old when she gave birth to eight babies in January 2009. She was a single woman who already had six young children conceived through in-vitro fertilization administered by Kamrava. She still has 29 frozen embryos in storage available for her use should she want more children, according to a witness who testified Monday. His lawyer argued that Kamrava has been ""a respected, excellent physician and surgeon for 25 years,"" but that he ""ran into sort of a perfect storm with one of his patients."" Dr. Victor Fujimoto, an expert witness called by the medical board on Monday, testified that Suleman apparently asked Kamrava to implant a dozen embryos in July 2008. ""As I understand, she requested it,"" Fujimoto said. When Alvarado asked him if it is not a doctor's responsibility to protect a patient from themselves, he answered ""Sometimes."" The Medical Board of California's complaint said the doctor should have referred Suleman to a mental health physician after she repeatedly returned to him for treatments shortly after each of her pregnancies. ""The whole series of contacts raise red flags with the stability of the patient herself and the overall intent of the patient,"" said Fujimoto. Kamrava was expelled from the American Society for Reproductive Medicine last year for what the fertility medical society called ""a pattern of behavior that violated the group's standards."" The society recommends implanting no more than two embryos for women under 35 years old and no more than five for women over 40 -- who have more trouble getting pregnant -- according to guidelines published on its website. ""Because of what's happened, he does now adhere strictly to these guidelines,"" defense lawyer Henry Fenton told the judge Monday. Fujimoto testified that Kamrava's implantation of 12 embryos in July 2008 was ""gross negligence."" ""I cannot imagine any colleague of mine transferring that many,"" he said . Giving birth to extreme multiples comes with tremendous risks for the mother and the babies, including ""complications with pregnancy, prematurity and long-term consequences of that."" Suleman's children -- six boys and two girls born nine weeks premature -- all went home after an extended stay in the hospital. While there has been no indication any problems have emerged, ""we still don't know,"" Fujimoto said. Kamrava, an obstetrician/gynecologist in Beverly Hills, California, is accused of gross negligence and repeated negligent acts in the treatment of a patient named in the medical board complaint only by her initials, N.S. Suleman has identified Kamrava as her doctor in interviews. He is also accused of negligence in another case in which a patient developed a ""quadruplet pregnancy that was rocked with complications,"" according to the medical board."
f349e34e561e0887fcc47c35c2a613b4d16a6e61,CN,"{'CN': 10, 'RU': 6}","Beijing (CNN) -- Russia's Prime Minister Vladimir Putin arrived in Beijing Tuesday, kicking off a two-day visit to China, his first state visit since announcing his intention to contest the Russian presidency next March. Aside from meeting his counterpart Chinese premier Wen Jiabao in the 16th Regular Meeting between the two Prime Ministers, Putin will also meet with Chinese President Hu Jintao and other Chinese leaders. Talks are expected to include negotiations on a natural gas deal worth $1 trillion that has been stalled by disagreements over price. The deal would see Russia supply China with up to 68 billion cubic meters of gas every year. ""If the deal can be reached, the trade volume will increase significantly, and this will change the fact that the economic cooperation between the two countries lags behind the political cooperation,"" said Zhao Huasheng, director of the Center for Russia and Central Asia Studies at Fudan University. ""Together with cooperation in other economic fields, China and Russia will become real strategic partners in economic terms."" Putin's arrival in Beijing comes less than three weeks after he announced his bid to reclaim the Russian presidency next year. ""The fact that Putin may become next Russian president indeed adds some political color to this visit, and its impact on bilateral relation will definitely go beyond the impact of a regular state visit,"" Zhao said. ""The meeting to some extent will set the keynote for the China-Russia relation in future. It can be described as the start of China-Russia relation in 'new Putin era',"" he added. Experts say economic cooperation between the two countries will dominate the meeting agenda. ""Since this is mainly a meeting between the two premiers, this visit will be mainly about expanding the economic cooperation and improving trade structure,"" said Jiang Yi, vice director of Research Center for Russian Diplomacy at China Academy of Social Science, the country's top think tank. Recent years have seen a steady increase in trade volume between the two countries. According to the Chinese Ministry of Commerce, bilateral trade volume in the year to July increased by 37.4% to a record $42.2 billion compared to the previous year. The ministry forecasts that the bilateral trade volume will reach a new record in 2011, in excess of $70 billion. Among all the economic agendas, energy cooperation stands out as the main focus between Russia, a major energy exporter, and China, the world's biggest energy consumer, according to a 2010 report from the International Energy Agency. According to the Chinese Foreign Ministry, during Putin's visit, Chinese vice Premier Wang Qishan will hold an energy negotiation meeting with Russian Deputy Prime Minister Igor Sechin. ""Chinese-Russian energy cooperation is an important part of the two countries' strategic partnership,"" said Liu Weimin, spokesperson of Foreign Ministry, on Monday during a regular press conference. Putin brings with him to China a group of 160 business leaders, including the CEOs of Russian energy giants Gazprom, Rosneft and aluminum producer UC RUSAL."
98f25edd05432889bac05283bb4787f9baf77c32,IR,"{'IR': 9, 'FR': 1}","TEHRAN, Iran (CNN)  -- Iran has released a French academic from prison, though it's not clear when Clotilde Reiss can return home, French President Nicolas Sarkozy's office announced Sunday. French national Clotilde Reiss, right, and British embassy worker Hossein Rassam, far left, in court. Reiss, 24, is the second French woman facing charges as part of mass trials in Iran who was released on bond. French authorities are now demanding that Iran drop all charges against Reiss and Nazak Afshar -- an employee of the French embassy in Tehran who was released August 8, the statement from Sarkozy's office said. They were arrested in connection with protests after the June 12 presidential election. Reiss will stay at the French embassy in Tehran while she awaits her return to France, the statement said. She has spoken with her father and is good health and spirits, it said. Iranian media reported Reiss admitted to crimes in court Saturday in connection with protests after the presidential election, and asked for clemency. ""I shouldn't have participated in the illegal demonstration and shouldn't have sent the pictures, I am regretful,"" the semi-official Fars news agency has quoted her as saying. ""I apologize to the Iranian people and court and I hope the people and the court forgive me."" Human rights groups and Iran's opposition leaders have accused the government of forcing people to make such confessions. Iranian authorities arrested about 4,000 people amid protests against the controversial election, judiciary spokesman Ali Reza Jamshidi has said, according to the Iran Labor News Agency. He said 3,700 were released in the first week. But 100 defendants, including Afshar, Reiss, and an Iranian employee of the British embassy, appeared this month in Tehran's Revolutionary Court at a mass trial on charges related to recent post-election violence. Thousands of Iranians took to the streets to protest the official result of the vote -- the re-election of hardline President Mahmoud Ahmadinejad. The government said he won by a landslide, but his opponents accused officials of rigging the results. A crackdown by security forces followed, and at least 30 people died in the violence."
e263ad292a496e611dbdc17ad6b826c4a860caed,IR,"{'GB': 1, 'IR': 7, 'IL': 1, 'SA': 1, 'RU': 1, 'DE': 1, 'FR': 1, 'SY': 3, 'EG': 3, 'US': 2, 'CN': 1}","London (CNN) -- Significant progress was reportedly made last weekend in Geneva toward a landmark nuclear agreement with Iran. And, as talks concluded on November 10, U.S. Secretary of John Kerry announced that negotiations will start again on November 20. Despite the concerns of regional U.S. allies like Israel and Saudi Arabia, and also a significant number of legislators in the U.S. Congress, it is clear that the Obama administration is pushing strongly for deal as part of its wider Middle Eastern strategy. Indeed, Kerry has now spent more time negotiating with counterpart Iranian officials than any other U.S. high-level engagement for perhaps three decades. The seriousness of negotiations was emphasized by the fact that, as well as Kerry and his Iranian counterpart Mohammad Javad Zarif, foreign ministers from Russia, the United Kingdom, Germany and France, and the Chinese deputy foreign minister, came together. If agreement can be reached, an interim deal (potentially setting the ground for a later comprehensive agreement) would reportedly see Iran's nuclear capacity capped for six months and opened up to U.N. inspections. In exchange, Iran would be given limited, sequenced relief from sanctions. Remaining disagreements reportedly include the status of the Arak heavy-water reactor, and production of highly enriched uranium -- both processes, that can potentially be used to produce nuclear weapons. A second problem to resolve is how to handle the existing Iranian stockpile of uranium that Iran enriched to 20%. IAEA signs cooperation deal with Tehran . Progress in nuclear diplomacy with Iran, combined with continued uncertainty in Syria and Egypt, has refocused Washington's attention towards the Middle East in a manner unanticipated by Obama only a few months ago. In addition to Syria and Egypt, the administration has spent significant political capital resuming Israeli-Palestinian peace talks. The urgency of U.S. focus there reflects growing international conviction that, 20 years after the Oslo Process began, the ""window of opportunity"" for securing a two-state solution may be receding. Intensified U.S. focus on the Middle East has accentuated a shift, common to many recent re-elected presidents, of increased focus on foreign policy in second terms of office. In part, this reflects the fact that presidents often see foreign policy as key to the legacy they wish to build. For instance, after the 2001 terrorist attacks, George W. Bush sought to spread his freedom agenda across the Middle East. Bill Clinton also devoted significant time to trying to secure a comprehensive Israeli-Palestinian peace deal. As important as an Iran nuclear agreement might prove to be, the Middle East is one of only two regions in which Obama is looking for legacy. Since he was elected in 2008, Asia in general, and China in particular, has assumed greater importance in U.S. policy. To this end, Obama is seeking to continue the so-called pivot towards Asia-Pacific through landmark initiatives like the Trans-Pacific Partnership. Key threats, however, remain on the horizon to securing this re-orientation. These include a dramatic, sustained escalation of tension in the Middle East (perhaps in Syria or Egypt); and/or the remaining possibility of further terrorist attacks on the U.S. homeland. As well as legacy-building, the likelihood of Obama concentrating more on foreign policy also reflects domestic U.S. politics. Particularly the intense polarization and gridlock of Washington. Since re-election, Obama has achieved little domestic policy success. His gun control bill was defeated, immigration reform faces significant opposition in the Republican-controlled House of Representatives, and the prospect of a long-term federal budgetary ""grand bargain"" with Congress looks unlikely. Moreover, implementation of his landmark healthcare initiative has been botched. Many re-elected presidents in the post-war era have, like Obama, found it difficult to acquire domestic policy momentum. In part, this is because the party of re-elected presidents, as with the Democrats now, often hold a weaker position in Congress. Thus Dwight Eisenhower in 1956, Richard Nixon in 1972, and Bill Clinton in 1996 were all re-elected alongside Congresses where both the House and Senate were controlled by their partisan opponents. Another factor encouraging foreign policy focus in second terms is the fact that re-elected presidents have often been impacted by domestic scandals in recent decades. Thus, Watergate ended the Nixon administration in 1974, Iran-Contra badly damaged the Reagan White House, and the Lewinsky scandal led to Clinton being impeached. Since Obama's re-election, a series of problems have hit the administration. These include revelations that the Internal Revenue Service targeted some conservative groups for special scrutiny; and the Department of Justice's secret subpoenaing of private phone records of several Associated Press reporters and editors in the wake of a terrorist plot leak. Even if Obama escapes further significant problems, he will not be able to avoid the ""lame-duck"" factor. That is, as a president cannot seek more than two terms, political focus will refocus elsewhere, particularly after the November 2014 congressional ballots when the 2016 presidential election campaign kicks into gear. Taken overall, Iranian diplomatic progress and wider recent events in the Middle East are therefore likely to accentuate the incentives for Obama to place increasing emphasis on foreign policy -- which Congress has less latitude over -- in his remaining period of office. And, this shift is only likely to be reinforced if, as anticipated, the U.S. economic recovery continues to build up steam in 2014. The opinions expressed in this commentary are solely those of Andrew Hammond."
0de62bf0d6d620815917579fca44b813286fd55a,US,{'US': 1},"(CNN Student News) -- March 8, 2013 . Media Literacy Question of the Day . If you were a news producer, what might you include in a story that aims to encourage young people to pursue a career in science, technology, engineering or math? * . * . Know Your News -- The following questions relate to events that were covered this week on CNN Student News. Write your answers in the space provided. Click here for a PDF version of this Newsquiz. 1. In what U.S. state would you find the annual Iditarod race? * . * . 2. Citizen journalists were using social media to observe Sunday's elections in what African nation? * . * . 3. The theme for this year's Women's History Month honors women in what fields? * . * . 4. What kind of fish, the largest predatory one, was recently caught off the coast of Florida? * . * . 5. Which U.S. senator began a filibuster on the floor of the Senate on Wednesday that lasted into Thursday? * . * . 6. What economic indicator, calculated from the values of 30 major stocks, set new records this week? * . * . 7. Lauren Silberman is the first woman to try out for what professional sports league? * . * . 8. What country did Hugo Chavez, who died on Tuesday, lead? * . * . 9. A two-year-old girl recently became the first child to be ""functionally cured"" of what virus? * . * . 10. What country is the target of sanctions passed by the United Nations Security Council on Thursday? * . * ."
a8709dd51f6b36435af04da72912aaa3c00cf77f,GB,{'GB': 1},"(CNN) -- For most people, keeping fit involves an established exercise routine built around a regular weekly schedule. But what if your job involves large amounts of travel? Many people come back from trips away carrying extra pounds from disruption to regular exercise, as well as an increased tendency to overindulge on business dinners paid for on the company card. According to the World Health Organisation, lack of exercise not only impairs your waistline, but can also reduce energy and concentration levels -- the exact qualities that are required when conducting business abroad. Shani Anderson is a personal trainer and managing director of Anderson Fitness Consultants. The British former Olympian says that with the right foresight, it's possible to incorporate a healthy regime wherever and however you travel. 1) Don't treat business travel as a ""holiday"" from your health regime . There's a temptation to regard exercise as a means to looking good on holiday, rather than as an ongoing strategy for health and well-being. ""A lot of people diet or work out to go on holiday. And for me that's a problem, because you have short-term goals,"" says Anderson. ""You switch off when you reach the goal, and your body goes 'great, I'm done' - and in two weeks you're back the way you were before."" According to Anderson, this exemplifies the most common obstacle to keeping fit while traveling: Attitude. People tend to perceive trips away from home as in some way separate from the rest of their lives and that therefore the same rules no longer apply. 2) Prepare and do research . Before you travel, investigate the best locations for your preferred form of exercise. If you're into cycling, see if there's a local bike hire company nearby; if you're a jogger, plan the most scenic route to get the most of your new environment. Anderson's motto is ""plan, plan, plan."" She says that a common trap during hectic business trips is failing to schedule and prioritise your adapted exercise regime before you leave. ""It should be exactly the same process as planning a meeting. You put it in your diary. If you had a meeting at work you would have to be there, it's the same thing"" instructs Anderson. ""It's a mental battle more than anything else."" 3) Bring portable fitness equipment . Sometimes there simply won't be an opportunity to access a gym. If so, there is an extensive range of portable exercise equipment, from simple skip ropes to more sophisticated gadgets -- such as the magnetic tension mini-bike. For Anderson's money, the tiny TRX suspension system is hard to beat. ""It's basically using gravity against your ankle, it's a nice idea. It's completely portable. You can even put it in your handbag. I use it a lot."" 4) Don't overindulge at business dinners . There's no getting away from it -- maintaining a healthy diet during a business trip is a challenge. There's little or no opportunity to prepare your own meals and the most delicious eat-out options will rarely flatter your physique the following day. This, combined with a generous expenses card, is a recipe for disaster. Anderson, though, has a few simple tricks: . ""Instead of using calories, you look at your plate, and put your fist next to your carbohydrate section and it should be the same size,"" she says. ""The size and thickness of your palm is the amount of protein you can eat. So it would be the size of a chicken fillet or turkey."" Additionally, you can prevent yourself gorging out at the end of a long day by making sure you eat small amounts at regular intervals. 'It's all about not getting hungry. People starve themselves thinking it's going help, but it really doesn't, especially if you're travelling,"" explains Anderson. 5) Take advantage of hotel fitness services . Malcolm Hendry is general manager of London's prestigious Hotel 41. They have introduced a ""sports buddy"" program, whereby staff with particular sporting skills are teamed-up with guests keen to keep fit during their stay. ""It came along about seven years ago,"" he says. ""We had two guests that were very keen sports people. But they were single travellers -- and things like playing tennis and squash, you need another person to play with."" His hotel reflects a growing trend within the hospitality industry to provide high quality, bespoke fitness options. ""We think a bit more about the health and fitness of our guests than we did 30 years ago,"" he notes. ""We got a great gym and we got great relationships with local places... and I have about a dozen people on my team who play sports from golf, through horse riding, squash, tennis to cycling."" So, if Hendry has his way, trips abroad will no longer be occasions where you escape from exercise, but where you go especially to keep fit."
19f679cdd76bfcf9f16bdb93baa581a64736a6d3,IN,"{'IN': 11, 'GB': 2}","NEW DELHI, India (CNN) -- Police in India summarily execute prisoners, torture and threaten suspects and arrest people without reason, a leading rights group said Tuesday. Human Rights Watch says individial officers are not to blame for abuses. India's police have largely failed to evolve from the repressive forces they were designed to be under Britain's colonial regime, according to a new report by the U.S.-based Human Rights Watch. ""While 60 years later, much of India is in the process of rapid modernization, the police continue to use their old methods,"" the group said. Officials at the Federal Home Ministry -- which is responsible for the police -- offered no immediate comment. The report cited abuse and threats as a primary tactic for investigating crime and enforcing the law in India. It said the system rather than individual officers or commanders was partly to blame. ""The institutional culture of police practically discourages officers from acting otherwise, failing to give them the resources, training, ethical environment and encouragement to develop professional police tactics,"" it said. The Federal Home Ministry will study the report before responding, said R.K. Sharma, its deputy secretary dealing with human rights issues, but some former police officers agreed that the force had yet to modernize. Nikhil Kumar, former police commissioner of New Delhi and head of an association of retired officers from the Indian capital, charged that almost all Indian states had been reluctant to carry out police reforms. State chief ministers, he said, had rejected any moves aimed at granting greater autonomy to the police for fear it would loosen their control over the force. ""The police inherited a colonial legacy. In the last 60 years or so, they should have come out of it, but this hasn't happened. What has happened is that British masters have been replaced by Indian masters,"" Kumar remarked. The legal basis for much of India's state and federal police services is a law dating back to 1861, which was drafted in the wake of an 1857 uprising against British rule. India gained its independence from Britain in 1947. Kumar said a national police commission had recommended scrapping the 1861 law some 30 years ago, but said it had not been acted upon except for what he called ""small changes."" Top serving officers from Uttar Pradesh and Karnataka, states HRW used for its field research, refused comment on the report. ""I have to study it first,"" Karnataka police chief Ajay Kumar Singh said. Brij Lal, additional director general of police in Uttar Pradesh, gave the same response. Successive governments for decades have failed to deliver on promises to hold the police accountable for abuses and to build professional, rights-respecting police forces, HRW said. ""Colonial-era police laws enable state and local politicians to interfere routinely in police operations, sometimes directing police officers to drop investigations against people with political connections, including known criminals, and to harass or file false charges against political opponents,"" it added. Moreover, abysmal conditions for police officers also contribute to violations, the report noted. Low-ranking officers often work in difficult conditions and are required to be on-call 24 hours a day, every day, it said. ""They often lack necessary equipment, including vehicles, mobile phones, investigative tools and even paper on which to record complaints and make notes,"" the HRW said. The 118-page report, ""Broken System: Dysfunction, Abuse and Impunity in the Indian Police,"" is based on interviews with more than 80 police officers of varying ranks, 60 people who said they were victims of police abuse, and numerous discussions with experts and civil society activists. ""It's time for the government to stop talking about reform and fix the system,"" said Brad Adams, HRW's Asia director, in a statement."
208f7b5b982fea7d082a881e62d3179ea1104d46,CN,"{'US': 1, 'CN': 13, 'TW': 3}","Washington (CNN) -- On this day 100 years ago, troops in the city of Wuchang, in China's Hubei province, launched a coup against local authorities. The coup ignited a civil war that ended in the collapse of China's 2,200-year-old imperial system. When a republican government established itself in 1912, it designated October 10 as the national holiday. Even now, ""Ten-Ten Day"" remains the equivalent of the Fourth of July of the island of Taiwan and for many overseas Chinese communities. On the mainland, however, the Ten-Ten holiday has always been a more ambiguous affair, and so it remains on this centenary. The Los Angeles Times reported: ""The government held low-key celebrations Sunday marking the centennial anniversary of the revolution that ended thousands of years of imperial rule and set the stage for the birth of today's China. Chinese President Hu Jintao and other dignitaries gathered in Beijing's Great Hall of the People, under a giant portrait of Sun Yat-sen, the first president of the Republic of China -- the name still carried by modern-day Taiwan. Hu called for the peaceful reunification of China and Taiwan and reiterated his opposition to Taiwanese independence."" Beyond this political lecture, however, the anniversary was observed in remarkably muted style. A new museum opened in Wuhan. A historical movie was aired on state TV. Some events will be held in the hometown of Sun Yat-Sen, the revolution's moral leader and the first president of the Chinese republic. But there's nothing remotely on the scale of the 2010 Shanghai Expo, let alone the 2008 Olympics. And after all, that diffident approach should come as no surprise. Although the present government of China touts its nationalist credentials, it was born in rebellion -- not against imperial overlords, not against colonialist oppressors, not against Japanese invaders, but precisely against the inheritors of the republic established by the events of 1911: the Kuomintang party created by Sun Yat-Sen. The memory of 1911 is embarrassing in many other ways to the present government. 1911 was a revolution inspired by ideals of democracy and personal liberty. Those ideals are cynically disregarded -- or brutally suppressed -- by China's present government. 1911 was a revolution in defense of traditional Chinese culture against a foreign dynasty, Manchurians who had ruled in China since 1644. But who has done more damage to traditional Chinese culture than the regime in place since 1949? And not only to the bulldozed monuments of China, but to the country's inheritance of art and scholarship, reviled and massacred in the Cultural Revolution. A country ruled by people who took power by violence -- and now hold power by repression -- is not a country that dares look honestly at its past. A year ago, I had the opportunity to visit a museum of the Cultural Revolution in Guangdong province, one of only two such in the entire vastness of the country. It was an against-the-odds achievement that the museum could be built at all, but the price of building it was to tell the story in a way that focused almost exclusively on the victimization of some members of the Communist Party by other members. The authors of the museum bought the freedom to tell a portion of the story by suppressing all the rest. As for the other traumas of China's recent history -- including the terrible self-inflicted famine culminating in mass cannibalism that goes by the mocking name ""the Great Leap Forward"" -- they can only be whispered, if they are discussed at all. The man guilty of those terrible atrocities, Mao Tse-tung, still overlooks Beijing from a giant portrait over Tiananmen Square. So long as the leaders of China trace their power to Mao's legacy, that long will China be obliged to lie to itself about its history. ""The struggle of man against power is the struggle of memory against forgetting."" So wrote Milan Kundera about the communist regimes of central Europe. His words apply as aptly to the regime that governs our planet's most populous nation and most ancient continuing civilization. The opinions expressed in this commentary are solely those of David Frum."
27eb8d6d11d0fcfbcf9e74e087142ab78dca8c25,AR,"{'ES': 2, 'AR': 3}","(CNN) -- Bob and Mike Bryan kept U.S. hopes alive in their Davis Cup semifinal against Spain in Gijon on Saturday with a hard-fought victory over Marcel Granollers and Marc Lopez. The world No.1 pairing ran out 6-3, 3-6, 7-5, 7-5 winners to record their 20th Davis Cup win in three hours 38 minutes. The result means the match score is now 2-1 in the host's favor heading into Sunday's singles matches, and U.S. captain Jim Courier concedes his team face a daunting challenge against the defending champions. David Ferrer will play John Isner in the first reverse singles match with Nicolas Almagro taking on Sam Querrey in the second match, if required. ""Ferrer is such a warrior and a great competitor and John's going to have to play better than he did yesterday to stand a chance. He's a little bit more physically taxed than David is for sure,"" Courier said. Spain, who are without the injured Rafael Nadal, are bidding to reach a sixth final in 10 years. In the other semifinal, Argentina's hopes of winning a first Davis Cup suffered a setback in Buenos Aires as Tomas Berdych and Radek Stepanek of the Czech Republic beat Carlos Berlocq and Eduardo Schwank in the doubles match on Saturday. The Czech pair coasted to a 6-3 6-4 6-3 victory in two hours 37 minutes to stun the home crowd at the Parque Roca stadium. ""It's very loud in here and we knew that when we were coming to this place. It was always going to be like that so we concentrated only on our half of the court,"" Stepanek said. The Czechs, who are looking for a first win in the competition for 32 years, will take a 2-1 lead going into Sunday's deciding singles where Argentina will be without Juan Martin del Potro. Team captain Martin Jaite said the world No.8's niggling wrist injury has forced his withdrawal. Del Potro's replacement, Carlos Berlocq will face Berdych in the opening singles match, with Stepanek up against Juan Monaco in the second."
f79ec5e5f3beab95a30755e7fefed5bbc6540965,BR,{'BR': 1},"(CNN) -- Paris Saint-Germain completed the signing of Brazilian international defender Alex from Chelsea Friday on a two-and-a-half-year deal. The 29-year-old is re-united with PSG coach Carlo Ancelotti, who was in charge at Chelsea when they won the English Premier League and FA Cup double in 2010. He had fallen out of favor under Andre Villas-Boas and was also a target for fellow EPL side Queens Park Rangers, but chose the Parisian giants. ""I knew about PSG's immense stature and that made me want to come,"" Alex told the club's official website. ""For the past two months I've wanted to leave Chelsea and we finally opened talks with PSG. Everything went very well."" Alex has won 18 Brazil caps and was in their squad which claimed the 2007 Copa America, but he will be battling five other players, including club captain Mamadou Sakho, for places in central defense. ""I know him very well. He's a fantastic man and a fantastic player. He's a good investment for the team,"" said Ancelotti. Ancelotti, who took charge in December, also revealed that the Qatari-backed club had ruled out an immediate move for Manchester City striker Carlos Tevez. The Italian said they had been in discussions with Tevez and his connections but talks had broken down. ""We discussed a move with the player but there is ultimately no agreement,"" Ancelotti told the club website, but left the door open for a future deal. Meanwhile, Tevez's advisor Kia Joorabchian told British radio station TalkSport that it was likely the striker would stay at City until the summer. ""We've been in negotiations with three big clubs but I don't think they have reached the figures Manchester City want,"" Joorabchian claimed. Joorabchian also said he believed his player could end up at PSG next season. ""PSG want to build a long-term project and I think Carlos is six months too early for them. But there is a big chance he will go there in the summer,"" he added."
5fa863d7a1d945e6fcdc70b072b6af014e155e84,IL,"{'EG': 1, 'CA': 2, 'IL': 12, 'PS': 1}","(CNN) -- One week after leaving, my mom's words still echo in my ears: ""Leave Gaza now, please. Don't think about us. I have many things to worry about."" I entered Gaza on November 5 to help an American delegation there until the morning of November 11. My intention was to help the delegation and then have two full days with my family after the delegates left. But with tensions ratcheting up, my family in Gaza was fearful the Rafah crossing with Egypt would be closed and I would be stuck. To leave my extended family in such dangerous circumstances and return to my husband and three children in Canada was heartrending. But now it is worse. To see American-made Israeli fighter jets pounding Gaza just days after my departure is agony. I lost the argument for an extra two days with my family the moment I said I ""planned"" to spend those extra days with them. My sister-in-law, Wafa, pounced on the words: ""Nothing can be planned here. Gaza is not Canada. Everything is in the Israeli military's hands."" She was right. The Israeli government can undo plans and dreams in an instant. Looking into my mom's eyes, I felt cowardly to desert them. I hugged her and told her to stay safe. But deep in my heart I knew that there is no safety in Gaza. That was evident on Sunday when the Israeli military bombed the Dalou household and instantly decimated three generations of the family. Read related: Gaza's victims too young to understand, but not to die . The terrifying power of the Israeli military was already made clear at the beginning of the latest onslaught with the haunting photograph of a young BBC journalist grieving his dead infant. Israel claims to operate with pinpoint accuracy, but consistently kills a high proportion of civilians. In fact, the American delegation spoke to the grief-stricken father and mother of Ahmed Abu Daqqa, a young boy killed on November 8 while playing soccer outside his home. These Americans are important witnesses against the claim that Palestinians bear full culpability for this escalation. In fact, it was our children being killed, not the Israelis children. As I joined the American delegation for the long trip back to Cairo, I was riven with emotion. Usually, the American delegates would greet me with cheers, claps and smiles. This time there was silence, grim faces, tears and no words. Everyone was waiting to hear from me. ""I have been ordered to leave,"" I said, ""and I am frustrated and angry."" I burst into tears. Will I see my family again? I don't know. War is unpredictable as Israel's Prime Minister Benjamin Netanyahu and Minister of Defense Ehud Barak seem to have forgotten from their safe vantage points. What is unleashed today in the new Middle East is not the same as the wars Israel unleashed in the years since 1948. The Arab Spring means that the governments and people of the region are in much greater accord. The weak governments that looked the other way as Israel and the United States subjugated Palestinians have been replaced by governments that may yet assert Palestinian rights in ways that are not merely symbolic. West Bank Palestinians are now starting to confront the Israeli military in ways that the weak Palestinian Authority cannot stop as readily as it did four years ago during Operation Cast Lead. Read related: Rockets pound Israel, Gaza as Netanyahu alleges 'double war crime' As the situation deteriorates, it is vital to note that this war need not have occurred. A fragile truce had taken hold for 48 hours, notwithstanding Palestinian frustration over two separate incidents in the previous week when Palestinian youth were killed playing soccer. In the opinion of many Palestinians, Netanyahu planned this aggression. He wanted to be seen by the electorate as the man with the iron fist protecting Israelis in the south of Israel. Palestinians were in his way. Self-inflated analysts talk of ""mowing the grass"" to rein in Hamas and other groups. But that mowing is terrifying civilians and destroying their neighborhoods. What do they think will become of the traumatized children who endure such brutal attacks from the sky and sea? They will be no friends of Israel. No, Israel is proving once again that it has no interest in becoming part of the region. But Israel's actions have been largely the same for 64 years. The one period of brief hope in the 1990s proved fleeting because Israel failed to stop its illegal settlement activity and made clear to Palestinians its intent was not a Palestinian state in the West Bank, Gaza, and East Jerusalem but a series of disconnected cantons. Barak has pledged continued military action against Gaza and Netanyahu has stated he hopes Hamas and others ""got the message."" There is no doubt that his message of widespread death and destruction has been widely received by all Palestinians. I doubt, however, that the message will have the intended effect. Instead, the fury of having one's neighborhood battered by F-16s and shells will likely unite Palestinians against an outside power that has besieged Gaza since 2007 and controlled it since 1967. The inhumane blockade -- with approximately 80% of Palestinians reduced to receiving food aid as Israel counts our calories to allow for anemia and stunting but not outright starvation -- leads me to conclude that bleak days remain our lot. Yet there is one factor Netanyahu fails to grasp: The spirit and will of Palestinians -- from Rafah to Hebron to Jenin and the Palestinian refugee camps scattered throughout the Middle East -- to achieve our freedom and rights. We will not relinquish our legitimate rights any more than African Americans or black South Africans in the 1950s. We will be bombed and bullied by Israel and the U.S. Congress, but in the end we will still demand our rights. As long as my family walks the planet, we retain the right to one day walk back to our village of Beit Daras, a scant few miles from Gaza, and to live there with rights equal to our new neighbors. My grandmother, who is enduring this terrible onslaught, has an inalienable right, property deed in hand, to return to the village of her childhood -- as do her children, grandchildren and great-grandchildren."
0da77c1f367a7874bcf56f43671c15d607c02910,US,{'US': 2},"New York (CNN) -- A self-described ""ex-madam"" who claims she supplied fellow city comptroller candidate Eliot Spitzer with escorts several years ago is facing charges of illegally distributing prescription drugs, authorities said. Kristin Davis, 38, was arrested on Monday night and charged with selling Adderall, Xanax and other drugs. She's also accused of orchestrating the sale of approximately 180 oxycodone pills for cash. The candidate was released Tuesday on $100,000 bail, with a preliminary hearing scheduled for September 5. Prosecutors said she will have strict pretrial supervision. ""Prescription drug abuse is the fastest-growing drug problem in this country, resulting in more overdose deaths than heroin and cocaine combined, and this office has a zero tolerance policy towards anyone who helps to spread this plague at any level,"" Preet Bharara, Manhattan U.S. Attorney, said in a statement. Spitzer, Weiner and why New York is talking about sex . Davis is charged with four counts of distributing and possessing with intent to distribute a controlled substance. She faces a maximum sentence of 20 years in prison for each count, if convicted. Prosecutors allege that from 2009 through 2011 Davis bought ecstasy pills, Adderall pills and Xanax pills from an FBI cooperating witness at least once a month, paying hundreds of dollars for each purchase. She told the witness she provided these drugs to people at house parties, authorities say. An attorney for Davis was could not be immediately reached for comment. Davis' campaign manager, Andrew Miller, said he was aware of the arrest but couldn't provide any information. Has the road to redemption gotten shorter? Based on information from the FBI's witness, the FBI set up a sting operation from January through March of this year, in which Davis sold pills on three separate occasions to the witness, who she believed to be a drug dealer, the complaint states. Davis became synonymous with the prostitution scandal involving Spitzer, then serving as governor. She has no proof of her arranging escorts for Spitzer, but she did spend four months behind bars because of her business. Spitzer, a Democrat, resigned in 2008. A former hedge fund senior vice president, Davis is running as a Libertarian with a plan to legalize marijuana in New York City. CNN's Jesse Solomon and Mark Preston contributed to this report."
9f04ea940607bac72dec7bc0f6ca3f750a63f012,GB,"{'GB': 2, 'PS': 2, 'IL': 2}","LONDON, England (CNN) -- When the 10th London Palestine Film Festival opens this week, Londoners will have greater access to films made in the Palestinian territories than many people living in the region. Palestinian director Annemarie Jacir's first feature film, ""Salt of This Sea,"" premiered at Cannes Film Festival in 2008. Today, there is only one movie theater operating in the West Bank. Gaza has none. The ""Al Kasaba"" theater in Ramallah is the only formal film venue for a population of nearly 2.5 million in the West Bank. Due to travel restrictions it is virtually inaccessible to the one and one half million Palestinians residing in Gaza. It is estimated that about 80 percent of Palestinian children have never been to a movie theater, according to a report in The Christian Science Monitor. With this lack of distribution, and hardly any formal funding available, producing a film within the Palestinian territories is a tremendous challenge. Against the odds, the region's filmmakers completed three feature films and an estimated eight shorts in 2008 -- more than ever before. Local directors are determined to tell their stories and have adapted to cope with the region's difficult circumstances. Lack of cinematic infrastructure . One of the greatest obstacles filmmakers face is a lack of equipment and crews. According to industry experts, directors in the Palestinian territories have little hope of competing with international news media over the limited resources. ""Crews who can work for international news organizations at very high salaries don't want to work for independent film makers,"" says director and coordinator of the Shashat's Women's Film Festival, Alia Arasoughly. Are you interested in seeing more films made by Palestinian directors? Tell us below in the SoundOff box below . ""They don't want to rent their equipment out for a 10-hour shooting day, when they can rent it out for just two hours and triple the price to an international crew."" As a consequence of this, filmmakers are looking to local residents for production assistance. Annemarie Jacir's first feature film,""Salt of This Sea,"" which premiered last year at Cannes Film Festival, tells the story of an American woman who travels to Israel to visit the land where her grandfather lived before Palestinians were ejected in 1948. The film was shot with a crew consisting largely of novices assembled by the director, including a former ambulance driver, a jeweler and a radio DJ. ""There were always discussions with my producers, who preferred bringing more experienced professional people from Europe in, and I insisted that I'd rather have locals even if they're less experienced,"" Jacir told CNN. ""We're trying to build something in [the Palestinian territories], and when things got tough, because they believed in what we were doing, they stayed."" During the shoot Jacir's team also received unexpected support from members of the local community, who brought them food and drinks in between takes. ""We even had the entire Palestinian police force blocking traffic; going out of their way to help us,"" remembers Jacir. Restricted Mobility . A further complication faced by Jacir and her colleagues is the limitation on movement and access in the Palestinian territories. Since Israel's occupation of the West Bank and Gaza in 1967, Israeli authorities have imposed varying degrees of restriction on the movement of people in and out of the territories, according to human rights group, Amnesty International. In 2007, the year in which Jacir shot the majority of her film, Amnesty reported 84 manned checkpoints and 465 unmanned blockades within the West Bank alone. As a result of these security measures, which the Israelis say are necessary to secure their country from Palestinian attacks, the production of ""Salt of This Sea,"" a movie with over 80 shooting locations was logistically very complex. In order to shoot the road movie lawfully, Jacir and her crew had to apply for permission to leave Ramallah. ""Every single crew member was rejected. So, just purely getting through the checkpoints and the logistics of keeping a film crew together was an obstacle."" Obtaining shooting permission was equally problematic. Permits for various locations including Jaffa were refused repeatedly -- a hindrance which did not deter Jacir. ""In some cases we just filmed anyway. We put the actors in a real situation and we just did it guerrilla-style. That's how most Palestinian filmmakers are managing to do their work,"" she told CNN. A bright future? While drawbacks such as a lack of funding, a lack of resources, and restrictions of movement would dissuade directors in many other countries, members of the growing film community in the Palestinian territories are forging bonds over the difficulties. While Arasoughly and Jacir agree that it would be going too far to speak of a ""national cinema"" at this stage, they look to the future with great optimism. The novice crew members Jacir recruited to work on ""Salt of This Sea"" have continued to find work in filmmaking -- a fact Jacir believes indicates an industry is gradually starting to emerge. ""I think there's a wave coming -- a lot of new filmmakers, a lot of people making documentaries and more experimental films, working together,"" Jacir told CNN. Arasoughly, whose Shashat festival will enter its fifth year this fall, is equally hopeful. ""The fact that we, under the harshest of conditions in the Arab world, have been able to hold an annual women's film festival, and that hundreds of students come to our screenings means that people want their worlds to be expanded,"" she said. ""They want wider horizons, and I think for me, this is what makes it possible to go on in the context that we live in."""
0d57152704e6c219b806188221de965817ea420f,GB,"{'JM': 1, 'US': 5, 'CO': 1, 'GB': 6}","(CNN) -- Following the shootings at Fort Hood, Texas, in November 2009, the attempted car bomb in Times Square in May and a number of other domestic cases, including the recent arrest of a Somali-American teenager in Portland, Oregon, U.S. security agencies are sharply focused on the potential ""radicalization"" of American-Muslims and how to prevent it. Many look across the Atlantic to the experience of Britain. Following the July 2005 attacks on London's transport system, a ""counter-radicalization"" strategy known as Preventing Violent Extremism was introduced. Dubbed Prevent for short, the strategy aims to intervene in the dynamics of Muslim communities to win over hearts and minds and secure allegiance to Western liberal democracy. Prevent has two prongs. First, it seeks to sponsor moderate Muslim organizations to oppose ""the ideology of violent extremism"" (a British government phrase that is deliberately obscure) and promote accommodation with the West. Hundreds of millions of pounds of government funding have been made available to those willing to take on this task. Second, it seeks to profile individuals suspected of drifting toward ""radicalization,"" that is, the adoption of extremist ideas. Through an elaborate system of surveillance involving teachers and youth workers among others, would-be radicals are identified and given counseling, mentoring and religious instruction in an attempt to divert them from their extremist views. Many in Washington tout a Prevent-like program as an essential weapon in what they see as the ""war within,"" the next phase of America's War on Terror. Governments cannot wait, they argue, until terrorist ideas turn into terrorist actions; there has to be some form of intervention earlier in the process to discourage those ideas from circulating. And in a liberal society, where ideas themselves cannot easily be criminalized, something like Prevent is a viable and necessary alternative, they argue. With the U.S. government already dedicating vast resources to profiling would-be extremists and recruiting Muslim groups as homeland security partners, the building blocks of an American version of Prevent are already in place. But in Britain, the harm done by Prevent has far outweighed any advantages. I spent a year researching the effects of Prevent on England's Muslim communities. I got documents detailing the full extent of the surveillance involved and spoke to community leaders, grassroots activists, women and young people. There was overwhelming concern that the policy construed the entire British Muslim population -- roughly two million citizens -- as uniquely and collectively responsible for preventing terrorist incidents. That perception was graphically illustrated by Preventing Violent Extremism funding, which was allocated in direct proportion to the number of Muslims in each local authority area, counted according to the 2001 census (the first to include a question on religion). As it became clear that the program constructed Muslims as a suspect community, more and more of the government's Muslim community partners began to disengage. In addition, sponsoring moderates to promote the government's anti-extremist message meant, in practice, funding religious scholars and imams to advance an official interpretation of Islam. In this way, Prevent involved state intervention in theological debates about the true meaning of religion, a paradoxical violation of the very secular principles that Muslims were otherwise being exhorted to uphold. More generally, the government's search for moderate Muslims often seemed like a search for Muslims who agreed with it, which meant that ""moderate"" Muslims were quite hard to find. The vague language of ""moderate"" and ""extremist"" was easily exploited to silence nonconformist views, whether from an Islamist ideological viewpoint or simply individual opinions about Britain's foreign policy. This in turn undermined precisely the sort of radical democratic dissent that might have been helpful in winning people away from those who said democracy was pointless, particularly as teachers and youth workers were pressured to inform the police of young Muslims expressing radical views. The level of distrust and alienation that Prevent generated among British Muslim communities has by now become clear, leading to the recent announcement of a review of the policy by the new coalition government. But it remains to be seen whether policymakers in London and Washington will interpret Prevent's failures as resulting from the bad implementation of a fundamentally sound idea or as the inevitable product of the program's flawed assumptions. The underlying problem with the Prevent strategy is that it assumes that a democratic government can impose political or religious opinions on its own citizens. In the 21st century, such an approach is bound to backfire. Western governments are right to recognize that political legitimacy is a key asset in countering terrorism. After all, in the majority of cases since 9/11, including the recent Oregon arrest, the original intelligence has come from Muslim communities. But governments will find it easier to gain the allegiance of Muslims if they take democratic principles more seriously when it comes to criticism of their foreign policy and refrain from demonizing whole communities. If, on the other hand, they launch ideological campaigns against a minority among their own citizens, they inevitably conjure memories of the last century's witch hunts of communists and black nationalists. And then any hope of winning hearts and minds is lost. The opinions expressed in this commentary are solely those of Arun Kundnani."
e8823c4169e644d64c5fbafddb3cead0fdc484ae,CA,"{'CA': 2, 'FR': 1, 'DE': 1, 'GB': 1, 'IT': 1, 'JP': 1, 'RU': 1, 'IR': 1, 'KP': 1}","Toronto, Ontario (CNN) -- Police fired tear gas outside a prisoner processing center Sunday in Toronto where groups of people gathered to protest the arrest of G-20 demonstrators, a security spokeswoman said. A total of 604 people have been arrested since the protests broke out June 18, said Constable Tim Garland of the Ontario Provincial Police. At least 253 of those arrests came on Sunday, he said. Canadian Prime Minister Stephen Harper had harsh words for demonstrators who set at least four police cars ablaze and shattered several windows around the city during the weekend's protests. ""We obviously deplore the actions of a few thugs,"" Harper said at the conclusion of the G-20 summit. Some of the detained protesters were released Sunday from the prisoner processing center -- an old film studio converted to a makeshift jail amid the protests -- while others were being held for bail, Ontario Provincial Police Constable Rodney Petroski said. Some of those released emerged in their stocking feet, carrying a bag of their belongings and speaking about the conditions inside the center. Several detainees who had been arrested for ""breach of peace"" told CNN that they weren't given access to legal counsel and were denied blankets and frequent trips to the bathroom outside what they described as 6-foot by 9-foot makeshift cells. Elsewhere, mobs scuffled with police in multiple locations, according to Neda Snyder, a spokeswoman for the Integrated Security Unit. Of the Sunday arrests, 70 took place on one thoroughfare, Bancroft Avenue, she said. There were no reports of serious injuries to either protesters or police, according to the ISU, which said the safety of summit participants was never compromised. ""I do not believe that the individuals bent on vandalism and violence in our city have finished with their intent, so we will remain vigilant,"" Toronto Police Chief Bill Blair said Saturday night. Blair told reporters that packs of disruptive demonstrators infiltrated peaceful protests in order to cause chaos and distract police. ""These criminals rely on the anonymity of hiding in a larger group of the curious and the naive,"" he said. At least four police cars went up in flames and smoke during hours of confrontation, authorities said. Protesters left behind broken windows and graffiti. Blair said police used tear gas after warning a group of protesters ""engaged in acts of destruction"" Saturday. Not all encounters between police and protesters were hostile. At one intersection the crowd danced and chanted, ""You're sexy, you're cute, take off your riot suit!"" More aggressive groups of demonstrators moved from intersection to intersection, trying to circumvent police and get to the security fence protecting the summit meeting. ""The fence is a symbol that they can build a fence and spend a billion dollars on their agenda. The fence is a symbol of what's wrong with this country,"" protester Rolf Gerstenberger said. Authorities said the fence was not breached Saturday. Behind it, world leaders met for an economic summit focusing on recovery from the global financial crisis. Participants agreed on ambitious targets for getting deficits under control, pledging to cut them in half by 2013, according to a final statement made at the conclusion of the conference. This weekend's meetings come on the heels of the two-day G8 summit outside Toronto, where the leaders of the United States, Canada, France, Germany, Britain, Italy, Japan and Russia also focused on recovery from the global economic crisis. The group also made note of other thorny issues in their final statement issued Saturday, singling out Iran and North Korea for criticism. CNN's Jeanne Meserve, Ali Velshi, Rachel Streitfeld and Leslie Perrot contributed to this report."
069eb764fa0ed896043131caf1919d5fc5b4b70a,,{},"(CNN) -- Administrative Professionals Week is coming to a close, and though the term ""secretary"" is fraught with negative meaning for some, there have been stellar examples of efficiency, smarts and loyalty shown by administrative assistants both in real life and on the silver screen throughout the years. From Moneypenny to Holloway, these folks know how to get the job done. What does it take to be a great administrative assistant? Information, operations and human resources management, for a start. Take a look at the gallery above to view famous clerical standouts and their specialties."
4ee07108ccc9a6c5240db999191e84c637c50aaf,MX,"{'MX': 4, 'ET': 1, 'US': 2}","(CNN) -- An FBI webpage quoted an agent calling Mexico's drug cartels more violent than al Qaeda -- a comment sure to grab attention, but which doesn't tell the whole story, the agency said. On its website, the FBI was highlighting a special series of stories on law enforcement challenges along the Southwest border. The report includes a quote from an unidentified senior agent based in El Paso, Texas, who says, ""We think al Qaeda is bad, but they've got nothing on the cartels."" The controversial-sounding comment was just one of point of view that exists on the ground, the FBI said, explaining the remark. ""The quote is the opinion of one FBI agent who lives and works on border violence every day,"" said Special Agent Jason Pack, an FBI spokesman in Washington. ""The FBI does not believe the cartels are any more dangerous than al Qaeda."" According to the FBI report, ""Some areas on the Mexican side of the border are so violent they are reminiscent of the gangster era of Chicago in the 1930s or the heyday of the Mafia's Five Families in New York."" It cites the violent and ruthless tactics of the cartels, using as an example the case of a man known as El Pozolero -- the stew maker -- who is said to have dissolved hundreds of murder victims in acid. Mexico has seen other violent acts that are reminscent of al Qaeda tactics, including the severing of heads and videotaping of kidnap victims. But according to one analyst, comparing one to the other is apples and oranges. ""Obviously, it's a more complex issue than that,"" said Fred Burton, vice president of intelligence at Stratfor, a global intelligence company. ""Reading between the lines here, what they might be trying to say is that clearly the scope of the drug cartels from a geographic perspective is very robust,"" he said. The cartels are very brutal and violent, but they haven't hijacked planes, built complex improvised explosive devices or attacked U.S. vessels, as al Qaeda has, Burton said. The major drug trafficking cartels in Mexico do use terror, however, in their rivalries for smuggling routes to the United States market. In one recent sign of escalation, a device that authorities called a car bomb exploded in Ciudad Juarez, Mexico, killing four. However, Burton said, it wasn't clear whether it was a case of explosives packed into a car, or a carefully rigged car bomb in the true sense of the word, the type of fine deliniation that separates groups like al Qaeda and Mexican drug cartels."
2a035cb90d57e410a588ab2c0ef383569a5680f6,US,{'US': 2},"(CNN) -- A collection of rare ancient Greek coins which has been hidden away for two decades is expected to sell for millions of dollars when it goes up for auction in New York on Wednesday. The Prospero Collection features coins of historical and artistic importance, including one described by an expert as ""a masterpiece of ancient Greek art."" Assembled by a private collector over three decades, from 1960 to 1991, the treasure trove has remained untouched for the past 20 years. After so long out of the spotlight, the coins have attracted serious interest from potential buyers around the world and at recent viewings in the U.S. and the UK. Paul Hill, ancient Greek coin specialist at dealers A. H. Baldwin & Sons, the company behind the sale, said many of the coins were ""miniature works of art."" The most valuable item in the collection is a gold stater featuring the head of a bearded satyr and the figure of a winged griffin, which the auction catalog describes as ""without doubt the greatest ancient Greek gold coin."" Hill said the lot, ""a masterpiece of ancient Greek art,"" had a pre-sale estimate of $650,000 and may eventually go under the hammer for as much as $1 million. He said that while most of the lots were likely to sell to collectors, coins were increasingly being seen as an attractive investment, given the global financial crisis. ""They are of great artistic beauty and historical significance, which makes them more interesting than stocks or shares, and they are tangible and portable, compared to a big estate."" ""Such passion has gone into the collection, and it has been an important part of somebody's life for so long, that there is an element of sadness to see it split up,"" Hill told CNN. ""But it is lovely to see it published together now, for posterity, before it is 'recycled' and finds new homes with new collectors all over the world."" The Prospero Collection will be sold at auction at the Waldorf Astoria Hotel in New York on January 4, 2012."
539283c11817d23dcbc975c27b7ad2107bbd4d94,MM,"{'MM': 10, 'US': 3, 'MY': 2, 'CN': 1, 'LB': 1}","(CNN) -- Myanmar opposition leader Aung San Suu Kyi will stand trial Monday for an incident in which an American allegedly swam across a lake and stayed for two days in her closely guarded residence, where she is under house arrest. Officials in Myanmar say this self-portrait was found on John Yettaw's digital camera. The southeast Asian country's military junta rarely allows visitors to see Suu Kyi, and foreigners are not allowed overnight stays in local households. The government said the presence of the American, John William Yettaw, in the lakeside home violated the conditions of Suu Kyi's house arrest. Yettaw, was charged Thursday on two criminal counts -- entering the country illegally and staying at a resident's home without government permission, according to a spokesman for Suu Kyi's political party. Both charges carry a maximum sentence of five years in prison. Suu Kyi on Thursday was taken to a prison compound near Yangon , where authorities set up a special room for her until the trial, said Nyan Win, spokesman for her National League for Democracy party. The government detained her at the Insean Prison compound under Section 22 of the country's legal code, a law against subversion of government, Nyan Win said. If convicted, Suu Kyi could face three to five years in prison. U.S. Secretary of State Hillary Clinton called for the immediate release of Suu Kyi on Thursday. ""I am deeply troubled by the Burmese government's decision to charge Aung San Suu Kyi for a baseless crime,"" Clinton said at the State Department in Washington, referring to Myanmar by its former name of Burma.  Watch former U.S. president Jimmy Carter talk about Aung San Suu Kyi » . ""We oppose the regime's efforts to use this incident as a pretext to place further unjustified restrictions on her. We call on the Burmese authorities to release her immediately and unconditionally, along with her doctor and the more than 2,100 political prisoners currently being held."" The junta changed the nation's name, and changed the capitol's name from Rangoon to Yangon, when it seized control of the country. Political dissidents and nations including the United States have refused to acknowledge those changes and still use the old names. Clinton was speaking at a question-and-answer session with the visiting foreign minister of Malaysia, and Clinton said she was raising the issue of Suu Kyi's arrest with Malaysia and the other members of the Association of Southeast Asian Countries. She said the United States also will raise the issue with countries like China. The timing of her detention raised suspicion among Suu Kyi's supporters, who said the government's action Thursday is an excuse to extend her house arrest, set to expire this month. ""This is the cunning plan of the regime to put Daw Aung San Suu Kyi in continuous detention beyond the six years allowed by the law they used to justify the detention of her,"" said the U.S. Campaign for Burma, a pro-democracy group fighting for her release. ""Daw"" is an honorific. Rights group Amnesty International said the junta was reacting to a decision last year by the United Nations' Working Group on Arbitrary Detention that ruled her house arrest illegal both domestically and internationally. Suu Kyi's lawyer, U Kyi Win, blamed the Nobel Peace Prize laureate's prison detention on Yettaw. Some initial reports out of Myanmar spelled his name differently: Yeattaw. Local media said the 53-year-old former military serviceman from Falcon, Missouri, swam almost 2 miles across Inya Lake on May 3 and sneaked into Suu Kyi's home. Police maintain a round-the-clock presence outside the house, and swimming in the lake is forbidden. A neighbor of Yettaw's in Falcon, Mike Assell, described him as someone who was friendly but did not actively participate in community activities.  Watch Yettaw's neighbor describe him » . ""I think he wasn't really afraid to talk to folks, but he really was not outgoing and went out of his way to stop and talk too much,"" Assell said. ""He has his own -- I don't know if agenda's the right word -- he has his priorities and he is working toward those."" Public records yielded little about Yettaw, a father of seven. At one point, he owned a construction company. And he lost a 17-year-old son to a motorcycle wreck in Lebanon, Missouri, in 2007. Yettaw appeared in court Thursday along with Suu Kyi and two of her assistants, party spokesman Nyan Win said. A U.S. Embassy official met with Yettaw on Wednesday for three minutes, the first since his arrest. He appeared to be doing well, the embassy said. On Thursday, Myanmar officials were expected to charge Yettaw with immigration violations. But the charges had not been announced. Yettaw entered Suu Kyi's house once before, in 2008, the U.S. Campaign for Burma said. She refused to meet with him, and this time, she spoke to him only long enough to tell him to leave, it said. Reports from news outlets affiliated with the military junta said Yettaw confessed to the 2008 visit and said he had stayed for a longer period then. This time, the reports said, Yettaw met Suu Kyi's two housekeepers, a mother and daughter who are her only permitted companions. Yettaw, a diabetic, apparently told the women he was tired and hungry after his swim. They offered him food, the newspapers said. The housekeepers also were charged under Section 22 on Thursday. Yettaw was arrested while swimming away from the house. Authorities said he told officials he was visiting Yangon on a tourist visa and was staying at a hotel when he swam across the lake with a 5-liter water bottle, presumably to use as a float. Authorities found a U.S. passport, a backpack, a flashlight, a pair of folding pliers, a camera and money on him, local reports said. The Myanmar-language Web site tharkinwe.com published two photos that officials said they found on Yettaw's digital camera. One showed a middle-aged man posing in front of a mirror for a self-portrait. The other was a picture of a pair of feet with flippers on them. Assell, the neighbor, said the man in the picture was Yettaw. Suu Kyi's party said Yettaw's appearance at the house confirms security concerns the leader has voiced to the government. ""This is a political issue, not a criminal issue,"" said Nyan Win, the spokesman. ""She has done nothing wrong."" Suu Kyi, 63, rose to global prominence during protests in the country in 1988. She was first detained in 1989 and has been under house arrest for 13 of the past 19 years. In 1990, her party won the general elections, which the ruling military junta did not recognize. The following year, she won the Nobel Peace Prize. Myanmar's government has scheduled elections for next year that it says will lead the nation toward democracy. Human-rights organizations have said the vote will merely extend military rule in the nation. CNN's Katherine Wojtechi, Kocha Olarn, Saeed Ahmed and Geraldine McBride contributed to this report."
5627622c101d1256786eff78104317359c406263,US,{'US': 1},"Los Angeles, California (CNN) -- A porn actor, who was accused of killing a coworker with a sword, died after falling off a cliff Saturday when police used a stun gun to subdue him. Police said Stephen Clancy Hill attacked three coworkers with a samurai-style sword at the scene of a pornographic film shoot on Tuesday. One of the men later died. When police caught up with Hill on Saturday, he kept them at bay for eight hours atop a cliff in West Hills, said Officer Bruce Borihanh. To take Hill into custody, officers used their stun guns on him - at which point he fell, Borihanh said. Police said Hill jumped, but also added it was unclear what caused his death. On Tuesday night, West Valley police were called to a home on Hayvenhurst Avenue following reports of an assault with a deadly weapon. The home was being used to make pornographic films, but shoots had ended for the day. Authorities said Hill was at the house, socializing with some coworkers. Then, without provocation, Hill grabbed a sword -- typically used as a prop -- and attacked one of the men, police said. When two men tried to intervene, Hill attacked them too, police said. He then left the scene, and eluded police -- until they spotted him Saturday. CNN's Karan Olson contributed to this report ."
e1e7d4de4950a8b06da814ce478b9cb7e06465af,SY,"{'SY': 12, 'TR': 1}","(CNN) -- A mysterious blast ripped through a busy Turkish customs gate on the border with Syria on Monday, killing at least 13 people and wounding dozens, the Turkish government said. Deputy Prime Minister Bulent Arinc, chief spokesman for the government, said a minivan traveling from Syria to Turkey exploded. He declined to call it a terrorist attack, saying the investigation was still ongoing. ""The type of explosive could not be determined as of this time,"" Arinc said. ""In situations like this all possibilities are considered."" There is no question, however, that this was one of the deadliest blasts to hit Turkey in years. ""It's like hell. People are injured,"" said a Turkish smuggler who asked to use only the name Gokmen because of the illicit nature of his work. He said he was on the Syrian side of the sprawling border terminal when he heard the blast. Security Council condemns Syria's attack on Turkey . Amateur video of the explosion aftermath showed bystanders running amid scattered shrapnel, burned-out cars and ambulances, screaming in panic and pain. Bystanders carried a bleeding man from smoking wreckage near the traffic booths where Turkish border officials normally processed transiting cars and cargo trucks. Turkey and Syria: Why neither side wants war . ""My house is two kilometers (about a mile and a quarter) away from the border ... but the blast was powerful enough that we heard it,"" Mahmut Iri, the mayor of the Turkish border town of Cilvegozu, said in a phone call with CNN. Iri said the explosion hit the last Turkish border gate before Syrian territory. ""I know for a fact that two of the people who died were Turks,"" Iri added. Turkish president: ''Worst-case scenario' in Syria becoming reality . Syrian rebels first overran the Syrian border gate at Bab el Hawa last summer, flushing out government forces after days of fighting. Within several months, Turkey was allowing vehicles through the border gate to rebel-controlled Syria. Turkish officials have not yet commented on the cause of the deadly blast. Over the past 22 months, fighting has frequently spilled over Turkey's 900-kilometer (560-mile) border with Syria. In October, five Turkish civilians were killed when Syrian troops shelled the Turkish border town of Akcakale. And in June, Syrian anti-aircraft fire brought down a Turkish military reconnaissance jet over the Mediterranean Sea. When fighting erupts across the border, Turkish authorities periodically close schools that are close to Turkish territory. In recent months, the NATO military alliance has responded to a Turkish government request for assistance by deploying Patriot missile batteries around major cities close to the Syrian border. Hundreds of American, German and Dutch troops have been sent to Turkey to operate the Patriots, which the Turkish government says are designed to protect Turkey from the threat of Syrian ballistic missiles. On February 1, a suicide bomber attacked the entrance to the U.S. Embassy in Turkey's capital, Ankara, killing a Turkish guard and seriously wounding a Turkish journalist. A violent leftist group called the Revolutionary People's Liberation Party-Front, or DHKP-C, claimed responsibility for the attack. In a rambling online manifesto, the group said one of the reasons the U.S. Embassy was targeted was to stop what it called American imperialist plans to colonize Syria and Turkey. Fighting inside Syria . Meanwhile, Syrian rebels claimed to have captured Syria's largest man-made dam on Monday. ""The Free Army took control of the city of Tabqa and the Euphrates (Tabqa) Dam,"" the opposition Media Center in Tabqa announced in an online posting. Turkey to Syria: Don't send arms through our airspace . ""If clashes will happen, this will cause big damage and the whole area will drown and many places will lose electricity."" CNN could not independently confirm claims that the dam had been captured. The Syrian government did not respond to opposition claims that its forces had lost control of the dam. The Tabqa Dam was completed in the 1970s with the help of thousands of Syrian and Soviet workers. It houses a hydroelectric power station. The dam sits at the end Assad Lake, a man-made reservoir on the Euphrates River named after the father and son who have ruled Syria for the past four decades. Opposition groups distributed videos of Syrian rebels seizing caches of weapons and ammunition from positions once held by Syrian security forces. They also showed video of what appeared to be the dam itself, towering over the surrounding countryside."
3b5f210ba2e9e27453f33ba89af3c52a6bc0bf40,GB,{'GB': 1},"(Financial Times) -- The increasing amount of personal information that can been gleaned by computer programs that track how people use Facebook has been revealed by an extensive academic study. Such programmes can discern undisclosed private information such as Facebook users' sexuality, drug-use habits and even whether their parents separated when they were young, according to the study by Cambridge university academics. In one of the biggest studies of its kind, scientists from the university's psychometrics team and a Microsoft-funded research centre analysed data from 58,000 Facebook users to predict traits and other information that were not provided in their profiles. The algorithms were 88 per cent accurate in predicting male sexual orientation, 95 per cent for race and 80 per cent for religion and political leanings. Personality types and emotional stability were also predicted with accuracy ranging from 62-75 per cent. Facebook declined to comment. The study highlights growing concerns about social networks and how data trails can be mined for sensitive information, even when people attempt to keep information about themselves private. Less than 5 per cent of users predicted to be gay, for example, were connected with explicitly gay groups. Michal Kosinksi, one of the report's authors, told the Financial Times that the university's techniques could easily be replicated by companies to infer personal attributes a person did not wish to share, such as sexual orientation or political views: ""We used very simple and generic methods. Marketing companies and internet companies could spend much more time and resources, and hence get much higher accuracy than we did."" Last week , the EU agreed to water down proposals for a radical overhaul of data privacy regulation. The move reflects governments' reluctance to impede internet businesses that might spur economic growth, and follows fierce lobbying from technology companies including Facebook and Google. Personal data has become big business. Wonga, the UK online lender, makes credit judgments within seconds based on thousands of pieces of information, including an applicant's Facebook profile. Tesco, the supermarket chain, this month started to use its customers' shopping histories to sell targeted online advertising. The report also revealed some unexpected correlations -- such as people who liked 'curly fries' having higher IQs, while those who like Facebook's ""Sliding on Floors With Your Socks On"" page were unlikely to use drugs. Mr Kosinski said, however, that the study was not designed to discourage online sharing: ""I would discourage people from abstaining from the technology -- the milk is to some extent already spilt and there's a lot of information about you online anyway. I would suggest raising privacy settings and exerting consumer pressure by trying to use the services that are protecting your privacy best."" © The Financial Times Limited 2013 ."
5ae5b366ce5832f685ac897b61ae5a04627c7cbb,LB,"{'LB': 2, 'ET': 1, 'ZA': 1}","Beirut, Lebanon (CNN) -- Searchers have found the flight data recorder from an Ethiopian Airlines plane that crashed Monday with 90 people aboard, the Lebanese army said Thursday. The data recorder, commonly called a black box, was found at a depth of about 1,300 meters in the Mediterranean Sea. The recorder had not yet been retrieved, the army said. The Boeing 737-800, carrying eight crew members and 82 passengers, crashed into the sea after takeoff from Lebanon early Monday. At least 14 bodies had been recovered from the crash of the airliner, which was bound for the Ethiopian capital, Addis Ababa, officials said. The plane crashed about 3.5 kilometers (2 miles) west of the town of Na'ameh, which is 15 kilometers (9 miles) south of Beirut. Government-owned Ethiopian Airlines is one of the largest carriers in Africa, serving Europe and three other continents. CNN's Nada Husseini contributed to this report."
85716fc0ce68ba7eb8a6a49334b28ea879763708,US,"{'US': 2, 'VN': 1}","(CNN)  -- Responding to President Obama's State of the Union comments about the ""deep and corrosive doubts about how Washington works,"" House Speaker Nancy Pelosi said that ""the American people don't care about process."" Yet Americans have indicated that they are quite unhappy with how their government is working. According to a recent NBC News/Wall Street Journal poll, only 28 percent of those polled believe that the federal government is ""working well,"" while seven out of 10 believe that the ""unhealthy"" government is in need of reform. Almost 93 percent said there was too much partisanship; 84 percent said special interests had excessive power. We must always take these kinds of poll numbers with a grain of salt. Polls frequently show that Americans do not like how their government works, especially Congress. The U.S. is a country that has always expressed strong distrust of government. There have been a few exceptional periods, like the progressive era or the 1960s and 1970s, when this frustration turns into a concerted movement for government reform. During the 1960s and 1970s, liberal Democrats and Republicans concluded that much of their policy agenda would be impossible to achieve if the political process did not change. They perceived Vietnam and then Watergate as the outgrowth of deep flaws in how our government worked. During the 1970s, they were able to pass a series of significant reforms, such as a campaign finance system that included public funds for presidential campaigns and contribution limits. Reforms opened up more of the political process through sunshine laws and retrenched the power of the senior committee chairmen in Congress who had usually done as they pleased, ignoring the will of the majority. Ethics laws regulated the behavior of executive and legislative branch. Even the sacrosanct filibuster underwent an overhaul in 1975: The Senate lowered the number of required to end a filibuster from two-thirds of the Senate, 67; to three-fifths, 60. Many of the reforms did not work, some had unintended consequences, and others were gradually unraveled. But substantive reform was possible and, for a moment, changed the way that politics as usual worked. In addition to diminishing citizens' trust in government, the flaws of the political process constrain and limit what kinds of policies are even possible. If President Obama, Democrats and Republicans are serious about building trust among citizens and creating a more productive political process, they should work together to do something about it. If Washington is serious about reforming the political process, three specific areas deserve immediate attention. Filibuster reform: The 60-vote supermajority Senate has become dysfunctional. Both parties have expressed frustration with their inability to move legislation through the process. Both parties have used the filibuster as a normal tool of procedural warfare. Because of the rampant use of the filibuster since the 1960s, senators expect that 60 votes are now required on almost every piece of legislation. Reform can happen again. One option would be to switch to a majority-based system in which 51 votes can end debate. Another, more feasible, option would lower the number of senators required for cloture to 55. To improve the political prospects for any change, some observers have suggested that any reform would not take effect until after the 2012 election. Making it easier to end a filibuster is one of the most important concrete steps that Congress could take to actually diminish partisanship. The sources of partisanship are deep-rooted and hard to change. But filibuster reform would disarm both parties by weakening or removing one of their most powerful weapons. Campaign finance reform: A recent Supreme Court decision eliminated many of the barriers to corporate donations and third-party advertising. The power of private money in campaigns has been a huge political issue for over a century. Because politicians depend on interest group support to obtain funds for their campaigns, they constantly find themselves constrained when it comes to making policy. The influence of private money also diminishes public trust in government. Every story about another lobbyist like Jack Abramoff confirms their worst fears about corruption. It is not difficult to understand why Congress has crafted a health care bill that avoids making any huge changes to the basic infrastructure of the health care industry. According to The New York Times, citing the Center for Responsive Politics, the health care and insurance industry spent at least $648 million on lobbying in 2009 -- and 20 percent of the year-end reports were not in yet. Pharmaceutical companies spent about $245 million, which the Times said was more than any other single industry has ever spent lobbying on behalf of any issue. Several changes have been discussed in recent years. The administration has talked about placing certain kinds of fund-raising restrictions on companies that do business with the government. A second proposal is to build on local and state reforms by providing matching public funds to candidates who raise a certain minimum of private donations. In the end, offering an alternative source of funds to candidates and parties is the only way to change the system, or candidates will be forced to keep going back to the well of interest group money. Congressional earmarks and tax breaks: Pork-barrel politics is as American as apple pie. But in recent decades, the system by which legislators pass appropriations targeted to key interests has become pervasive. Legislators are comfortable putting provisions that are tailor-made for lobbyists or particular interests into bills. These earmarks are not subject to hearings or oversight. The use of earmarks by Senate Democrats to close the health care legislation that passed last month made the public uneasy. The other way in which Congress distributes hidden benefits is through tax breaks. During the 1960s, reformers named these ""tax expenditures"" to convey the point that the government essentially spends money by forgiving certain groups of their obligation. We have not had a major tax reform initiative since 1986. The time has come to clean out the tax code once again and reduce the number of provisions that are in the law. There is also bipartisan support for reforms that would limit the use of earmarks by legislators and make certain that they are fully disclosed upon being requested. Although voters tend to be more interested in bread-and-butter issues, as well as questions about war and peace, there are a few exceptional moments when public anger about the political system becomes so intense that we enter into a period of substantive reform. We might be reaching one of those points, but in the end it will require the initiative of the president and congressional leaders to make sure that calls for reform are not just empty rhetoric. The opinions expressed in this commentary are solely those of Julian Zelizer."
daca5f6d77e04660c2370bea459824b299cb7ea5,US,"{'US': 2, 'KP': 1, 'IL': 1}","(CNN) -- Famed evangelist Billy Graham, 92, was being treated Wednesday at an Asheville, North Carolina, hospital for pneumonia following an overnight health episode, according to a spokesman. Graham was in good spirits and humor and signed all admission forms, spokesman A. Larry Ross said. Initial pulmonary testing suggested pneumonia, and further tests showed Graham's heart was normal, Mission Hospital said. The minister, who lives in nearby Montreat, North Carolina, was reported to be in stable condition and fully alert. He was receiving antibiotics. No date was set for Graham's release, but Ross said he hopes it will be soon. Graham had episodes of sweating and coughing overnight, according to Ross. The evangelist had a slight fever and difficulty breathing, but was not believed to be in an acute situation. The founder of the Billy Graham Evangelistic Association has preached to millions over six decades, and has provided counsel to generations of U.S. presidents, beginning with President Harry S. Truman. Graham's son, Franklin, was on a humanitarian mission in North Korea for Samaritan's Purse, a relief and evangelism organization. Franklin Graham leads the evangelistic association and was not expected to return home because of his father's illness. Daughter Anne Graham Lotz will continue a missionary trip to Israel, Ross said. The pastor expressed appreciation to the medical staff and hospital and had a large lunch because he missed breakfast, Ross said. Billy Graham has been hospitalized or treated for several ailments over the years, including head surgery, a fall, intestinal bleeding, prostate cancer and Parkinson's disease. According to Ross, Graham has remained in good health overall. Age-related conditions -- including macular degeneration and hearing loss -- have kept Graham at home in recent years, but the evangelist is involved in writing projects, including a manuscript for a book about aging, Ross said. Graham's wife, Ruth Bell Graham, died in 2007. CNN's Anna Rhett Miller contributed to this report."
e2b1011ff07b1869c2b00a7a313c39ff0b6f2387,US,"{'LB': 2, 'US': 5, 'RU': 1}","LEBANON, Pennsylvania (CNN) -- A hostile crowd shouted questions and made angry statements Tuesday at a town hall meeting on health care in Pennsylvania led by Democratic Sen. Arlen Specter. Sen. Arlen Specter, left, answers questions Tuesday during a forum in Lebanon, Pennsylvania. The meeting drew an overflow of about 250 people, with more gathered outside the hall to demonstrate for and against President Obama's push to expand health insurance for 46 million people without coverage while bringing down costs. It was the latest in a series of emotional public meetings on the health care issue that have prompted Obama and Democratic leaders to complain of a campaign by opponents to drown out the debate with unruly disruptions. At one point, Specter shouted into his microphone that demonstrators disrupting the proceedings would be thrown out. ""We're not going to tolerate any demonstrations or any booing,"" he said after one audience member shoved another making an unsolicited speech. ""So it's up to you.""  Watch the shouting and shoving » . Many in the crowd identified themselves as conservative Republicans, with one man noting they had voted for Specter before the senator switched parties this year. One woman prompted a standing ovation by telling Specter: ""I don't believe this is just health care. This is about the systematic dismantling of this country. ... I don't want this country turning into Russia, turning into a socialized country. What are you going to do to restore this country back to what our founders created, according to the Constitution?""  See a comparison of different countries' plans » . Specter responded by noting his support for the Constitution as a past chairman of the Senate Judiciary Committee on issues such as warrantless wiretaps. ""When you ask me to defend the Constitution, that's what I've been doing,"" Specter said. Specter said that overhauling the health care system is about America taking care of all of its people. ""In our social contract, we have provisions that see to it that you take care of people who need some help,"" he said. Several people asked if a health care bill would mean taxpayer dollars would pay for others to get abortions. Specter responded that any measure passed by Congress would allow people to choose a plan that didn't cover abortions. The senator agreed with the crowd on some issues, saying he opposes mandatory counseling on end-of-life issues called for in a House of Representatives version of health care legislation. Specter also vowed he would never support any bill that increased the federal deficit or took away a person's right to choose their health care coverage. ""I am opposed to anybody making a decision for you or me or anybody else about what health care plan we should have,"" he said. Emotions ran high, with questioners complaining of government intrusion in their lives on health care and other issues. One man implored Specter and the government to ""leave us alone,"" while another said the message Specter should take back to Washington is that he and others ""want our country back."" The shoving incident occurred early in the 90-minute session when a man started shouting that he had been told by Specter's staff that he could speak, but he didn't get one of the 30 cards distributed to people allowing them to ask questions. Another man stood up and shoved the protester, and Specter approached the men shouting for calm. ""You and your cronies in government do this kind of stuff all the time,"" the protester shouted before leaving the hall. ""I'm not a lobbyist with all kinds of money to stuff in your pockets. I'll leave you so you can do whatever the hell you do."" Specter remained calm most of the time, except when a woman asked if the bill meant a 74-year-old man with cancer would be written off by an overhauled health care system. ""Nobody 74 is going to be written off because they have cancer,"" he responded angrily. ""That's a vicious, untrue rumor.""  See an overview of the issue » . One man defended the rowdy behavior of the audience. ""I don't think we have bad attitudes,"" he said. ""We're just being Americans."" iReport.com: Attending a town hall? Specter said he would vote against all the provisions he said he opposed in the town hall meeting, but he dodged the question of whether he would vote against a final bill if it still contained those provisions. The senator also tried to inject some humor, making sure to thank the lone person among the 30 questioners who supported the health care overhaul. Obama has said an overhaul is essential for long-term economic stability. Congressional action has slowed due to strong Republican opposition. Neither the House nor the Senate met Obama's goal of passing a bill before Congress' August recess.  Watch how Obama is preparing for his own town hall » . In particular, Republicans and some Democrats reject a government-funded public health insurance option, arguing it would lead to a government takeover of the health care system. Most Democrats want a public option to ensure coverage is available to virtually all Americans and provide competition to private insurers."
22a96ca611924984839c700cbcb7cc8e17f6f883,IT,"{'IT': 7, 'RU': 1, 'ME': 1}","(CNN) -- Young striker Mario Balotelli made a goalscoring return to Inter Milan's line-up as the Italian champions bounced back from last weekend's defeat to maintain a  one-point lead in Serie A on Saturday. The 19-year-old was welcomed back into the squad after apologizing during the week following his falling-out with manager Jose Mourinho, and helped Inter stay ahead of Roma with a 3-1 victory at home to Bologna. It was a successful end to a mixed week for Mourinho, who had announced his unhappiness with Italian football before Wednesday's 1-0 win over CSKA Moscow in the first leg of the Champions League quarterfinals. Brazilian midfielder Thiago Motta put Inter ahead in the 29th minute with the first of his two goals, firing in a shot from the edge of the penalty area after controlling the ball on his chest. Balotelli marked his first outing since March 7 with the second seven minutes after halftime with a cool finish following a pass from strike partner Diego Milito. Motta sealed a comfortable victory ahead of Tuesday's trip to Russia as he slotted in with five minutes left after a neat exchange with Dejan Stankovic. Second-placed Roma kept in touch with six matches to play following a 1-0 victory at mid-table Bari, where striker Mirko Vucinic returned from illness to net the winner in the 19th minute. The Montenegro hitman netted his ninth league goal this season after Francesco Totti combined well with Luca Toni, as Roma survived an earlier scare when defender Nicolas Burdisso had to clear Barreto's close-range effort off the line. Rodrigo Taddei missed a late chance to double the lead as Claudio Ranieri's team extended their unbeaten Serie A run to 22 matches. AC Milan remained two points behind Roma in third after winning 3-2 at mid-table Cagliari, with all five goals coming in the first half. Milan twice led through Marco Borriello and Klaas Jan Huntelaar, but teenage striker Daniele Ragatzu brought the Sardinians level both times before the hosts conceded an unfortunate own-goal in the 38th minute when goalkeeper Federico Marchetti knocked the ball onto teammate Davide Astori and into the net. Palermo suffered a setback in their bid to qualify for the Champions League after losing 2-0 at Catania, who moved seven points clear of the relegation zone. Maxi Lopez's first-half double meant that the fourth-placed Sicilians were joined on 51 points by Sampdoria, who won 2-1 at 10-man Chievo. Former Italy striker Antonio Cassano scored in the first minute and fellow forward Giampaolo Pazzini made it 2-0 in the 55th before the 14th-placed Verona side lost defender Santiago Morero following a second booking in nine minutes. Andrea Mantovani reduced the deficit on 76 but Sampdoria held on to boost hopes of a European place next season. Napoli took sixth place after a 1-1 draw at Lazio, who moved three points clear of the bottom three, as Juventus suffered a 3-0 defeat at Udinese in the late match. Udinese moved four points above the bottom three as Chilean midfielder Alexis Sanchez opened the scoring in the ninth minute, while Simone Pepe (65) and captain Antonio Di Natale (77) wrapped up victory in the second half. Fiorentina drew 1-1 at Parma to maintain eighth place on goal difference from Genoa, who were held by the same score at home to bottom club Livorno. Atalanta moved five points clear of Siena with a 2-0 win over the second-bottom side, but still remained in the drop zone."
b52ebcd09236326ac1d4701a97bc211291ad37bb,,{},"(CNN) -- Around 1,700 people who visited Yosemite National Park from mid-June to the end of August are being advised to seek medical attention if they exhibit hantavirus symptoms. The park sent letters to the visitors Monday and Tuesday, explaining that hantavirus cases had been uncovered and that visitors should see their doctors if symptoms surface, park spokesman Scott Gediman said. In recent months, two park visitors have died from the virus. ""Early medical attention greatly increases the chance of survival in cases of HPS,"" or hantavirus pulmonary syndrome, the letter says. ""It is recommended that if you, or anyone in your party, has any of the symptoms listed ... particularly fever, muscle aches, or cough, that you seek health care immediately and advise your health care professional of the recent cases of HPS."" ""An outreach effort is currently underway by the park concessioner to contact visitors who stayed in 'Signature Tent Cabins' at Curry Village,"" the park said in a statement. 3 dead after contracting hantavirus at Yosemite . Hantavirus pulmonary syndrome is a rare lung disease that kills about a third of those who get infected. Symptoms can include fever, muscle aches and fatigue, though it is not communicable from person to person. ""However, if the individual is experiencing fever and fatigue, and has a history of potential rural rodent exposure, together with shortness of breath, (that) would be strongly suggestive of HPS,"" the U.S. Centers for Disease Control and Prevention said. In the United States, the carriers of hantavirus are deer mice, cotton rats, rice rats and white-footed mice. The virus can be present in the rodents' urine, droppings and saliva, and is spread to people when they breathe in air contaminated with the virus, the CDC says. On Monday, Yosemite announced that a second person had died after contracting the disease while visiting the park. In addition to that fatality, the park said in a news release that officials identified ""a probable fourth case of hantavirus."" All four cases involve people who stayed at the park's popular Curry Village in mid-June. The park said its officials are trying to reach those who vacationed in these ""tent cabins."" Don Neubacher, Yosemite's superintendent, said that people typically don't fall ill with hantavirus until between one and six weeks after they are exposed. ""The health of our visitors is our paramount concern, and we are making every effort to notify and inform our visitors of any potential illness,"" Neubacher said. Earlier this month, the California Department of Public Health said two state residents who came down with the disease may have been exposed to mice droppings or urine that contained hantavirus while staying at the park. An unidentified 37-year-old man from the San Francisco Bay area died in late July, said Dr. Vicki Kramer, chief of the department's vector-borne disease section. A Southern California woman in her 40s survived and is recovering, Kramer told CNN. The two stayed in separate locations at the village, which contains about 400 canvas tent and wooden cabins. Gediman, the park spokesman, described the cabins as ""very sparse but comfortable."" Park officials have not given details about the one new confirmed case or the ""probable"" one. Officials have focused on deer mice, common in the high-elevation eastern Sierra Nevada region. The mice are gray or brown on top, with white bellies. Their ears have no fur. ""Rodents can infest a whole range of these structures,"" Kramer said. ""Deer mice can get in a hole one-quarter inch in diameter."" In addition to cleaning the 400 camp structures, park officials have said they've increased routine measures to reduce the hantavirus risk. ""You cannot eliminate all the mice,"" Kramer said. ""There are a lot of people and snacks that people bring into their tents or cabins."" Before this year, Yosemite National Park saw one hantavirus case each in 2000 and 2010. There is no specific treatment for a hantavirus infection, according to the CDC, but the earlier a patient is brought to intensive care, the better."
398b657c3d5dc057cf9af1eb02d5eae16fe72fdc,US,{'US': 1},"(CNN) -- Two years after losing part of her lung during an operation to remove a life-threatening blood clot, newly-crowned U.S. Open champion Serena Williams insists playing tennis ""is just fun now."" The world No. 1's battle-weary opponents might not be having so much fun after Williams successfully defended the Flushing Meadows title she won in 2012 against the same opponent, beating second seed Victoria Azarenka 7-5 6-7 6-1 to secure her fifth singles championship in New York. It is a far cry from where the now 17-time grand slam singles champion was in July 2010 when she suffered a cut to her right foot and was later diagnosed with a pulmonary embolism which left her on her death bed. That 11 months of ""hell"" culminated in her descent to No. 175 in the world rankings in July 2011. Since then four grand slams have been won by Williams during a truly dominant 14-month spell. One more major triumph would see her sit level with legendary compatriots Martina Navratilova and Chris Evert in fourth position on the list of the most prolific female grand slam champions of all time. ""It was the toughest thing I've been through in my life,"" the 31-year-old told CNN. ""One thing kept happening after another, blood clots in both of my lungs, I lost part of my lung, I had to retrain. I don't have two full lungs anymore. ""You go through this stage of thinking, 'Why does all of this keep happening.' It was really 11 months of hell. ""When I'm on that court and I'm facing opponents, I feel like I've faced so many tougher opponents that this is just fun now."" Williams' lung problems only became obvious when she was rushed into hospital after experiencing breathing difficulties en route to an Oscars party in March 2011. ""Being in the emergency room and being in hospital for all of that time, not knowing if I would ever pick up a racket again, not even caring, just wanting to be healthy,"" recalled Williams. ""That was a tough time for me."" She is indeed healthy again and operating at the peak of her powers at an age when many of her contemporaries are seemingly struggling to last the pace. Roger Federer has seen his vice-like grip on men's tennis loosen as he heads deeper into his 30s, while Wimbledon champion Marion Bartoli retired last month at the age of 28. However, Williams maintains a childlike enthusiasm for sport, aided in no small way by the perspective she gained during her battle to regain her form and fitness. ""I feel like just going for broke now,"" she said. ""I'm really focused on what I want to do, I'm just having a lot of fun out there. ""I'm like '31 is old,' but that doesn't seem like me. I don't act like it [her age] either so maybe that has something to do with it."" Williams' muscular physique sets her apart from physically smaller opponents and she remains proud of how she managed to combine power with femininity. ""It's OK to be strong and to be powerful and to be beautiful and to love who you are,"" she added. ""You can stand up to anyone and you can be proud of who you are, where you come from and be a positive awesome girl."""
69fbc5f68a7ceae4511db302141ed8633b22af15,US,{'US': 7},"(CNN) -- About 1,500 texts, voice mails and e-mails, some from people he hasn't spoken to in 20 years, have deluged Andy Enfield's in-boxes over the past few days. ""Ninety-nine percent of it is all excited and congratulatory. But there are some people that e-mail me just out of the blue, or somehow get my cell phone number, and text me and say derogatory things. And that just comes with the Internet age,"" the youthful-looking 43-year-old Florida Gulf Coast University head basketball coach said Tuesday. ""I believe that this doesn't happen to every coach, because every coach is not a 15 seed,"" Enfield told CNN's Rachel Nichols on ""The Lead with Jake Tapper."" Florida Gulf Coast is the lowest-seeded team to ever advance to the Sweet 16 round of the NCAA college basketball championship tournament. That accomplishment has focused the spotlight on the previously-little-known coach of a previously-little-known university. And it's also focused TV cameras on his telegenic wife, the mother of his three children, who boasts a higher-profile past -- as a model who appeared on the cover of magazines such as Maxim. ""We don't talk about it. Amanda doesn't walk up to people and just say, 'Hey, look at my pictures on the Internet,'"" Enfield said. ""So, this media scrutiny and attention, I think we're all flattered by it, but it's just not who we are. We're so laid back about our past and what we've done. Really, we just want our focus to be on our team, on what FGCU has done, and this great institution."" Florida Gulf Coast stuns Georgetown in shocking upset . Before last weekend's upsets of regional No. 2 seed Georgetown and No. 7 seed San Diego State, most people -- even players Enfield was recruiting -- had no idea know where Florida Gulf Coast University is. ""They'd think we were the Gulf Coast Community College in the (Florida) Panhandle,"" he said recently as his basketball team prepared for its first NCAA tournament game. ""I would to keep saying, 'No, we are a Division I school. We are in Fort Myers.' ""It just wouldn't register because they had never heard of us."" It's been a quick rise to prominence for a school that didn't even exist 16 years ago and only started its sports program in 2002. The hoops team, which joined Division I just five years ago and became eligible for tournament play two years ago, was coming off a 10-20 season when Enfield was hired away from his assistant position at Florida State. It was a tough start. Three team leaders transferred. He had to recruit players while his wife was in the hospital having their third child. (Well, he didn't HAVE to, but he did) The coach recalls telling his staff that they had two goals: Quickly recruit talent and make the players that were recruited better. ""The chemistry on the team in unbelievable. It's the best I've been around in my years of coaching. I think people see that on the court. We look for the individual personality side when we recruit, and also the talent. Then, we try to develop our players on and off the court,"" Enfield told Nichols. ""I think what you're seeing is our style of basketball these last two games ... we've been successful because our players enjoy their friends and they enjoy playing with each other."" Enfield is used to success. He was valedictorian in high school in Shippensburg, Pennsylvania. As a college guard at Johns Hopkins University, he set the NCAA Division III record in 1991 for career free throw percentage at 92.5%. He parlayed his reputation as a great shooter into a job as a consultant to NBA teams where he helped players improve their form. Two of those gigs turned into full-time positions as an assistant coach, one with the Boston Celtics. While Enfield taught good shooting technique, he also learned about coaching from Rick Pitino, who is now the head coach of No. 1 seed Louisville. ""Basketball's always been in my blood. My father was a high school coach. He coached ninth grade for 20-something years. It's always been with me. It's my passion,"" Enfield said. He majored in economics at Johns Hopkins and received an MBA from Maryland, then left coaching in 2000 to co-found Chattanooga, Tennessee-based TractManager, a contract management company in the health care industry. Sports Illustrated reported that the privately held company is worth at least $100 million. ""I retain a part of company, but I'm not involved any way in management,'' Enfield told the magazine this week. His partner, Tom Rizk, said he asked Enfield to be one of the initial investors because he saw some genius in him. ""One of his very significant talents was to be a leader,"" Rizk told the News-Press of Fort Myers. ""People were following him. He is a special guy. He's smart. He's articulate. He's very positive. If there's a guy that could turn a program around like yours, it's him."" March Madness A to Z . While he was working in New York for the company, he was set to drive to Boston to watch the NCAA tournament. A friend said her girlfriend had tickets, too. They were going to fly, but Enfield offered them a ride so they could save the $500. The girlfriend was Amanda Marcum, a model who had appeared on the covers of magazines such Maxim and Vogue and did runway work in Europe. ""I didn't know her at the time,"" Enfield said, ""but I knew as soon as she got in the car, I knew it would be a great trip to Boston."" For the future Mrs. Enfield, it wasn't exactly love at first four-hour trip. ""No. No. But it worked out after a while,"" the ardent Oklahoma State fan told the Oklahoman newspaper. ""We got engaged pretty quickly after we started dating, and that happened fast, but, no (immediate attraction)."" So Amanda modeled and Andy continued to work as an entrepreneur (he also had a basketball shooting technique video and company). She traveled the world and he watched his company grow. He wanted to go back to coaching and thought it would be better to raise a family in a college environment. He got an offer from Florida State in 2006, joining the staff of a middling team in the powerhouse Atlantic Coast Conference. When the Florida Gulf Coast job opened up, Enfield e-mailed about it. Like so many people, he only had seen the young school's scores on the TV ticker and had never been to the campus. ""I didn't know much about the school when I took the job,"" he said, adding that Athletics Director Ken Kavanagh sold him on the idea of quickly making it a place to build a tradition. ""I wanted that opportunity, so that's why I took it."" Enfield signed a five-year contract (which may not stop larger schools from looking to Fort Myers for a coach this off-season) and quickly built a program almost from scratch. There are just two seniors and two juniors on this year's roster. He recruited four high school seniors and one transfer. The young Eagles are exciting to watch, and their high-flying offense and highlight reel jams have given Fort Myers a new nickname -- Dunk City. ""I'm pretty confident that we can run with anybody,"" said Eddie Murray, a 6-foot-8 senior forward. ""We don't have the typical big body guys. We have the long, athletic guys who want to run."" They also play tough defense, just like Florida State. Enfield knows that when it comes to recruiting, he's not necessarily going to get guys ready for Division I. Those players go to Kentucky or Duke or other top schools, he said. He gets players who have some talent -- and some flaws, he said. ""We have some of the most improved players in the country on our team this year. They've made huge jumps, and I think that's big in selling that recruiting,"" he said. Besides good technique, there is one other thing he teaches them. ""The biggest thing he's given me has just been confidence,"" Murray said. The Eagles are confident they can keep pulling off upsets like the ones they sprung on Georgetown and San Diego State. The Enfields' daughters are hoping the streak continues. ""My oldest daughter's focus is to go to Target to buy a dinosaur from the dollar bin, because that was promised after we got back from the tournament,"" Amanda Enfield said of their 6-year-old. Andy Enfield added, ""Yeah, I told her if we won the first game, she could get a dinosaur, and our other daughter would get a Barbie. They hit me up after winning the first game and said, 'Can we get another if you win a second game?' At that point I said, 'Sure.' (Laughs) And Amanda said, 'Hey you should ask for more than that.'"" On Friday, they face Florida in a game scheduled to begin just after 10 p.m. ET. Regional No. 3 seed Florida began the tournament as the 12th-ranked team in the country. Odds makers have the Gators as heavy favorites. Speaking of his intrastate foe, Enfield joked, ""It's just unique that we're playing them in the Sweet 16. I blame that on the selection committee. They should have put us in separate parts of the bracket, and we shouldn't have met until the championship game."" Whether Enfield's Eagles pull off an upset, one thing is for sure: Recruiting will be a whole lot easier when he has to call prospects' parents this off-season."
c4db526ed82dad67c2c97695fc5cbf5d980e9adc,GB,{'GB': 4},"London (CNN) -- The Routemaster bus first appeared on London's streets in the 1950s and quickly became one of the city's most recognizable icons. Now, six years after it was phased out, English artist and designer Thomas Heatherwick is taking inspiration from the famous Routemaster to re-define the look of London buses. With an international reputation for inventive and playful work, his approach blends sculpture with engineering. In 2010, the Heatherwick Studio created a dramatic Seed Cathedral -- a mass of acrylic rods with plant seeds on every tip -- for the UK Pavilion at the Shanghai Expo. Turning the most commonplace public transport into a work of art proved to be an equally challenging feat. But in collaboration with vehicle manufacturer the Wright Group, the double-decker bus with a difference is becoming a reality. Improving the passenger experience was a critical consideration in the design process. Take the lighting, for example: Current buses tend to be lit with fluorescent tubes which isn't the most flattering light, says Heatherwick. ""That's what's tends to be used to illuminate a piggery,"" he jokingly says. ""So introducing some of the lighting techniques that are now used within interior environments is a very simple thing, but we feel it will make a very big difference to the experience,"" he adds. The new bus also has three sets of doors and two staircases, which means you can get passengers on and off more quickly, Heatherwick says. ""That means you are more likely to get a bus that is on time because that means you are not waiting for huge queues to get on or off."" Heatherwick says the new bus is greener too, with a hybrid engine which will be 40% more energy efficient than a standard bus. It also doesn't shudder when it's stationary. ""It's going to be much quieter and calmer,"" he says. The prospect of a calmer commute to work is one to relish in a bustling city of around 12 million people. Passengers can look forward to getting on board the new buses early next year, in time for London's Olympic Games."
aee900d5c0ff8db1bec79351d473bc6df1a032d9,PK,{'PK': 5},"Islamabad, Pakistan (CNN) -- The Pakistani Supreme Court on Thursday convicted Prime Minister Yousuf Raza Gilani of contempt of court but gave him just a symbolic sentence that will not require him to serve time in prison. The court found Gilani guilty of the contempt charge after his repeated refusals to ask Swiss authorities to revive old corruption charges against the country's president, Asif Ali Zardari. That makes him the first sitting Pakistani prime minister to be convicted of a crime. But the court sentenced him only for the duration of the hearing, which lasted several minutes. He could have faced as much as six months in jail. An opposition leader said Gilani should resign following the guilty verdict, but members of the prime minister's cabinet insisted he would continue in his role and appeal the decision. The conviction means Gilani could be disqualified as prime minister, but that's a process that could take up to four months. ""I think that after the conviction the prime minister should immediately step down from his post,"" Nawaz Sharif, a prominent opposition leader, said on Geo TV. By remaining in power, Gilani risks harming the credibility of parliament, Sharif said. But members of Gilani's government criticized the court's decision as being politically motivated. ""The verdict is unconstitutional and immoral,"" Nazar Muhammad Gondal, the federal minister for capital administration and development, said on Express News, a local channel. ""The prime minister has the confidence of the parliament, so he will continue as the prime minister,"" he said. Imtiaz Safdar Warraich, the deputy interior minister, said the government planned to appeal against the verdict. Gilani was convicted for ""willful flouting, disregard and disobedience of this court's direction,"" said Justice Nasir ul-Mulk as he read out the decision. The judge said that ""the contempt committed by him is substantially detrimental to the administration of justice and tends to bring this court and the judiciary of this country into ridicule."" Gilani's lawyers argued that the prime minister had not followed the court's order to press for the reopening of the charges because Zardari enjoys immunity in Pakistan and abroad as a president in office. Most observers had expected that a conviction would come without a prison sentence. ""They donÂ¹t want to make a spectacle out of it,"" the columnist and analyst Muhammad Malick said earlier this week. ""A prison sentence would create an unnecessary political drama."" ""Time in prison would create a wave of sympathy for the prime minister, and that's something the judges don't want to see,"" said author and political analyst Imtiaz Gul. This is not the first time Gilani has fallen foul of Pakistan's legal system. He served more than five years in prison between 2001 and 2006 on corruption charges brought by the previous military regime of Gen. Pervez Musharraf -- counts he said were also politically motivated. The corruption cases that the Supreme Court now wants reopened stem from money-laundering charges against Zardari and his late wife, former Prime Minister Benazir Bhutto. A Swiss court convicted them in absentia in 2003 of laundering millions of dollars. After Musharraf granted a controversial amnesty in 2007 to Zardari, Bhutto, and thousands of other politicians and bureaucrats, Pakistan asked the Swiss authorities to drop the case. In 2009, the Pakistani Supreme Court ruled the amnesty was unconstitutional and called on the government to take steps to have the cases reopened. The government did not do so, and the court lost patience. Since Gilani is the head of the government, the court justices view him as responsible. CNN's Shaan Khan and journalist Nasir Habib contributed to this report."
7a682fd091fc75c1b64d5a553bfed54833de0f2e,US,{'US': 5},"(CNN) -- If a measure of a successful society is its ability to prevent infant deaths, then there is an ugly truth in the United States today that public health officials know but the public largely does not: Too many of our babies are dying, and they don't have to. Public health officials, doctors and researchers from around the world are gathering in Washington this week for the 139th annual meeting of the American Public Health Association to address the pressing public health issues of the day, and it is imperative that they focus their attention on protecting the most vulnerable members of our society. The U.S. infant mortality rate is one of the highest among all developed countries. The disparity in rates within the United States is alarming as well, with black babies dying at more than twice the rate of white babies. The most recent statistics from 2007 show that the U.S. rate of almost seven deaths per 1,000 live births ranked the U.S. behind the majority of other developed countries. Thirty developed countries have lower infant mortality rates, according to the Organization for Economic Cooperation and Development, all of them spending much less than we do on health care . Within the United States, infant mortality ranges from a high of almost 10 deaths per 1,000 in Mississippi and Alabama to about five deaths per 1,000 in Washington and Massachusetts. Although the overall rates have been slowly declining since 2000, the huge gap between whites and blacks continues to exist. American women who are most likely to lose their babies are non-Hispanic black women, with a rate almost 2 1/2 greater than that for non-Hispanic white women. This is one of the greatest injustices in our country: that a baby's chance of having a healthy life is largely dependent on where he or she is born. States and local communities vary widely in what care their leaders choose to provide to women and children. But these higher rates can be lowered by implementing strong initiatives at the state and federal levels. And maternal and child health experts know what needs to happen, based on what's worked in places with lower rates. Preventing infant mortality is not just about prenatal care. There are four key periods in the lives of women and their children, each vital in determining whether an infant lives or dies: before pregnancy, during pregnancy, at birth and during the first year of life. Interventions that work during each of these periods must be consistently supported to reduce infant mortality. These include teen pregnancy prevention programs, such as the National Campaign to Prevent Teen and Unplanned Pregnancy; family planning services (the Women, Infants and Children -- or WIC -- nutrition program, which provides federal grants to states, is one good example); Back-to-Sleep education campaigns that help reduce the risk of Sudden Infant Death Syndrome; full coverage of prenatal care and child health; and cessation programs for pregnant women who use tobacco or other substances. These are examples of services that should be available for all women and infants, regardless of where they live. Currently, the United States does not ensure that women have access to comprehensive health care services for the four key periods. Countries with universal health care that includes women's health coverage (including family planning) before and after pregnancy -- that is, prenatal care as well as infant and child health care -- have better outcomes than the United States. We need it all. Prenatal care is necessary, but taken alone won't solve our scandalously high infant mortality rates. Policies and regulations are needed in all states and in all hospitals to make sure we give infants the best possible care. It will take a village of support to lower infant mortality and improve health and development of our nation's children. Since 1935 the U.S. government has supported maternal and child health through Title V of the Social Security Act, which demands that states be a ""point of accountability"" to ensure the health of mothers, women, children and youth. Healthy Start programs funded by the U.S. Department of Health and Human Services since the early 1990s have helped communities provide an array of services and support to pregnant women who face challenges getting access to quality medical care, housing, food and other services. Both Title V and Healthy Start are regularly at risk in budget discussions. To do better as a nation, we must develop and sustain the political will to fund both programs fully as well as support all services and policies we know help prevent infant deaths. Continuing to provide a patchwork of fragmented services for mothers and infants across the country will do little to improve our infant mortality rates. When it comes to the budget, Congress must prioritize services that will prevent poor and minority children from dying or suffering from other conditions that result from inadequate health care for mothers and their babies. Now is the time for our society to reflect its values. We can do better for our women and children. We must. The opinions expressed in this commentary are solely those of Deborah Klein Walker."
3ab9f2c8f9512bf98dcd467971b3ffc6d612d308,US,{'US': 5},"(CNN) -- The DUI manslaughter trial of former New York Yankees player Jim Leyritz is set to begin Monday in Broward County Circuit Court in Florida. Leyritz is charged with driving while intoxicated and causing a crash that killed 30-year-old Fredia Veitch on December 28, 2007. The fatal crash happened shortly after 3 a.m. at an intersection controlled by traffic lights. Leyritz, a hero of the 1996 World Series, had turned 44 the previous day and had spent the evening celebrating at bars in Fort Lauderdale. Attorneys in the case expect witnesses to disagree about whether Leyritz had a yellow or red light as he entered the intersection of S.W. 7th Avenue and S.W. 2nd Street. The front of Leyritz's Ford Expedition hit the driver's side of Veitch's Mitsubishi Montero, causing the car  to spin and roll. Veitch, who lived in Plantation, was thrown from the car and died from her injuries. Leyritz stayed at the scene, where police administered and videotaped field sobriety tests. Police allege the former ballplayer failed the tests; his defense maintains Leyritz was not impaired at the time. More than three hours after the crash, Leyritz's blood was drawn at Broward General Hospital. His blood alcohol level was .14; the legal limit in Florida is .08. Both sides agree that Veitch was intoxicated at the time of the crash. Her blood alcohol was .18 and she was not wearing a seat belt. The defense also says that Veitch was driving without headlights and receiving calls and text messages on her cell phone around the time of the crash. A judge ruled last month that Veitch's conduct and state of mind are not relevant to the issue of whether she had a red or green light. Leyritz's attorney is barred from telling the jury that Veitch was intoxicated, that she did not wear her seat belt and that she may have been distracted by calls and texts on her cell phone. Leyritz maintains that he entered the intersection when his traffic light was yellow and that Veitch caused the crash by running a red light. Under Florida law, if Leyritz caused or contributed to the accident, he can be found guilty of DUI manslaughter, even if jurors believe Veitch shares the blame. He pleaded not guilty and if convicted, the former New York Yankee faces a minimum of four to 15 years in state prison. Leyritz settled a wrongful death case earlier this year, agreeing to pay an initial lump sum of $250,000. He also agreed to pay $1,000 a month for 100 months starting on April 15, 2011. The money is to be paid to Veitch's husband and two children. Leyritz played for the New York Yankees from 1990 to 1996 and returned for parts of the 1999 and 2000 seasons. He is best known for a three-run home run in Game 4 of the 1996 World Series against the Atlanta Braves, which turned the series around for the Yankees. Leyritz also played for the Anaheim Angels, Texas Rangers, Boston Red Sox, San Diego Padres and Los Angeles Dodgers. He was mainly a catcher throughout his career. He retired from professional baseball in 2000. Now divorced, Leyritz lives in Florida, where he is raising his three sons."
4c678179df6112fcd93925345efede8e485f3f44,FR,"{'FR': 1, 'US': 1}","(CNN) -- A French family is planning to sail home from the United States on the Queen Mary 2 after British Airways declined to honor their return tickets, according to CNN affiliate WBBM. The Chenais family was supposed to fly home to France a week ago. The family has been in the United States seeking medical treatment for their 22-year-old son Kevin's hormone disorder, the family told WBBM. Kevin Chenais weighs 500 pounds. ""The British Airways team worked tirelessly to try and find a solution for the family but unfortunately we cannot safely accommodate the customer on any of our aircraft,"" British Airways said in a statement. ""We were in regular contact with the family to discuss other options and we provided hotel accommodation throughout,"" the airline said. The customer service team ""exhausted all options. We'll always try to accommodate a customer if it's at all possible and it's safe to do so."" The airline offered the family a full refund. Read more: How to cope with shrinking airline seats . Kevin Chenais requires oxygen and regular medical attention, WBBM reported. Kevin's mother, Christina Chenais, told WBBM she doesn't understand why the airline won't take Kevin home. ""If they could bring him here with that problem in economy, there is a way to take him back by economy,"" she said. ""But just get him back home for his medical treatments to continue."" Generally, the airline would offer larger passengers the option to purchase another seat, an airline spokesman told CNN. British Airways would not comment on the specifics of the Chenais' case, citing privacy concerns. The Chenais family plans to take the train to New York, WBBM reported, where they will board the Queen Mary 2."
b6c40df113d56ddbfc8c0837c89fbabd8852956c,PS,"{'PS': 5, 'IL': 1, 'GB': 5, 'TR': 1}","(CNN) -- Woroud Sawalha knows she won't win a medal at the London Olympics. She isn't likely to get beyond the first round of the 800 meters. But for the 20-year-old and her three teammates, just competing under the Palestinian flag is a source of pride. The appearance itself is controversial: the U.N. does not recognize a Palestinian state but athletes have been allowed to compete under a Palestinian flag by the International Olympic Committee and soccer's ruling body FIFA since 1996 and 1998 respectively. ""It means a lot for me that I am female and representing Palestine,"" she told CNN's Aiming For Gold. ""I will represent my hometown Asira ash-Shamaliya, Palestine and my university."" Asira ash-Shamaliya is a village of fewer than 10,000 inhabitants in the northern West Bank, where protests and tear gas form part of everyday life in a region still fighting for independence from Israel after two decades of struggle. Sawalha, who will be immediately recognizable by her black headscarf, long-sleeved top and long trousers, knows that when she steps up to the line in London, she won't just be representing herself. ""This will reflect on my female friends and on sports in Palestine,"" she said. ""Maybe the view of girls will change from practicing sports in a more professional way and more freely in front of people."" The International Olympic Committee is hopeful that the 2012 Games will be the first to feature female athletes on every team. Three teams have never sent women. Palestinians have competed in the Olympics under their flag since 1996, sending their first female athlete in 2000. However, Sawalha believes the fact that she was only told six months ago that she would be going to London is a sign of how lightly women's sport is taken in the Palestinian territories. She had her first taste of top-level international competition earlier this year at the world indoor championships in Istanbul. She clocked two minutes 51.87 seconds in her heat for a personal best that was still more than 53 seconds slower than the gold medal-winning time. Given her lack of preparation and the scant training resources available in her homeland, Sawalha knows a medal is beyond her, so her target is to further improve her personal best. ""Miracles do happen, and with God's help I will hopefully get a good result,"" she said. ""Since they selected me for the Olympics, my running time has gone from four minutes to just under three, so I've seen a big improvement."" Training on pot-holed roads in Gaza, dodging cars and horses and carts, Bahaa al-Farra knows that only so much improvement is possible. Like Sawalha, the 400-meter runner must rely on an invitation from the IOC to compete in London because neither has reached the required qualifying standard. When he isn't running, al-Farra works out in a dingy public gym with shabby white concrete walls. ""I need a proper track to train on,"" he said. ""At the moment I just run on the roads or on sand. Also, proper starting blocks are unavailable in Gaza."" So when he arrives in London, he'll not only have the daunting prospect of a first Olympic Games to consider but he'll also have to quickly get accustomed to unfamiliar conditions. ""Hopefully, the lack of training tools won't affect me, and I can prove to the world that we can compete even without them,"" he said. For al-Farra, competing in London won't leave him completely fulfilled. He hopes it is only the start of a long athletics career. ""My dream is to become a world-known runner and compete with world champions in overseas competitions and hopefully I can achieve my dream in the near future,"" he said. ""My dream is to do something for Palestine and show the world that Palestine deserves to live and stand on the podium."""
fda3fed4e903bd44101ebf9e77af27a4a3047129,US,"{'US': 3, 'GB': 1, 'PH': 1}","(CNN) -- The audio recordings of 911 calls from the Sandy Hook Elementary School shooting will be released Wednesday afternoon, after a state attorney dropped his attempt to block the disclosure. State Attorney Stephen Sedensky, whose office conducted an investigation into the shocking mass shooting, said Monday he was withdrawing an appeal of a decision by the Connecticut Freedom of Information Commission to release the calls. Sedensky said he discussed his decision with attorneys for the Connecticut town and lawyers from the office of the chief state's attorney. The release of the recordings will be administered by the attorneys for the Town of Newtown, Sedensky said through a written statement. Last week, Connecticut Superior Court Judge Eliot Prescott upheld the Connecticut Freedom of Information Commission's ruling to release calls related to the December 2012 shooting. The Associated Press had challenged authorities' refusal to release the 911 tapes. The calls are scheduled to be made public at 2 p.m. ET Wednesday. Sedensky's office issued a 44-page report last week that concluded the shooter was a mentally ill recluse who never gave any indication that he was planning to kill people. Sandy Hook killer took motive to his grave . The massacre at Sandy Hook left 26 people dead, including 20 children, making it the second-deadliest shooting in U.S. history. The gunman, Adam Lanza, shot himself at the end of his 11-minute rampage. The killings in Newtown, about 60 miles outside New York, happened less than five months after a similar bloodbath at a movie theater in Aurora, Colorado, outside Denver. Those mass slayings triggered a nationwide debate over gun violence, school safety and mental health, a debate that produced some new restrictions on firearms in several states. A backlash against those laws by gun-rights advocates followed, and there was only limited action on a federal level after a Republican filibuster blocked expanded background checks for gun buyers. CNN's Yon Pomrenze and Matt Smith contributed to this report."
53924dbbcd2f254efb6f8a937a5f773a023c0e7f,GB,{'GB': 2},"London (CNN) -- Three one-time insiders at the defunct News of the World tabloid testified Monday before a British government-backed panel investigating press ethics and behavior. Former chief reporter Neville Thurlbeck -- who has been arrested in connection with a police probe into phone hacking -- said he would not talk about illegal eavesdropping because of the arrest. He has not been charged. He appeared at the Leveson Inquiry after the paper's most famous undercover reporter, Mazher Mahmoud, known as the ""fake sheikh"" for the disguise he often adopted to get stories. He described doing stories on prostitution and drug dealing, but insisted repeatedly the tabloid ""never engaged in entrapment."" He defended his methodology, saying criminals had gone to prison because of his work. ""Exposing criminality gives me great satisfaction,"" said Mahmoud, whose appearance was not televised in order to protect his identity. But he said he had never heard about phone hacking by the News of the World until royal reporter Clive Goodman was arrested for it in 2006. The inquiry was prompted by widespread public outrage this summer at the revelation that the Rupert Murdoch-owned tabloid had hacked into the voice mail of a murdered 13-year-old girl in 2002. Murdoch's son James, the chief executive of the News Corporation subsidiary that published the tabloid, has repeatedly denied knowing about the scale of illegal eavesdropping at his papers. James Murdoch ordered the paper shut down over the scandal. Former News of the World deputy editor Neil Wallis also testified Monday. Like Thurlbeck, he has been arrested and released on bail in a police investigation into phone hacking. He argued that Britain's downmarket tabloids were the ""ones that people out there want to read,"" and far outsold so-called quality papers such as the Guardian and the Times. A former News of the World journalist testified last month that the editors of the tabloid knew that their reporters were hacking phones in search of stories. Paul McMullan named Andy Coulson, who went on to become an adviser to British Prime Minister David Cameron, and Rebekah Brooks, a Murdoch protege, as editors who were aware of the practice. Coulson resigned as editor of the tabloid in 2007 when Goodman went to prison for hacking the voice mails of Prince William's staff, and he later became Cameron's communications director. Coulson has always denied knowing about phone hacking, saying he quit the paper because he was ultimately responsible for the actions of his staff. The Leveson Inquiry has been hearing from high-profile figures since last month, including celebrities such as ""Harry Potter"" author J.K. Rowling and actor Hugh Grant, both of whom complained about press intrusion into their lives. Police investigating phone hacking by journalists say that about 5,800 people, including celebrities, crime victims, politicians and members of the royal family, were targets of the practice by journalists in search of stories. It involves illegally eavesdropping on voice mail by entering a PIN to access messages remotely."
74aef0a82637f03ab01a2dc6458b9f0ce9bbdb99,AF,{'AF': 2},"(CNN)  -- The assault began at dawn, as bullets and rockets peppered the remote outpost in eastern Afghanistan. Lt. Cason Shrode said that in less than two minutes, his team's generator was hit and they were out of power. The insurgency was so fierce, according to one soldier, that the troops couldn't get to their mortars to fire back. ""They were under heavy enemy contact,"" Sgt. Jayson Souter said, describing the October 3 attack that pinned his comrades at Combat Outpost Keating, a remote base in Nuristan province. Four servicemen -- Souter, a fellow soldier, an Apache helicopter pilot, and a gunner -- talked to a military reporter about their roles during the Keating attack in an interview posted by the Department of Defense on Facebook and NATO's International Security Assistance Force YouTube Channel. The United States says about 200 insurgents -- mostly local fighters, with some Taliban organizers and leaders -- had been planning the attack for days, hiding mortars, rockets and heavy machine guns in the mountains.  Watch more about their story » . The battle started early on October 3 and lasted for 12 hours. At the end, eight American soldiers and more than 100 militants were killed and buildings at the outpost were destroyed. Fire support officer 1st Lt. Cason Shrode said the initial round ""didn't seem like anything out of the ordinary."" There was a lull and then there was a heavy attack. ""We started receiving a heavy volley of fire. Probably 90 seconds into the fight they ended up hitting one of our generators so we lost all power,"" Shrode said in the interview posted online by the Defense Department. ""At that point I knew that this was something bigger than normal."" Troops called in air support. Helicopter gunner Chad Bardwell said he had to confirm the fighters he saw on ridgelines were the enemy because he had never seen such a large group of insurgents. ""We tried to stop them as they were coming down the hill. ... We were taking fire pretty much the entire day,"" he said in the Defense Department interview. Chief Warrant Officer Ross Lewallen, the Apache pilot, said a few aircraft were damaged in what was a ""time-consuming endeavor"" governed by tough terrain. He said the morning battle was ""significant,"" but later troops were able to identify targets and eliminate larger weapons. ""One of the primary reasons for the fight taking so long is that it is an extreme terrain,"" he said in the same interview. Lewallen said the valley sits beneath mountains to the west and north. ""There's a lot of cover so you really can't detect the enemy until they start moving again,"" he said, adding that it was tough for medical evacuation aircraft to land ""because we were still trying to control"" the outpost. The intense assault on Keating led to fires. There were five main buildings at the post and four of them burned. Soldiers eventually ended up going into one building. ""The next morning it was pretty much ash besides that one building. I mean that's the way to describe it. Most of it had burned down. So we were pretty much at one building and the rest was just a shadow of what it used to be,"" Shrode said in the Defense Department interview. Lewallen said what came together was ""air-ground integration."" ""All the training we've done before deploying here; it really clicked that day,"" he said in the interview. ""We started realizing that the guys on the ground knew what they needed to tell us to get the job done. It made things that much easier."" He disputed media reports suggesting that there weren't enough weapons and troops. He said 40 minutes into the fight, air power arrived. ""We had everything we needed. It was just a big attack with a lot of people. Bad things happen -- but I think we did well, under the circumstances."" Reflecting on the fight, Souter said, ""Everybody basically came together and in the mix of it all, they were donating blood for the wounded that we had. They all pulled together to make sure that we can pull our boys out of this."""
dc59628893c19e9e618398b4c8f50c1f602bcd4b,US,{'US': 3},"(CNN) -- A doctor at a Pennsylvania weight-loss clinic is scheduled for a preliminary hearing next week on charges that he sexually assaulted at least six female patients, according to the criminal complaint from the Montgomery County, Pennsylvania, district attorney's office. Dr. Arie Oren, 64, is charged with multiple counts of aggravated  indecent assault and indecent assault that allegedly occurred during  patient visits at the Conshohocken Weight Control clinic between the  spring of 2008 through November 2010, the complaint said. Conshohocken is  a suburb of Philadelphia. Oren was formally charged earlier this week, with allegations in the district attorney's criminal complaint including that he told several patients that an orgasm would help them burn calories. The six female victims listed in the affidavit, who range in age from 24 to 59, described similar experiences with Oren at the clinic.  The victims told prosecutors they were all touched inappropriately or groped and he allegedly penetrated most of the victims' genitals with an electronic massager as an excuse to ""break up the fat."" One victim recounted that after Oren used the massager and touched her below the waist, he said, ""You know, if you have an orgasm you will burn 200 calories,"" according to the document. Another victim claimed that Oren tried to kiss her after assaulting her and said that the visit was free because she was ""so hot,"" the complaint said. Oren has a valid medical license that expires in December 2012, according to Pennsylvania's Department of State website. Efforts by CNN to reach Oren on Tuesday evening were not successful and a person who answered the phone at the Conshohocken Weight Control clinic said personnel there were not commenting on the case. Efforts to reach an attorney reported to be representing Oren also were unsuccessful. Oren is free on bail pending a preliminary hearing scheduled for April 21, according to Assistant District Attorney Kate McGill."
33f95fcb332984d8d9b0e8987978fbea6d617f67,US,{'US': 1},"(CNN) -- For some survivors of the Deepwater Horizon disaster, escaping the inferno of the doomed rig made them feel like they'd cheated death. But living with the scars of what they witnessed that night, and the memory of the 11 men who perished when the rig exploded off the coast of Louisiana a year ago, has in many ways taken their lives away. ""I remember feeling invincible when it first happened. I remember driving in my truck on the way home after the rig exploded and (I) pushed the gas (pedal) to the floor and never let off it,"" says Daniel Barron. But the high Barron felt from surviving didn't last long. ""You have that guilty conscience of, 'Okay, I made it, that's great, but then these guys didn't.' Was there something I could have done to save more people?"" Barron says his guilt is compounded by physical and mental issues that are a result of the disaster. He suffers from memory loss, and has been diagnosed with post-traumatic stress disorder and depression, according to medical records provided to CNN. He witnessed one of his good friends, whom he calls a ""fallen brother,"" die right in front of him when a second explosion rocked the rig. ""It literally picked him up . . . like a child would throw a toy . . . and he ended up bouncing off of the pedestal for the crane,"" he told CNN's Anderson Cooper shortly after the disaster. ""Just to see him get blown up like that, I mean, it was, it's heart-wrenching,"" Barron said. Barron says one night, the psychological pain and the guilt of surviving when so many friends did not, became overwhelming. ""I had a 6-shot pistol and I just wanted it to be over,"" he says. His wife discovered him playing Russian roulette and persuaded him to hand over the gun before it was too late. Douglas Brown, one of Barron's fellow survivors, also speaks of the guilt of surviving the disaster. ""I am thankful that I, I made it out alive but a lot of times, I don't -- there's a lot of times where I feel I should, I should have died there too, along with my friends,"" Brown said. Like Barron, Brown has been diagnosed with multiple mental issues including PTSD, traumatic brain injury, depression and anxiety, according to medical records. A third survivor, Matthew Jacobs, says he thinks of the 11 victims of the Deepwater Horizon every day and wakes up screaming from nightmares where he's re-living the explosions. ""It's something that I just can't quit, you know, get out of my head,"" he says. Jacobs first told the story of his harrowing escape to Cooper in the weeks after the disaster. He expected to die as his lifeboat, which was being lowered 75 feet down from the rig, was filling with smoke and started to free-fall after another explosion. ""I prayed for my family to let God know that I love my wife and that I love my kids,"" he said. In the year since, Jacobs and his wife have started divorce proceedings because of his mental issues including, post-traumatic stress disorder and depression, he says. Those mental issues are also corroborated by medical records provided to CNN. All three survivors say their physical and mental injuries have left them unable to work and they're suing their employer Transocean for lost wages and pain and suffering. While technically still employees, they have not set foot on a rig since the disaster and their employer stopped paying their salaries last December. They accuse Transocean of valuing profits over safety prior to the accident, and of valuing minimizing monetary losses over the welfare of its employees after it. In a statement, Transocean responded to their allegations writing: ""From the first hours, Transocean has focused on providing support for its employees and the families of those who were lost aboard the Deepwater Horizon, including continued full pay and benefits for eight months following the incident and professional counseling for those in need. Today, more than one third of the Deepwater Horizon crew are back to work at Transocean and the entire company continues to be inspired by their courage and commitment."" Transocean still pays for some of the three survivors' health care costs and gives them a small monthly stipend for room and board as required by law. The survivors were offered an additional six months of pay to drop any claims, but they declined, according to legal records provided to CNN. On the anniversary of the disaster, the survivors say they hope to one day put the accident behind them but also hope people never forget the 11 men who died that night on the Deepwater Horizon. ""I would ask people just to remember them and pray for their families, because I know those families are still suffering,"" Brown says. Watch Anderson Cooper 360° weeknights 10pm ET. For the latest from AC360° click here."
09a954eba200e804dbaa14a0a32a26d91aac729f,YE,"{'YE': 7, 'US': 1}","(CNN) -- A proposal by a coalition of Persian Gulf nations to decrease tensions between the government and the opposition in Yemen may have done just the opposite. One day after the Gulf Cooperation Council released a statement urging Yemen President Ali Abdullah Saleh to transfer powers to his vice president, thousands of protestors returned to the streets Monday for marches and opposition leaders are vowing not to back down. One eyewitness claims protesters number in the tens of thousands at a anti-Saleh march in Abyan province. CNN could not independently verify the estimate. ""The youth protesting today are being used by the JMP who are trying to steal the revolution from them,"" Abdu Ganadi, deputy minister of information for the GCC said Monday. The Joint Meeting Parties bloc, Yemen's largest opposition group, said the GCC initiative ""does not clearly state that Saleh must step down and only focuses on Saleh's transferring power."" ""We all know the VP is not strong and will never be able to tell Saleh no, even if all his powers are transferred,"" said senior JMP official Hasan Zaid. The Embassy of the Republic of Yemen in Washington responded to the GCC initiative on Monday in a statement which  said Saleh has agreed to transfer powers in accordance with the Yemeni Constitution, which means he will not step down from power until his term ends in 2013. ""We will not accept any initiative that will have Saleh still in rule whether the initiative is from the GCC or Europe,"" Zaid said. The GCC, a six-nation bloc of oil producing countries, met on Sunday in the Saudi Arabian capital, Riyadh, in an effort bring an end to the current political impasse in the country. ""The opposition wants everything and President Saleh is still the most powerful person in the country,"" GCC's Ganadi said. ""The opposition is now the one going against the GCC initiative,"" said Ganadi. A leading revolutionary attending a march on Monday in Sanaa spoke out against the coalition's proposal. ""The youth are not involved in any agreement and in the end, we have the powerful voice,"" said Khaled Anesi.  ""No initiative will save Saleh from the crimes he committed against the peaceful youth,"" Anesi said. In addition to pushing the transfer of power, the GCC's initiative also called for the formation of a national unity government to be chaired by the opposition. There was no mention of that proposal in the statement released by the Yemen government. Last week, Saleh said he welcomes the council's efforts to help resolve the political crisis in his country.  He has said he intends to step down but only under a peaceful and constitutional transition process. Despite increasing pressure from neighboring countries and opposition groups, the Yemeni government has said calling for Saleh's departure now is going too far. Yemen's president has promised not to run in the next round of elections. The United States, which has been allied with the Saleh government in its fight against al Qaeda in the Arabian Peninsula, has welcomed past Gulf council initiatives. ""We strongly encourage all sides to engage in this urgently needed dialogue to reach a solution supported by the Yemeni people,"" Mark Toner, spokesman for the U.S. State Department, said Friday. ""President Saleh has publicly expressed his willingness to engage in a peaceful transition of power; the timing and form of this transition should be identified through negotiation and begin soon."" Violence and protest have raged in Yemen, where protesters have called for the ouster of Saleh. He has ruled the country since 1978. An eyewitness claims hundreds of protesters attended an anti-government march in streets of Sanaa, and other cities across Yemen. ""We will not be scared to march and make the regime understand that we will not stop until our demands are met,"" student activist Hareth Abdullah said. ""Every day we increase in power and the regime decreases in power,"" Abdullah said. High unemployment fuels much of the anger among a growing young population who have suffered from poverty. The protesters also cite government corruption and a lack of political freedom. ""We will not differ with the revolution youth and we will support them,"" Yahya Abu Osbaa, a senior JMP official said.  ""In the end, I can assure you that we will agree on terms,"" Osbaa said. CNN's Mohammed Jamjoom, Yousuf Basil, Amir Ahmed and Hakim Almasmari contributed to this report ."
dd995bc0f509023315f0ffa2d7b7cee968c518bd,JM,"{'JM': 4, 'GB': 1, 'US': 2}","(CNN) -- The desperate search in Portland, Maine, for a Harvard Business School student missing since Sunday ended in heartbreak after his body was found just days before he was to graduate. Portland Police Chief Michael Sauschuck confirmed Tuesday that a body pulled from Portland Harbor in the city's Old Port area is that of 31-year-old Nathan Bihlmaier. ""It's a tragic end. We had high hopes throughout working with the family and the community to bring Nate home. These weren't the circumstances that we wanted,"" Sauschuck told reporters. He said there's no indication of foul play, but investigators are working to piece together Bihlmaier's final hours using security camera video from nearby businesses. Cops: Body of missing girl, 19, found in woods . Bihlmaier and two friends drove from Cambridge, Massachusetts, to Portland last weekend to celebrate his graduation from Harvard. According to police reports, Bihlmaier was asked to leave the Ri Ra Irish pub on Commercial Street around 12:20 a.m. Sunday because he was visibly intoxicated. He left alone but never returned to his hotel, prompting his friends to report him missing, police said. Arrest made in missing California teen case . For two days, police divers, using side-scan sonar, searched Portland Harbor for the missing man. On Monday, authorities announced that divers had found Bihlmaier's clothing. Bihlmaier's wife, Nancy, who is pregnant with their first child, traveled to Portland to help police in their search efforts. ""It's a day that will now be forever tinged with sadness,"" Nitin Nohria, dean of Harvard Business School, told reporters after learning Bihlmaier's body had been found. Nohria also said this week's commencement activities will be bittersweet as Bihlmaier's classmates mourn. ""We're a tight-knit community preparing for a graduation. Nathan was supposed to be one of 900 receiving a diploma. We were all hoping this would be a day Nathan could celebrate. Instead, we are here trying to grasp this unspeakable tragedy,"" Nohria said. Is this what Baby Gabriel looks like today?"
51d09f572d23b50c2f161f4acdf51994f98de6be,US,"{'US': 5, 'KI': 1, 'GB': 1}","(CNN) -- The family of a woman whose naked and bound body was found hanging in a Southern California mansion two years ago has filed a federal lawsuit accusing three people of plotting her death. The San Diego County medical examiner ruled that Rebecca Zahau committed suicide, but a lawsuit filed Friday by her mother and sister contends she was the victim of a murder plot devised by her millionaire boyfriend's brother, ex-wife and the ex-wife's twin sister. Zahau's boyfriend, Jonah Shacknai, owned the Coronado, California, vacation home where she was found dead on July 13, 2011. His 6-year-old son, Max, suffered a fall in the same home two days earlier and died in a hospital on July 16, 2011. The lawsuit filed by the dead woman's mother, Pari Zahau, and sister, Mary Zahau-Loehner, does not detail the alleged plot, but it contends each defendant ""participated in some manner in the planning, implementation, execution and subsequent concealment of the scheme to murder Rebecca Zahau."" The defendants named are Adam Shacknai of Memphis, Tennessee; Dina Shacknai of Phoenix, Arizona; and Nina Romano from Stockton, California. Dina Shacknai is the mother of Max, the boy who died from the fall. ""Defendants intentionally, willfully, wantonly and maliciously threatened to cause immediate physical harm to Rebecca by threatening to stalk, attack, choke, gag, bound, and hang her at the premises,"" the complaint said. Efforts by CNN to reach the defendants or their lawyers for comment were unsuccessful Sunday. After Zahau's death was ruled a suicide and San Diego County officials refused to pursue criminal charges, Jonah Shacknai asked the California attorney general's office to investigate his son's fatal fall and his girlfriend's hanging. He said he hoped a state inquiry would bring a ""dignified resolution for everyone who has been touched by the horrible events of this summer."" The attorney general cited the ""state's scarce resources"" in a letter declining to investigate, but Zahau's family hired their own investigators to challenge the findings that she committed suicide. A renowned forensic pathologist hired by the family said four bruises found on the top of her head indicate trauma not readily explained by the hanging. He said in September 2011 that it was just one of several reasons he wouldn't have ruled the death a suicide. Authorities first went to the home, in the San Diego suburb of Coronado, on July 11 after getting a call from Zahau's 13-year-old sister reporting that Max had fallen down the stairs and was not breathing, Coronado police Cmdr. Mike Lawton said. Zahau, her sister and the boy were the only ones in the residence at the time of the incident. Police arrived within two minutes, followed a minute later by firefighters who, after finding the boy unconscious on the floor, ""began lifesaving measures immediately,"" Lawton said. But despite extensive medical treatment, Max Shacknai died five days later. The medical examiner ruled the boy's death an accident. On July 13, authorities got another 911 call from the home. This time, it was Adam Shacknai, Jonah Shacknai's brother, reporting that he found Zahau hanging, San Diego County Sheriff Bill Gore said. Adam Shacknai, who was staying in a guest house that morning, told investigators that he climbed onto a table and cut the body loose before investigators arrived, authorities said. Gore said investigators were comfortable with the brother's account. Jonah Shacknai, a lawyer and the founder and CEO of Medicis Pharmaceutical Corp., was at a children's hospital or a Ronald McDonald House from the time when investigators believe the suicide happened to the time Zahau's body was reported, San Diego sheriff's Lt. Larry Nesbit said. The autopsy concluded that Zahau was ""alive when she went over the (second-floor) balcony"" with a T-shirt wrapped around her neck, the medical examiner said. There was no evidence of a struggle or a sexual assault, or that she was rendered unconscious or incapacitated, adding that ""her feet were dirty, consistent with standing on the dirty balcony,"" he said. Though investigators don't know the order of events, they believe she removed her clothing, painted a message, cut a rope into sections, secured the long portion to a bed, bound her feet, placed the rope and the shirt around her neck, fashioned wrist bindings, secured her hands in the binding behind her back, moved to the balcony, leaned over the rail and fell, San Diego County sheriff's Sgt. Dave Nemeth said. Nemeth said one person told investigators that in January, Zahau had ""lost weight, seemed stressed, was not sleeping well and was not exercising, which was abnormal for her."" Other interviewees indicated that ""Rebecca was distraught over Max's injury,"" Nemeth said. But Zahau family attorney Anne Bremner had previously said that one of Zahau's sisters, who talked to her the night before her death, said Zahau ""was completely fine"" and didn't feel guilty about Max Shacknai's fall. ""My sister never had a psychiatric problem, never (had) been on psychiatric medication and never had attempted suicide, let alone ever talked about harming herself,"" Mary Zahau said in an interview weeks after her sister's death."
bfb23a4f040b7006875f934cb35e6b22e0ea85b0,GB,"{'GB': 9, 'CA': 1, 'FR': 1, 'DE': 1, 'IT': 1, 'JP': 1, 'RU': 1}","London (CNN) -- At least 57 people were arrested in London on Tuesday in connection with plans for anti-capitalist demonstrations before next week's Group of Eight summit, police in Britain said. Those arrested were accused of possession of weapons with the intent to cause violent disorder, possession of pointed/bladed articles and a variety of public order offenses. Earlier, police in riot gear raided a building in central London. Britain is hosting the G8 world leaders at a summit next week in Northern Ireland. A ""Carnival Against Capitalism"" has been planned by demonstrators ahead of the summit. Demonstrators long have targeted the G8 summit to protest the economic policies of the world's leading industrial powers. The group is made up of Canada, France, Germany, Italy, Japan, Russia, the United Kingdom and the United States. The Carnival Against Capitalism group said it hasn't negotiated with police and stressed that it won't be controlled. It planned a ""mass action"" of protests for central London on Tuesday afternoon. ""London is right at the heart of global capitalism,"" the Carnival group said on its website. ""The powerful feel safe in London so long as they go unchallenged."" ""Traditionally, carnival is the time where the people take over the streets, the bosses run and hide, and the world gets turned upside down. It is a time to celebrate our resistance and our dreams, to bring music and colour to the streets. And also to show our strength and our anger."" The group said in a statement that the mass actions ""will only be as effective as the people participating in them."" ""We have not negotiated with the police and we will not be controlled. If we look after each other, stay mobile, don't get caught in kettles and are ready to make quick decisions about what to do next, we can make the most of the day. See you on the streets,"" the group said. The London Metropolitan Police says it has ""an appropriate police plan in place."" There were nearly 1,200 officers on duty as part of Tuesday's policing operation around the G8 summit."
6993f50895e15edc49f965a1993dbd7da75af7b0,SD,"{'SD': 14, 'SS': 1, 'BD': 1}","(CNN) -- One international peacekeeper was shot dead and another was wounded early Sunday after a ""gang"" attacked their police post inside a refugee camp in Sudan's embattled Darfur region, the African Union - United Nations Mission said. The incident came amid continued fighting, much of pitting armed militia groups against Sudanese government forces in the region, which is near Sudan's border with the new nation of South Sudan. Late last week, for instance, U.N. officials said all 25,000 people living in another Darfur refugee camp -- this one the Kassab camp, in north Darfur -- fled due to ongoing violence. As to the latest incident, the joint mission, known as UNAMID, said in a statement Sunday that a ""gang surrounded"" its community policing center inside the Otash refugee camp in Nyala, South Darfur. The armed men then began shooting, killing a peacekeeper from Bangladesh around 3:15 a.m. and wounding another, according to UNAMID. The infiltrators fled the scene after the A.U.-U.N. police unit returned fire, the mission said. ""The attack on our peacekeepers is cowardly (and) deplorable and our thoughts go to the families and friends of the fallen and the injured,"" said Aichatou Mindaoudou, acting joint special representative for the mission. Mindaoudou urged Sudan's government to make a concerted bid to apprehend those responsible for the shooting, which she called a war crime under international law. Violence has plagued Darfur for nearly a decade. The United Nations estimates as many as 300,000 people have been killed and almost 3 million people have been displaced from their homes since the Darfur conflict broke out in 2003. In March of this year, the International Criminal Court issued an arrest warrant for Sudan's defense minister for 41 counts of crimes against humanity and war crimes allegedly committed in the Darfur region. Sudanese President Omar al-Bashir is also wanted for crimes against humanity by the ICC in connection with the conflict. Chris Cycmanick, head of media relations for UNAMID, told CNN late last week that there was a drop in civilian casualties between 2010 and 2011 in Darfur, ""but recently there has been an uptick in criminal activity."" ""The situation is troublesome, it is not supposed to be happening in Darfur, but there is still fighting going on,"" Cycmanick said. A UNAMID statement issued last Monday said the latest round of violence began after an incident on August 1, when three armed men carjacked the local district commissioner and his driver and shot them dead. ""Subsequently, on the same day armed men surrounded Kassab, looted the market, burnt down the Sudanese Police post in the camp and reportedly killed four persons (three civilians and one police officer) and injured six others,"" the statement said. Security continued to deteriorate over the following days in Kutum town, Kassab camp and another camp, Fataborno, ""including fighting between the armed elements and government forces, as well as looting and displacement of civilians,"" it said. Nyala, where the early Sunday morning attack occurred, is about 300 kilometers (185 miles) south of Kutum. According to a paper published last month by the independent monitoring group Small Arms Survey, violence has picked up of late since new non-Arab ""Popular Defense Forces"" have been recruited, trained and armed by the Sudanese government since late 2010 to force Zaghawa rebel groups out of a swath of the eastern Darfur region. As a result, about 70,000 people had been displaced by mid-2011, and retaliatory attacks by both sides continue, the group said in its paper. Meanwhile, aerial bombardment has been used to target rebel forces and civilian villages believed to support them, in defiance of U.N. Security Council resolutions. Weapons and ammunition also continue to flow into the hands of proxy forces and government forces in defiance of a ""wholly ineffective"" embargo on Darfur, the group reported. CNN's David McKenzie contributed to this report."
f5b643c6bc3c697e72ded5cb1f4f30a631ce7f9b,AF,{'AF': 1},"(Wired) -- No more will soldiers' vision be limited to the socket-embedded spheres that God intended. The Pentagon now wants troops to see dangers lurking behind them in real time, and be able to tell if an object a kilometer away is a walking stick or an AK-47. In a solicitation released today, Darpa, the Pentagon's far-out research branch, unveiled the Soldier Centric Imaging via Computational Cameras effort, or SCENICC. Imagine a suite of cameras that digitally capture a kilometer-wide, 360-degree sphere, representing the image in 3-D onto a wearable eyepiece. You'd be able to literally see all around you, including behind yourself, and zooming in at will, creating a ""stereoscopic/binocular system, simultaneously providing 10x zoom to both eyes."" And you would do this all hands-free, apparently by barking out or pre-programming a command (the solicitation leaves it up to a designer's imagination) to adjust focus. Then comes the Terminator-vision. Darpa wants the eyepiece to include ""high-resolution computer-enhanced imagery as well as task-specific non-image data products such as mission data overlays, threat warnings/alerts, targeting assistance, etc."" Target identified: Sarah Connor... The ""Full Sphere Awareness"" tool will provide soldiers with ""muzzle flash detection,"" ""projectile tracking"" and ""object recognition/labeling,"" basically pointing key information out to them. And an ""integrated weapon sighting"" function locks your gun on your target when acquired. That's far beyond an app mounted on your rifle that keeps track of where your friendlies and enemies are. The imaging wouldn't just be limited to what any individual soldier sees. SCENICC envisions a ""networked optical sensing capability"" that fuses images taken from nodes worn by ""collections of soldiers and/or unmanned vehicles."" The Warrior-Alpha drone overhead? Its full-motion video and still images would be sent into your eyepiece. It also has to be ridiculously lightweight, weighing less than 700 grams for the entire system -- including a battery powerful enough to ""exceed 24 hours [usage] under normal conditions."" That's about a pound and a half, maximum. The Army's experimental ensemble of wearable gadgets weighs about eight pounds. And it is to SCENICC what your Roomba is to the T-1000. Here's how far advanced SCENICC is compared to bleeding-edge imaging and networking capabilities that the Army is currently developing. Right now, the Army's asking three different companies -- Raytheon, Rockwell Collins and General Dynamics -- to build a wearable platform of digital maps, computers and radios, networked with one another. Soldiers would have warzone maps beamed onto helmet-mounted eyepieces. The system, known as Nett Warrior, needs to weigh less than eight pounds, and it builds on a years-long and ultimately fruitless effort called Land Warrior. (One of the problems with Land Warrior is it was heavy and cumbersome, owing in part to battery weight.) The Army hopes to choose one of the Nett Warrior designs by March. By the time it'll actually roll out Nett Warrior after testing, production and deployment -- a few years, optimistically -- SCENICC will already be hard at work on its replacement. Darpa wants a hands-free zooming function within two years of work on the contract. By year three, the computer-enhanced vision tool needs to be ready. Year four is for 360-degree vision. Then it's on to development. The Army is generally hot for combat-ready smartphones to keep soldiers linked up with each other. And the buzz-generating tool for the soldier of the near future is mapping technology, delivered onto a smartphone or some other handheld mobile device, at least judging from this year's Association of the U.S. Army confab. But all of these representation tools are two-dimensional, and require soldiers to look away from their patrols in order to use them. Textron's SoldierEyes Common Operating Picture, for instance, lets soldiers see icons on a tablet-mounted map telling them where their friends, enemies and neutrals are. It can't put those icons onto a 3-D picture sent to a soldier's eyes, let alone allow a 10x zoom for a kilo-wide 360-degree field of vision. Why would anyone use a map on a smartphone when they could have SCENICC? Even with all the advances in digital imaging, it'll be a tall order to put together 360-degree vision and 10x zoom and mapping software and integration with weapons systems and lightweight miniaturization and network connectivity. Darpa doesn't really address how the system's networked optics would work in low-bandwidth areas like, say, eastern Afghanistan (though maybe drone-borne cell towers can help). Indeed, judging from the solicitation, while SCENICC is supposed to be networked, it doesn't seem to have any communications requirements for soldiers to talk through what their optics are sharing with each other. Maybe there's a role for those new soldier smartphones after all. Subscribe to WIRED magazine for less than $1 an issue and get a FREE GIFT! Click here! Copyright 2010 Wired.com."
9cd97226a1d65583d963cbc6b4e4405afa2f378a,CN,{'CN': 8},"(CNN)    -- Kezai started receiving professional tennis coaching at the age of eight. Since then his father has worked hard to cover his training costs. Two years on and it all seems to have paid off. In June, a local Chengdu company reached out to Li Chengpeng, Kezai's father, with an offer to sponsor Kezai. Soon after, a professional photographer took pictures of Kezai and his father for advertisements. But the family's happiness was short lived. The company withdrew the sponsorship. Though he says he was never given an explanation, Kezai's father believes it was because of his political activity. The company could not be reached for comment. As a controversial blogger and writer, Li announced his plan to run for office as an independent candidate for China's National People's Congress of Wuhou District, a legislative body at the local level in Sichuan province. ""You never know the benefit of standing up if you always stay on your knees,"" Li declared in a campaign statement on his microblog, where he has more than three million regular followers. Through the power of social media, Li's original message was forwarded more than 3,000 times within a few hours on micro-blogging site Sina Weibo, a popular twitter-like service. But such campaigns are rare in China. The Chinese do not choose their own president or premier because all government officials are pre-decided. However, elections are held on the local level, with all candidates approved by the party beforehand. China's electoral law stipulates that every Chinese citizen over 18 has the right to vote and run in local elections. Those, like Li Chengpeng, seeking to become candidates for county or township legislatures must first register and secure confirmation of their candidacy. They must then be nominated as ""deputy candidate"" by political parties, social organizations or have the signed support of at least 10 registered voters in their constituency. In practice, the government can rule candidates or any of their supporters unqualified and refuse to put them on the ballot, which critics say leaves ample opportunity for manipulation of the results. ""I know nobody on the ballot sheet. And I don't think my vote will make much difference,"" a retiree in Beijing said when she was asked to vote for the People's Congress district's last election. In recent months, an unprecedented number of Chinese citizens have declared themselves as independent candidates, according to Li Fan, founder of the World and China Institute that promotes democracy at the local levels. He said many candidates have grievances with the local government and feel they cannot get their voices out. ""They bid for the position as they think they can draw attention from the public for better solving of the problem,"" he said. ""Some local governments did think that their leadership was threatened by these (independent candidates), which is obviously not the case."" Li Fan said. Some believe there are concerns among the central government as well. On June 8, state-run media Xinhua quoted the head of the Commission for Legislative Affairs of the National People's Congress Standing Committee as saying that ""there is no such a thing as an 'independent candidate' as it's not recognized by law."" All candidates must follow the guidelines laid out by the government. But some do manage to meet the guidelines and run under the banner of an independent. The history of China's independent candidates dates back to 1998, when Yao Lifa, a teacher in Hubei Province, became the first self-described independent candidate elected to the local congress. He lost out when attempting a bid for a second term in 2003. With the government in control of the media and potential candidates subject to government approval, many question whether a truly independent candidate can win. Li Fan says more than 100 people -- many using the internet -- have declared themselves as candidates for upcoming elections for people's congresses across the country. ""There are no fair and free elections in China,"" said Li Fan. ""Chances are not good for these people leading the wave, but with their appeals, a lot more people will stand out to join in the election. They are the future."" No matter what the chances are for Li Chengpeng, he says he is determined. ""In China, there is so much unfairness and many choices in life are decided by the others,"" he explained during an interview with CNN. ""I want to make decisions on my own."" To achieve his goal, Li Chengpeng has visited more than 100 residents in his constituency, listening to their appeals to work out his campaign plan, trying to secure the government-required support from 10 registered voters. He also continues to speak out on his blog. Li Chengpeng is not sure whether his name will appear on the ballot in September, when the election process officially begins, but he tries to be optimistic. ""I'm confident. If I'm not confident, how can I convince my supporters?"" he said. Li Chengpeng is not so confident about securing another tennis sponsorship for his son, if his political activities indeed caused him to lose the first one. He says he plans to fight on as an independent -- and he has his son's support. Visqi He contributed to this report."
5f1d16267bb76e42132b978d4bd2445ace6be3ee,US,"{'US': 1, 'SN': 1, 'MG': 1, 'HT': 1, 'AU': 1, 'SO': 1}","(CNN) -- Massive global greenhouse gas pollution is changing the chemistry of the world's oceans so much that scientists now predict it could severely damage shellfish populations and the nations that depend on the harvests if significant action isn't taken. A new study from the Woods Hole Oceanographic Institution in Massachusetts shows that ocean acidification is becoming a very serious problem. The study was published in July online in the journal Fish and Fisheries. ""What the study found was that in the next 10 to 50 years many countries are going to see impacts, particularly countries that are heavily reliant on clams and oysters and mussels, and will not be able to adapt by shifting to other foods or aquaculture methods,"" said Jackie Savitz, senior scientist and chief strategist for the international ocean conservation and advocacy organization Oceana. Ocean acidification, or the changing chemical make-up of seawater, has occurred since the industrial revolution as ocean waters absorbed too much carbon dioxide. Carbon dioxide is a by-product of human industrial activities, mainly the burning of fossil fuels. The Woods Hole study found that many marine animals like mollusks and corals that build hard shells and skeletons are most at risk from this. Those countries directly impacted are mostly poor and developing nations that are heavily dependent on shellfish as main sources for protein, like Senegal, Madagascar and Haiti. But the research also suggests damage caused by ocean acidification could ripple across economies around the world. It's already blamed for economic losses at oyster farms in the Pacific Northwest and the slowing of coral growth in Australia's Great Barrier Reef, according to Oceana. ""The truth is, if you look at all the effects of ocean acidification, nobody really gets off the hook,"" Savitz told CNN Radio. ""Impacts on coral reefs, for example, that can affect tourism, that can affect fisheries because fish depend on coral reefs. And when you look at those impacts, what you find is, in many cases, it's the developed countries, like the United States, the U.K. and other European countries that will be impacted."" Even though this current study by Woods Hole found that ocean acidification is likely to have the worst impact on poor and developing nations first, it's a problem with widespread impact. ""If you look at Somalia, where industrial fishing has fished out Somalian waters and the local fishermen can't get food anymore, what do they do?"" Savitz said. ""They turn to piracy. Who does that affect? That affects anybody with a ship that's going through those waters. They've taken a lot of different ships hostage. So, ultimately, food insecurity can become a national security issue."" Savitz also said, ""If all these countries are going to have food insecurities because their clams or oysters are no longer available or because their fisheries are no longer available as a result of climate change, that could put pressure on other countries and it can affect all of us."" Savitz and her organization Oceana are urging more support for a clean energy sector, something the Obama administration has been pushing and trying to develop for several years, and an end to taxpayer subsidies for fossil fuel industries. CNN's Ninette Sosa and Barbara Hall contributed to this report."
555b36a491c4056dfe8117f8c2ccbd35547b15b3,US,{'US': 1},"LOS ANGELES, California (CNN) -- The newly named lawyer for Michael Jackson's children makes her first court appearance Monday as a judge decides if he'll approve a contract between Jackson's estate and concert promoter AEG Live. Michael Jackson's estate will be the subject of a court hearing today. Jackson's mother, Katherine Jackson, who has custody of the three children, objected to provisions of the deal that would give AEG Live a share of rights to video of her son's final rehearsals. Los Angeles County Superior Court Judge Mitchell Beckloff appointed estate law expert Margaret Lodise last week to represent the children after he decided their interests might sometimes conflict with their grandmother's. Despite warnings by estate lawyers that a delay could cost millions of dollars, Beckloff delayed his decision on the AEG Live contract one week to give the children's new lawyer time to weigh in on the deal. The contract would provide for an exhibition of Jackson memorabilia that would travel to at least three cities, according to Kathy Jorrie, a lawyer for concert promoter AEG Live. ""The longer we wait, the more time passes, frankly, the less interest there will be on the part of the public to come see it,"" Jorrie said. The judge has already approved a contract to allow Columbia Pictures to use video that AEG Live shot of Jackson's last rehearsals for a documentary due out this fall. Columbia is a division of Sony Pictures. Sony Pictures said it would deliver the movie -- ""This Is It"" -- to theaters starting October 30 ""with the full support of the estate of Michael Jackson."" Court papers filed last week revealed that Columbia Pictures would pay a minimum of $60 million for the rights to make the Jackson movie. Katherine Jackson's lawyers, while endorsing the movie deal, have objected to terms given to AEG, saying they are too generous to the company. Jackson's lawyers objected to the estate's agreement to let AEG recover all its expenses from that money, then take 10 percent of the remainder. It also gives the company a perpetual share of the profits from the video rights. AEG Live's lawyer said the company had made many concessions to the estate and could not make more. The judge previously has said he might approve the contracts even over Katherine Jackson's objection. Jermaine Jackson, Michael Jackson's older brother, told CNN's Larry King recently that he likes the deals, which he said could bring in nearly $100 million into the estate. Katherine Jackson and Michael Jackson's three children are the main beneficiaries of the estate, which is controlled by Jackson's former lawyer, John Branca, and longtime Jackson friend and music executive John McClain. Branca and McClain were named in Jackson's will as executors. Katherine Jackson is considering a challenge of their control of the estate."
4b2c3e0a7765e5cb63a9197cfc6edb7985603614,IT,"{'IT': 7, 'BR': 1, 'DZ': 1, 'SK': 1, 'ES': 2, 'SE': 1, 'GH': 1}","(CNN) -- AC Milan reclaimed second place in Italy's Serie A with a tempestuous 2-1 victory at Napoli on Monday night which saw the home side reduced to 10 men for half the game before a near-brawl erupted late in the match. Milan reduced Lazio's lead to two points after eight rounds thanks to a goal in each half from forwards Robinho and Zlatan Ibrahimovic, putting Massimiliano Allegri's team two clear of third-placed city rivals Inter. Napoli, who were left in sixth place, had midfielder Michele Pazienza sent off in first-half injury-time for a second handball offense but managed to reduce the deficit with 12 minutes to play with an ingenious effort from striker Ezequiel Lavezzi. Milan went into the match hoping to capitalize on defending champions Inter's 1-1 draw with Sampdoria on Sunday, and made the perfect start when Robinho opened the scoring in the 22nd minute. The Brazil star, starting in place of injured compatriot Ronaldinho, calmly sidefooted home a left-foot shot from the edge of the area following a fine cutback from substitute Massimo Oddo. Oddo, who came on for defender Luca Antonini, had found space down the right with Napoli down to 10 men as Christian Maggio received treatment for a head injury suffered in the collision that saw the Milan player leave the field 10 minutes earlier. Maggio was then replaced by Algeria international Hassan Yebda, and matters got worse for Napoli when Pazienza was sent off in the first minute of time added on. However, Lavezzi almost equalized before the halftime whistle blew with a superb header that required a flying save from Milan keeper Christian Abbiati. Abbiati was again called into action on the hour mark when he denied a fierce effort from Slovakia midfielder Marek Hamsik as Napoli continued to press forward, but Ibrahimovic made it 2-0 in the 71st minute with his third league goal since returning to Serie A from Barcelona. The Sweden striker bulleted in a powerful header from another Oddo cross that keeper Morgan De Sanctis could only deflect into his net. But Napoli hit back seven minutes later when Lavezzi picked himself off the floor following a goalmouth scramble to scoop a delightful flick over Abbiati and in off the crossbar. Tensions boiled over in the 83rd minute when Salvatore Aronica appeared to catch Robinho in the face with a flying arm, resulting in Kevin Prince-Boateng racing in with a rash challenge on the Napoli midfielder before confronting him. Aronica and the Ghana midfielder were both booked along with Napoli's Argentine defender Hugo Campagnaro as players piled in from both sides, including Ibrahimovic -- who appeared to be sent off after encroaching on the pitch following his earlier substitution. Napoli forced two corners in the five minutes of time added on but could not level despite De Sanctis joining in the attacks, giving Milan a morale-boosting win ahead of this weekend's clash with fifth-placed Juventus. Meanwhile, promoted Real Sociedad moved up to 11th place in Spain's La Liga after a 3-0 win at home to struggling Deportivo La Coruna on Monday night. Striker Joseba Llorente opened the scoring in the 17th minute from from Alberto de la Bella's cross, and 19-year-old French winger Antoine Griezmann made it 2-0 with 20 minutes to play with a second headed strike before a bizarre celebration which saw him jump behind the wheel of a car parked on the side of the pitch. Striker Imanol Agirretxe sealed the victory in the 86th minute after being set free by fellow substitute Jeffrey Sarpong to leave 1999-2000 Spanish champions Deportivo languishing second from bottom in the table."
e8b87da56e1a9a4351f747fca38d00018283e234,CU,"{'CU': 9, 'MX': 1, 'VE': 1, 'US': 2}","(CNN) -- Some long-time Cuba watchers expressed skepticism Tuesday over a report by a former Mexican foreign minister that Communist leader Raul Castro removed two top-ranking officials earlier this month because they were plotting to overthrow him with the support of Venezuelan President Hugo Chavez. Fidel Castro, beset by illness, ceded power to his younger brother, Raul, pictured, last year. Jorge G. Castaneda, who served as Mexico's foreign minister from 2000 - 2003, wrote in the March 23 issue of Newsweek, which became public Saturday, that Deputy Prime Minister Carlos Lage Davila and Foreign Minister Felipe Perez Roque were concerned that Raul Castro would make concessions that would betray the 50-year-old Cuban Revolution. ""For at least a month or so, Lage, Perez Roque and others were apparently involved in a conspiracy, betrayal, coup or whatever term one prefers, to overthrow or displace Raul from his position,"" Castaneda wrote. ""In this endeavor, they recruited -- or were recruited by -- Venezuela's Hugo Chavez, who in turn tried to enlist the support of other Latin American leaders, starting with Leonel Fernandez of the Dominican Republic, who refused to get involved."" The Venezuelan Embassy in Washington did not answer a verbal and written request for comment. The Dominican Republic Embassy in Washington did not answer telephones calls at various numbers. Robert Pastor, who served as a Latin America National Security adviser for President Jimmy Carter in the late 1970s, returned Saturday from a weeklong visit to Cuba. Pastor said he wrote Castaneda a letter upon his return expressing his disbelief in Castaneda's contentions. ""This is Jorge at his most creative,"" Pastor said Tuesday. Louis A. Perez Jr., a Cuba scholar who has written 12 books on the nation, also expressed his doubts. ""Where is this coming from?"" Perez asked. ""I operate with the idea that there has to be some standard of plausibility. Is there discontent in Cuba and was Lage seen as the heir apparent? Yeah, that's the conventional wisdom since last year. But that there's a conspiracy between Lage and Perez Roque? I don't think so. It would be helpful if the people who write these reports cross the barrier of speculation."" Castaneda freely offers that he has no proof, calling his thesis ""informed speculation."" ""I have no way to substantiate any of this,"" he said by telephone Tuesday from Mexico City. ""I have no evidence of it."" Instead, Castaneda points to an ""enigmatic"" comment former leader Fidel Castro made in a column after the two men were removed. ""He resorted to a baseball metaphor on the occasion of the World Baseball Classic to praise Dominicans for not participating (the team's plans had been unclear) and to claim that Chavez's baseball players, 'as good and young' as they might be, were no match for 'Cuba's seasoned all-stars,' "" Castaneda wrote in the Newsweek article. Castaneda says Castro was thanking Dominican President Fernandez and sending a veiled message to Chavez. The former Mexican official also points to Chavez' silence on the removal of the two men as further proof that he was involved. The two fired functionaries were acting out of loyalty to the revolution, Castaneda wrote. Fidel Castro, beset by illness, ceded power to his younger brother last year. Most analysts see Fidel Castro as the more idealistic and doctrinaire of the two brothers, while Raul is viewed as more pragmatic. ""Their reasons for wishing to unseat Raul were mainly turf and power,"" Castaneda wrote, ""but they also feared that the leader was beginning to feel threatened by the reaction of the Cuban people to excessive economic and social deprivation, and after his brother's demise would be unable to control the flow of events. Consequently, he would accept a series of economic and political reforms to normalize relations with the United States. ... ""They believed this to be a betrayal of the revolution, and the beginning of the end of its survival."" According to Castaneda, Raul Castro detected the plot and went to his brother and gave him an ultimatum: support him or the plotters. Fidel Castro agreed to back his brother, Castaneda wrote. The Castro brothers then called in Chavez and gave him a ""devil's alternative: back off, while maintaining economic support for the island, or lose his Cuban security detail and intelligence apparatus, exposing himself to coups and assassination attempts from eventual Venezuelan replacements. He chose to stick with the Castros."" Castaneda acknowledges that Pastor and others have criticized him but says, ""I ask that they offer a better explanation."" Says Pastor, ""Most of them are quite conventional explanations. Everyone knew he was going to change the Cabinet. The only question was when the changes would be."" Raul Castro was merely trying to make the government more efficient, Pastor said. ""What was he doing?"" he asked. ""Merging different ministries, trying to decentralize and strengthen the government's capacity to undertake economic reforms."" But Castaneda points to the manner in which the two men were removed as proof that there was more to it than just a change in government. Why weren't Lage and Perez Roque given ambassadorships or other face-saving posts, as is often done in cases like this, he asked? Instead, Castaneda said, the men were stripped of all posts and made to sign letters in which they confessed to unspecified ""mistakes."" And one day after the two men were removed, Fidel Castro wrote in his column that they were ousted after they became seduced by the ""honey of power,"" which led them to an ""unworthy role."" Castro further said the two men had reawakened the illusions of ""foreign powers"" regarding Cuba's future. Castaneda says Raul Castro was worried about what would happen after Fidel dies and was trying to avert a succession battle. Perez Roque, 43, might have been perceived as a threat. ""Perez Roque was popular in Cuba; his youth, his humble origins, his combative nature all brought him closer to the people than most Cuban bureaucrats,"" Castaneda wrote in Newsweek. Pastor notes that the decision to remove the two men was not popular. ""There was pushback in Cuba among the [Communist Party] cadres and the public who said, ""We've connected with these two people. Why are they going?"" Pastor said. ""They didn't feel the government had given an adequate explanation for changing those individuals. They were concerned about the language of the resignations and about Fidel's comments."" Interestingly, Pastor said, ""They blamed Fidel more than they seemed to blame Raul."" Perez, the Cuba scholar, also noted Fidel Castro's apparent passing from power. ""Nobody speaks of Fidel anymore,"" Perez said. ""He's a non-presence. Out of sight, out of mind. The only time anyone speaks of him is when they are asked about him."""
519582044eaae818b6f864b046be57a6fd2897d1,ZW,"{'ZW': 5, 'IT': 3, 'GB': 2, 'SA': 1}","(CNN) -- Robert Mugabe, Zimbabwe's controversial president, is under a European Union travel ban, but he arrived in Italy for the inauguration of Pope Francis on Monday. The much reviled leader can skirt the EU travel ban if he enters Italy on religious grounds, the Italian Foreign Ministry said Monday. Mugabe and a delegation traveled to Rome, Italy's capital, and will head to the Vatican, a separate state, for the Tuesday ceremony. The 89-year-old, in power for decades, visited the Vatican in 2011 for the beatification of the late Pope John Paul II. He attended that pope's funeral in 2005. A day of prayer, song, pomp to welcome new pope . In power for decades, he has been sharply criticized for rights abuses and turning the nation from a breadbasket into a financial basket case. The presence of a man widely regarded as a brutal dictator, juxtaposed with a pope who preaches peace, has raised eyebrows. Vincent Nichols, the Roman Catholic archbishop of Westminster, who attended the 2011 ceremony, said, according to the Daily Mail, that Mugabe's record on human rights was deplorable and ""it felt uncomfortable to be in his presence."" Controversy erupted in 2005, when Britain's Prince Charles found himself seated near Mugabe at the funeral and at one point shook his hand. A spokesman for the prince later said that was a mistake, that Charles was caught by surprise after Mugabe offered his hand. The Rev. Federico Lombardi, a Vatican spokesman, said last week that the Holy See did not formally invite diplomatic missions to attend the Mass, instead simply informing countries through diplomatic channels that the event is taking place. The pope's four biggest challenges . Even countries with which the Vatican does not have diplomatic relations, such as Saudi Arabia, are informed of major events such as the installation or funeral of a pope, he said. The Vatican Press Office said it could not yet provide a full list of attendees for the ceremony. The Bernini Bristol Hotel in Rome confirms it has hotel reservations for a Zimbabwean delegation but did not provide names. Mugabe arrived amid political turmoil in Zimbabwe. Police raided an office of Zimbabwe's prime minister on Sunday. Four officials with the office are accused of impersonating police, Zimbabwe police spokeswoman Charity Charamba told reporters. The raid came a day after a national referendum to approve a new constitution that would impose presidential term limits for the first time in Zimbabwe. The results of the vote are not yet known, and it came just a few months before Prime Minister Morgan Tsvangirai is expected to run against Mugabe in presidential elections. The two leaders entered a power-sharing agreement in 2009 . If approved, which is highly likely, the new constitution will give more powers to the parliament and limit the president's. It also introduces a two-term limit of five years each for a president. But the limit would not apply retroactively, which means Mugabe could have 10 more years as head of state if he is re-elected. Complete coverage: Pope Francis ."
3ba1c2f04094dff63c932358354b09f1609bcb36,JP,{'JP': 2},"(CNN) -- Japan Airlines on Tuesday submitted its bankruptcy plans for approval, a proposal that includes slashing roughly one-third of its workforce. The plan includes the loss of roughly 16,000 jobs; a 521.5 billion yen ($ 6.2 billion) debt waiver, mainly from financial institutions; and a 350 billion yen ($ 4.2 billion) investment in the airline by the state-backed Enterprise Turnaround Initiative Corp. of Japan. The airline submitted the plan to the Japanese government and Tokyo district court for approval. The airline -- one of Japan's largest-ever corporate failures -- proposes cutting 45 money-losing domestic and international routes from the end of September through the end of March 2011. The company also will tackle drastic cost-cutting and retire aging planes. The airline collapsed under a mountain of debt, accumulated by ballooning pensions and unprofitable flights. It has chosen American Airlines as a U.S. partner and is focusing on trans-Pacific routes to boost revenue. After overhauling itself and improving its balance sheet, the airline aims to go public again by the end of 2012. It hopes to return to profitability by the end of fiscal 2010, or March 2011. Under the proposal, all current Japan Airlines shares would be reduced to zero values and new airline shares would be owned by the state-backed Enterprise Turnaround Initiative Corp. The airline filed for bankruptcy on January 19 and delisted in February."
7e4cbe853329c8ec1fa49146528bbd897c679928,KR,"{'KR': 4, 'GB': 1}","JEJU, South Korea (CNN) -- Word: Geese Father . Fireworks mark the groundbreaking for the Jeju Global Education City in Jeju, South Korea, last week. Definition: A father who sends his wife and kids abroad to study English and only flies to see them during winter and summer vacations. Word: Eagle Father . Definition: A geese father who is rich enough so he can swoop in to see his family any time he wants. Word: Penguin Father . Definition: A geese father who is too poor to fly. He can only yearningly gaze into the direction of his family. With a big bang, the groundbreaking for an ambitious new project on the South Korean island of Jeju got under way last week, a project that hopes to make these ""geese"" nouns obsolete. The central idea is relatively simple. More than US $1.3 billion will be poured into creating a city where elementary schools, middle and high schools, and ultimately universities, will be taught almost entirely in English. Top-notch schools outside of South Korea are jumping in, one of the first being Britain's North London Collegiate School. And while the location will be in Jeju, organizers say the curriculum, except for Korean language and history, will all be taught in English and be identical to that being taught at the institute's headquarters. More than 9,000 students are expected to participate. Officially, English is taught from the third grade here. But many Koreans believe in an early start. There are even popular Internet sites that offer recorded English language songs and stories for the fetus. There is also an overwhelming belief that the English taught in the public school system is not good enough. Even that the vast number of English private institutes are not up to par. That leaves many South Korean parents little choice but to send their children overseas. Official statistics say that as of 2007, more than 27,000 South Korean high, middle and even elementary school students were studying abroad. A government survey done last year says nearly half of all South Korean parents wanted to send their children abroad. One such parent was National Assemblyman Song Young-Gil, who made one of the opening speeches at the groundbreaking ceremony for the Jeju Global Education City. Because he represented a neighborhood in Seoul, Song could not send his children overseas without seeming to abandon his voter base. ""I always felt guilty because my children were not getting the English education that other people were getting because of me."" He also saw how the geese father phenomenon was breaking up families, and creating social problems. There have been many media reports about divorces, and even suicides among the lonely fathers. So when the government of Jeju Island asked him to support their project, Song said he gladly said yes. Jeju officials say the tuition will be somewhere between US$3,100 to US$4,700. About half the amount South Korean parents would be paying to send their children overseas. But Jeju is eying something bigger than just the Korean market. The future vision is targeting the entire northeast Asian population: Japanese and Chinese as well as South Korean children. ""Potentially there are 750 million people that live within a two-hour flight time radius of Jeju,"" says Christopher Bogden, the project manager for the Jeju Global Education City. Jeju is already a popular destination for Japanese and Chinese tourists. The tropical climate and natural beauty of the island is a major draw. And the island has recently attracted foreign investors who are seeking to cultivate the island's assets. But the project also has some worried. The lucrative English language market in Korea has already resulted in a total of 21 ""English villages"" across the country. And more are popping up. Next month, an English village capable of schooling some 5,000 children will open in the southern city of Keoje. The concern is that the Jeju project will become just ""one of the many."" And that it will be difficult for the provincial government to recoup their investment, especially in this slow global economy. But the Jeju officials are confident that the project will distinguish itself because it encompasses not just schools, but residential and commercial facilities, all using English language to enhance the immersion experience. The first stage -- comprising one each of an elementary, middle and high school -- will be ready to accept students from 2011, and the entire complex is scheduled to be complete in 2015. Organizers say that will be more than enough time for the global economy to recover and the demand for quality English education in Asia to flourish. That's good news for all geese fathers in South Korea."
b01ac0b7755297801189d567d036355f6dfac8e0,US,"{'GB': 1, 'US': 2}","(CNN) -- By the time the police officer kicked the door in, it was too late. Kerby Revelus was holding his 5-year-old sister, Bianca, and while the officer watched, he dragged a kitchen knife across her throat with such fury that he decapitated her. Samantha Revelus, 17, had called 911 for help after her brother attacked his sisters with a knife. ""It's hard to imagine that kind of horror,"" said Milton, Massachusetts, Police Chief Richard G. Wells Jr. Mere seconds passed before other officers arrived and rushed into the home in the tony Boston suburb of 25,000. Police had received a 911 call from another Revelus sibling, 17-year-old Samantha. Suffering from several deep cuts in her upper body, she was losing strength. ""It was clear that she knew she was mortally wounded,"" Wells said.  Watch police chief discuss decapitation » . Samantha managed to explain that her 23-year-old brother had attacked his sisters with a knife, police said. When she was no longer able to keep talking, the injured teen handed her 9-year-old sister, Sarafina Revelus, the phone. All the while, the kids' grandmother was doing laundry in the basement, apparently unaware of the savagery upstairs, police said. Mother Regina Revelus was at work, and father Vronze Revelus was not at home. As officers surrounded the home and rushed into every room, Kerby ran into a bedroom where Samantha was on the floor, dead. Sarafina was on the floor near her sister's body, according to Wells. Kerby Revelus then began attacking Sarafina with the knife, Wells said, prompting police to open fire and kill him. On Tuesday, the two slain siblings and their attacker were buried together. Sarafina Revelus returned home Tuesday after undergoing surgery Monday morning for wounds. It was not the first time police have visited the home answering a domestic violence call, Wells said. In September 2004, Kerby Revelus was arrested for punching one of his sisters in the face as they fought about money, the chief said. The Boston Herald identified the sibling as Jessica Revelus, who was not in the home during Saturday's attack. Jessica Revelus told officers at the time that ""she was not in fear of her brother,"" according to a police report from the incident, the Boston Herald reported. A charge of domestic assault and battery was dismissed because she refused to cooperate, Wells said. Kerby was then in his last year at Milton High School. But Kerby was in trouble a year later, in 2005, when he was charged with carrying a firearm without a license after he attempted to purchase alcohol at a Randolph, Massachusetts, liquor store. He was given a six-month sentence and was released in September 2008. CNN reached Jessica Revelus by phone Tuesday. She seemed distraught and said she had not been able to sleep. Her brother's rampage came, she said, ""out of the blue."" When asked whether he had a temper or had given any indication that he might want to hurt his sisters, she said, ""I don't know. I am not good right now. I am not good."" On Monday, Jessica Revelus told the Boston Herald that ""I was never afraid of him. I called the police because he thought he was so big and bad."" Jessica Revelus told the newspaper that her sister Samantha ""would get into arguments"" with Kerby over ""little stuff"" and that Kerby and her father were not speaking. Police are unclear about what set the brother off Saturday, and Wells said he's being careful not to speculate. Vronze and Regina Revelus said through a family spokesman that they had ""no explanation"" for their son's savagery, according to the Boston Herald. ""How much can you put on the shoulders of one family?"" Wells asked. Wells praised the first officer on the scene Saturday. ""I don't have words to articulate how this officer maintained his ability to do his job, "" he said. ""To go in and witness that first thing, just as he opens the door and stay on his radio through the whole thing ..."" He added that the horror of the day rippled through the force. ""You can bet that our officers went home after this, and they hugged their wives and their children that much tighter. I hope that for this family and for my officers, that there can be a way to get through. ""We are going to try to make them whole as soon as possible, even though the events of this past weekend will stay with them forever."""
c545c38cc78b0448c6faf044c7294e682b598dd2,,{},"Atlanta, Georgia (CNN) -- When police walked into the home, they found a 5-year-old girl weighing nearly 160 pounds, her teeth rotting, her skin covered in spider bites. Her 4-year-old sister was lying on a filthy mattress, wearing only a urine-soaked diaper. Police were responding to a domestic dispute call at the Marietta, Georgia, house Monday when they encountered the shocking scene. They called in child abuse investigators, and ultimately arrested the parents, James and Anne Cardona, charging both with second-degree child cruelty, Cobb County police spokesman Joe Hernandez said. The children are now in the state custody. Their parents were released on bond, but Anne Cardona was arrested again late Thursday for giving ""misleading information"" to a magistrate judge at the couple's first court appearance Tuesday, said Col. Milton Beck of the Cobb County sheriff's department. She remained in jail Friday without bond until further notice from court, he said. Attempts to reach her husband were unsuccessful Friday, and it wasn't immediately clear whether they had retained legal counsel. Asked by CNN affiliate WSB-TV on Thursday whether the children were mistreated at the home, Anne Cardona said no. Police had only stopped at the family's home in the Atlanta suburb one other time, more than a year ago, but hadn't observed anything like they saw Monday, Hernandez said. The house ""stunk of urine and mold,"" according to the arrest warrants for the Cardonas. It is ""infested with roaches, [fleas], cobwebs and gigantic spiders,"" the documents said. The bathroom and shower are covered in black mold and dirt, they said. Neither girl is enrolled in school. Both are severely obese. The older daughter, who weighs 158 pounds, could not walk 10 feet without ""becoming out of breath and wheezing,"" officers said. The younger child weighs 89 pounds and still drinks from a baby bottle. Her feet were blackened with dirt, her skin also covered in insect bites. ""A situation like this is tragic -- tragic for the family, but mostly for the kids,"" said Normer Adams, executive director of the Georgia Association of Homes and Services for Children, a trade group representing a range of agencies, including foster homes and family support programs. ""This is an extreme case of neglect by the parents,"" he said. ""These kids are hurting on many levels -- certainly educational development, and probably social development."" Adams said it's unlikely that the Cardonas would be able to regain custody of their children, saying it's ""too late"" for the family to avoid foster care."
bdec48aff3043322028bbbcd9dba3c7658de0de8,US,{'US': 2},"(CNN) -- Authorities in Michigan believe that they have found the body of a 5-year-old girl who disappeared while bicycling last week. Nevaeh Buchanan, 5, was last seen May 24 outside her apartment in Monroe, Michigan. Sheriff Tilman Crutchfield of Monroe County said the body appears to be that of Nevaeh Buchanan, who was last seen May 24 outside her apartment complex in Monroe, southwest of Detroit. The perpetrator remains at large, Crutchfield said. ""That person, to our knowledge, is still out there in the community,"" he said. ""In my opinion, it is a very sick or disturbed person we are looking for, a person that is able to abduct and murder an innocent 5-year-old child."" Crutchfield said the body was found buried on the bank of river in a rural area. ""There was a material present on the grave site ... that appeared to be some type of cement or concrete,"" he said at a news conference. A father, son and grandson were fishing at the river when they spotted a block of cement and noticed a bad smell, the father told HLN's Nancy Grace.   Watch authorities swarm the scene » . Guy Bickley, the fisherman who found the body, said he was using a block of concrete to rest his feet when he noticed a foul odor. The concrete broke apart from the activity around it, he added. He was swarmed by flies, and he as he broke away pieces of the concrete, he noticed what clearly was human flesh, he said. He had been following the missing child's case in the news, and he immediately thought of her, but ""then denial come in,"" he said. ""I didn't want it to be the child. I didn't want to be the one that found the child,"" he said. ""I didn't want it to be the child but I did know in my heart of hearts that it wasn't an animal, that it was somebody. And as it turns out, it was the little girl."" Crutchfield said he had no comment ""on the cement issue other than there was some type of material present."" Authorities also found a shirt that matches the description of what Nevaeh is believed to have been wearing, he said. Crutchfield vowed to use ""whatever resources necessary"" to find the perpetrator. The FBI is involved in the investigation. The girl's family said they were having trouble accepting the news. ""I am not giving up hope yet, because I still feel that she is near me,"" Nevaeh's grandmother, Sherry Buchanan, told CNN affiliate WDIV. ""My son is a total tragic mess because of this,"" she added.  He has missed her every single day she has been gone, and now he is going to miss her for the rest of his life."" Nancy Grace producer Phillip Rosenbaum contributed to this report."
2e5eb7dc1c3606f023058fcd2dea31838eb04faf,US,"{'US': 2, 'GB': 1, 'ES': 1}","(CNN) -- The anti-gay rights activist who recently toured Europe with a male escort has resigned from a group that promotes counseling for people who ""struggle with unwanted homosexuality,"" though the man insists that he is not gay. George Rekers resigned from the board of the National Association for Research & Therapy of Homosexuality, the group's website said Tuesday. ""I am immediately resigning my membership in NARTH to allow myself the time necessary to fight the false media reports that have been made against me,"" Rekers said in a statement posted on the group's website. ""With the assistance of a defamation attorney, I will fight these false reports because I have not engaged in any homosexual behavior whatsoever. ""I am not gay and never have been,"" the statement said. The association accepted the resignation, saying on its website Tuesday that it ""would hope that the legal process will sufficiently clarify the questions that have arisen in this unfortunate situation."" The group has scrubbed Rekers' writings from its site, with a page that formerly featured his work now bearing the message, ""Sorry, you've reached a page that doesn't exist."" Rekers, a Baptist minister, has been a prominent and effective foe of gay rights legislation across the country. He is a co-founder of the Family Research Council, one of Washington's most powerful conservative Christian advocacy groups, and has weighed in on anti-gay rights legislation across the country. He received about $120,000 to appear as an expert witness in a 2008 case challenging Florida's ban on gays and lesbians adopting. Rekers has written that gays are a ""deviant segment of society."" Revelations of Rekers' trip to Europe with a male escort surfaced last week, shortly after he returned to the U.S. The male escort who traveled with Rekers -- who goes by the name Lucien, though that is not his given name -- said that he advertises his service exclusively on the website rentboy.com, where visitors can choose from hundreds of male escorts in suggestive and revealing poses. Lucien says Rekers first contacted him through the site. He was hired to give Rekers daily ""sexual massages"" on the trip, which took them to London and Madrid, Lucien says. ""He got excited,"" Lucien said of the massages, adding that Rekers wanted Lucien to touch him, though Lucien said that he didn't have sex with Rekers and that Rekers didn't ask to have sex. According to a contract Lucien showed CNN, he was hired to carry Rekers' bags and to provide at least one hour's worth of massage every day in their shared room, at a cost of $75 a day. The contract also stipulated that Lucien spend at least eight hours a day with Rekers, including sharing two meals. Rekers' website provided a different account of how he met Lucien and of the trip, saying he needed help carrying luggage because of an ""ongoing condition following surgery."" The site said Rekers ""found his recent travel assistant by interviewing different people who might be able to help, and did not even find out about his travel assistant's internet advertisements offering prostitution activity until after the trip was in progress. There was nothing inappropriate with this relationship."" Rekers' site said he ""was not involved in any illegal or sexual behavior with his travel assistant."" Rekers is a distinguished professor emeritus at the University of South Carolina School of Medicine, according to his website. He earned a Ph.D. in psychology from the University of California, Los Angeles, an M.B.A. from Southern Wesleyan University and a Doctor of Theology degree from the University of South Africa, his site says. Lucien says Rekers told him about other boyfriends before the European trip. But Lucien says that in their ongoing conversations, Rekers continues to deny that he is gay. ""I actually asked him over the phone, 'Do you think you're gay?' and he said, 'no',"" Lucien said, adding that Rekers asked him not to share his story with the media. In a statement on its website Tuesday, the National Association for Research & Therapy of Homosexuality said it stood by its work promoting therapy for gays who wish to be straight. ""(T)hese personal controversies do not change the scientific data, nor do they detract from the important work of NARTH,"" the statement said. ""NARTH continues to support scientific research, and to value client autonomy, client self-determination and client diversity."" CNN's Randi Kaye contributed to this report."
c500a9e7316725006cab1929420a800238bc4b70,MX,{'MX': 3},"(CNN) -- A man alleged to be a senior member of a Tijuana-based drug cartel was extradited from Mexico to the United States on Friday to stand trial. Eduardo Arellano-Felix, 55, faces charges of narcotics trafficking, racketeering and money laundering. He was arrested on October 25, 2008, after a gunbattle with Mexican forces, the Justice Department said. Arellano-Felix was ordered extradited to the United States in 2010 but spent nearly two years on unsuccessful appeals of his case. ""The extradition of Eduardo Arellano-Felix today marks the end of a 20-year DEA investigation into this vicious drug cartel,"" said William Sherman, the Drug Enforcement Agency's acting special agent in charge in San Diego. According to a Justice Department news release, his cartel, the Arellano-Felix Organization, ""controlled the flow of cocaine, marijuana and other drugs through the Mexican border cities of Tijuana and Mexicali into the United States."" Prosecutors said the group brought Colombian cocaine into Mexico by sea and air, then smuggled it into the United States for sale. The Justice Department estimates the cartel made hundreds of millions of dollars in profits. ""The FBI is pleased with Mexico's efforts to bring to justice a leader from one of the most violent criminal enterprises in our history,"" said San Diego FBI Special Agent in Charge Daphne Hearn. ""The spirit of cooperation between our two countries is a powerful force in disrupting the criminal activities of these groups that instill fear and threaten the safety of our citizens in the border regions of the United States."" Arellano-Felix is scheduled to make his first court appearance in San Diego on September 4. The Justice Department noted two brothers of the accused already are serving time in the United States. Benjamin Arellano-Felix and Francisco Javier Arellano-Felix were convicted on drug trafficking, money laundering and racketeering charges."
42b475d81b91a307272eb94682028216def19b7f,CN,"{'CN': 5, 'US': 5, 'GB': 3, 'RU': 1, 'IL': 2, 'AU': 1}","(CNN) -- The U.S. Olympic Committee says it is too late to remake uniforms that sport ""Made in China"" labels for the London Games, though vowed Team USA would march in clothing made in America during the opening of the 2014 Winter Games. The announcement Friday was an about face by the USOC a day after it defended the use of the Ralph Lauren designer uniform, which were widely condemned by lawmakers who questioned why the work was not given to the hard-hit American textile industry. ""We take seriously the concerns we've heard from members of Congress and the American public regarding the U.S. Olympic Team's Opening and Closing ceremonies uniforms,"" Scott Blackmun, the USOC chief executive officer, said in a written statement. ""With athletes having already arrived in London, and the apparel distribution process beginning this weekend, we are unfortunately not able to make a change for London. We are absolutely committed, however, to working with our sponsors to ensure that the concerns voiced are addressed."" What's really 'Made in America' In the statement, Blackmun said that Ralph Lauren would domestically manufacture the uniforms to be worn at the opening and closing of the Winter Games in Sochi, Russia, in two years. Ralph Lauren's sponsorship as the official outfitter of the U.S. Olympic team began in 2008 and runs through 2020, according to USOC profiles of its sponsors. The controversy cast a spotlight on the plight of the U.S. textile industry, which has been hit hard in recent years by outsourcing and the economic downturn. ""Ralph Lauren promises to lead the conversation within our industry and our government addressing the issue of increasing manufacturing in the United States and has committed to producing the Opening and Closing ceremony Team USA uniforms in the United States that will be worn for the 2014 Olympic Games,"" the fashion company said in statement released Friday. According to the U.S. Labor Department, 10 years ago, there were more than 350,000 Americans employed by apparel manufacturers. Last month, that number was 147,300. In testimony before Congress last year, the American Apparel and Footwear Association said that 98% of all apparel and 99% of all footwear sold in the United States are manufactured abroad. The news the uniforms were made in China broke the same week House Democrats introduced a ""Make It In America"" jobs bill, striking a raw nerve with some lawmakers. Senate Majority Leader Harry Reid, D-Nevada, said the USOC ""should be ashamed"" and called for the uniforms to be ""burned."" Initially, USOC spokesman Patrick Sandusky took to Twitter to describe the uproar as ""nonsense."" In a statement on Thursday, he said: ""Unlike most Olympic teams around the world, the U.S. Olympic Team is privately funded and we're grateful for the support of our sponsors."" Public pressure, though, mounted with thousands taking to Facebook and Twitter to demand the uniforms be made in America. The first indication the USOC was changing its position came early Friday when Rep. Steve Israel and Sen. Kirsten Gillibrand, both Democrats from New York, said they spoke with Blackmun. From our readers: Forget uniforms, U.S. Olympians should 'go naked' The two lawmakers wrote a joint letter on Thursday to the USOC urging it to make the uniforms in the United States. ""Just had a positive conversation re: uniforms with CEO of the @USOlympic Committee. Looking forward to hearing more soon,"" Israel said in a tweet. A short time later, the USOC and Ralph Lauren issued statements. Israel said he happy to hear the Olympic committee will require future uniforms be domestically manufactured ""but disappointed no US-made uniforms in London,"" he tweeted. Dara Torres, a former American Olympic swimmer who won 12 medals in a span of 20 years, said the Ralph Lauren uniforms -- with their blue berets and blazers and off-white pants and skirts -- looked great but would be better if they were produced domestically. ""Wearing the U.S. uniform, going out there to represent the United States, it would be nice if it was actually made in the United States,"" she told CNN. The USOC is no stranger to controversy over its sponsorships, with questions being raised over why it opted last year to extend BP's sponsorship through the 2016 Rio de Janeiro Games, following the Gulf of Mexico oil spill in 2010. It was questioned as early as the 2002 during the Winter Games in Salt Lake City about why American athletes donned berets made by Roots, a Canadian company. Headlines also were made this year in Australia when it was revealed its uniforms for the Olympics also were made in China. The Australian Olympic Committee responded to critics by saying it was not financially viable to make the outfits at home, according to local media reports. Some Canadian lawmakers became irate in 2008, when it was learned that Canadian uniforms for the Olympics in Beijing were made in China. American companies have made Olympic uniforms in the past, notably, Reebok, Levi's and Champion. For 2014, Team USA uniforms will be made in America ."
4f344712a50650f4063cbd21041f0102756ee647,US,"{'US': 4, 'AU': 1}","New York (CNN) -- An inferno spread across a flooded neighborhood of Rockaway Peninsula in Queens early Tuesday, torching at least 80 homes as a potent mix of weather blasted the region. Some 200 firefighters battled the six-alarm blaze in Breezy Point, which was fed by high winds and made more perilous by downed electrical wires, according to witnesses and local authorities. ""The winds were just devastating, blowing from one building to another,"" New York Mayor Michael Bloomberg said at a news conference. By daybreak, emergency personnel and local volunteers could be seen sloshing through flooded streets to put out patches of remaining flames while others assessed what had been lost. Waking up to floods, fires and darkness after Sandy . Fire authorities reported three people were injured by Superstorm Sandy, though all injuries were considered minor. ""It was terrible,"" said Steve Mastrandrea, a Breezy Point resident and volunteer firefighter, who said he was ""trying to give a helping hand and ... got trapped."" ""We couldn't help anybody,"" he said. ""I couldn't even help myself."" Floodwaters engulfed Mastrandrea's home and began to rise from his basement as the fire raged outside. ""We couldn't tell if the fires were 100 yards or a mile away,"" he said. ""It was just so bright. I couldn't tell where it was. ""I thought we were going to have to jump in the water,"" he added. Mastrandrea's home was largely destroyed as he fled with his family to higher ground. ""There's nothing here,"" he said. ""Our homes can always be rebuilt. As long as we have our lives and we're safe."" The National Guard and other emergency personnel fanned out across the neighborhood. It's not clear what started the fire. People rescued from roofs of trailer homes in New Jersey . ""I'm not sure where to go from here besides calling the insurance company,"" said resident Richard Kohlbrecher. ""I've been down here most of my life. Through 'the Perfect Storm' ... the water got deep, but nothing like this."" The ""Perfect Storm"" is a reference to a 1991 ""nor'easter"" that got absorbed in Hurricane Grace, which then wreaked havoc along the East Coast and killed about a dozen people. Meanwhile, some described the scene in Breezy Point as one of ""total destruction."" ""There is nothing in this one cluster of homes,"" resident T.J. Gilmartin told CNN. ""And every house along the side that's still up is damaged. ... Even the sidewalk is ripped up."" Among the 80 homes destroyed was that of Bob Turner, a New York congressman. ""I, along with many other Breezy Point residents, lost our homes last night and I am grateful that my family and I are safe after this destructive storm,"" Turner said. "" I hope you will join me in lending a hand to those who were less fortunate and keep everyone impacted by this storm in your thoughts and prayers."" In September, the same area endured severe weather as a powerful cold front brought heavy rain, high winds and a tornado into the beachfront neighborhood of New York City. CNN's Ashley Killough contributed to this report."
8a13b74bdf4eecc39e6b6ae9de529204d330bc8f,MY,{'MY': 10},"(CNN) -- A ""smart village"" aimed at tackling rural poverty while promoting community and sustainability has been unveiled in Malaysia. Built to the northeast of capital Kuala Lumpur, Rimbunan Kaseh is the result of a public/private partnership and could be used as a model for providing relief from poverty around the world, according to its creators. In addition to 100 homes, residents have access to educational, training and recreational facilities on site as well as a sustainable agricultural system which provides a reliable food source and a supplementary income for residents. A four-level aquaculture system plays host to guppies and algae which provide food for larger fish like protein-rich tilapia. Filtered water from the fish tanks is also used to irrigate trees, flowers and crops. ""It is a complete loop; a modern farm -- one that could even exist on the rooftop of a building,"" Tan Say Jim, managing director of Malaysia's IRIS Corporation Berhad, who are spearheading efforts, said in a statement. ""With this project we stimulate rural growth with modern agriculture activities, we balance development and economic activities between the urban and rural areas, we provide income and we improve living standards,"" Tan added. All the homes on the 12-hectare site are energy efficient, sourcing power from solar panels complimented by biomass and hydro. Further villages are planned at as many as 12 locations in the country which will form a network of ""smart communities"" laying the foundations for future jobs and prosperity, developers predict. Progress in poverty reduction has been ""uneven"" in Malaysia, according to the United Nations Development Program, with ""pockets of hard-core rural poverty remaining."" But the situation is an improving one, with the national poverty rates falling sharply over the last two decades. Speaking at the Institute for Diplomacy and Foreign Relations in Kuala Lumpur earlier this year, U.N. Secretary-General Ban Ki-moon praised the country's efforts to tackle poverty as part of the wider Millennium Development Goals. ""Your experiences can help countries throughout the global South, and I urge Malaysia to look at how it can increase South-South cooperation,"" Mr. Ban said. ""Malaysia is a multi-ethnic, multi-religious and multi-cultural country. Promoting unity among diversity, promoting one Malaysia among Malaysians is a great vision, not only for the Malaysian people, but also for the region ..."" Ellis Rubenstein, president and chief executive of the New York Academy of Sciences and co-chair of Global Science and Innovation Advisory Council (GSIAC) says the Malaysian model is a ""great opportunity"" to improve the lives of poverty-stricken people in the country and around the world. ""Integrated smart communities could transform services available to Malaysia's citizenry while creating thousands of jobs ..."" Rubenstein said in a statement. Set up in 2011, GSIAC is a joint initiative between the New York Academy of Sciences and the Malaysia Industry-Government for High Technology (MIGHT). At a meeting earlier this month, Zakri Abdul Hamid, scientific adviser to the Prime Minister of Malaysia, praised the alliance. ""It opens the door to major foreign investment. And it gives us the chance that no other government -- either regional or national -- has anywhere in the world to develop a staged, integrated solution to our citizens needs ..."" Zakri said."
1a022047c638cdc1a9530d2c382e5efa845d4a86,CH,"{'CH': 1, 'FR': 1, 'US': 1}","(CNN) -- ""The LHC is back,"" the European Organization for Nuclear Research announced triumphantly Friday, as the world's largest particle accelerator resumed operation more than a year after an electrical failure shut it down. Restarting the Large Hadron Collider -- the $10 billion research tool's full name -- has been ""a herculean effort,"" CERN's director for accelerators, Steve Myers, said in a statement announcing the success. Update: First collisions at the LHC on Monday . Experiments at the LHC may help answer fundamental questions such as why Albert Einstein's theory of relativity -- which describes the world on a large scale -- doesn't jibe with quantum mechanics, which deals with matter far too small to see. Physicists established a circulating proton beam in the LHC's 17-mile tunnel at 10 p.m. (4 p.m. ET) Friday, CERN said, a critical step towards getting results from the accelerator. ""It's great to see beam circulating in the LHC again,"" said CERN Director General Rolf Heuer. ""We've still got some way to go before physics can begin, but with this milestone we're well on the way."" Located underground on the border of Switzerland and France, the LHC has been inching towards operation since the summer. It reached its operating temperature -- 271 degrees below zero Celsius -- on October 8 and particles were injected on October 23. Now that a beam is circulating, the next step is low-energy collisions, which should begin in about a week, CERN said. High-energy collisions will follow next year. The collider has been dogged by problems. It made headlines early this month when a bird apparently dropped a ""bit of baguette"" into the accelerator, making the machine shut down. The incident was similar in effect to a standard power cut, said spokeswoman Katie Yurkewicz. Had the machine been going, there would have been no damage, but beams would have been stopped until the machine could be cooled back down to operating temperatures, she said. The collider achieved its first full-circle beam last year on September 10 amid much celebration. But just nine days later, the operation was set back when one of the 25,000 joints that connect magnets in the LHC came loose and the resulting current melted or burned some important components of the machine, Myers said. The faulty joint has a cross-section of a mere two-thirds of an inch by two-thirds of an inch. ""There was certainly frustration and almost sorrow when we had the accident,"" he said. Now, ""people are feeling a lot better because we know we've done so much work in the last year."" Mark Wise, professor of physics at the California Institute of Technology, said he's just as excited about the results that will come out of the LHC as he was last year and views the September 2008 accident as a delay rather than a devastating event. Wise noted that Tevatron, the collider at the Fermi National Accelerator Laboratory in Illinois, has also had its share of failures but is generally considered to work just fine. ""It's a horribly complicated piece of equipment, it's not like there's not going to be problems along the way,"" he said. ""They will surmount those problems."" The LHC will probably be in operation more than 20 years, Myers said. But it won't be that long before scientists could potentially discover new properties of nature. The as-yet theoretical Higgs boson, also called ""the God particle"" in popular parlance, could emerge within two or three years, Myers said. Evidence of supersymmetry -- the idea that every particle has a ""super partner"" with similar properties in a quantum dimension (according to some physics theories, there are hidden dimensions in the universe) -- could crop up as early as 2010. For some theoretical physicists such as Wise, finding the Higgs boson and verifying every prediction of the Standard Model of physics would be the worst outcome. He wants the LHC to deliver surprises, even if that means no Higgs. ""When push comes to shove, the name of the game is 'what is nature,' and we're not going to know until our experimental colleagues tell us,"" Wise said. ATLAS and CMS are the general-purpose experiments designed to find the Higgs boson and other rare particles that have never been detected before. ALICE, another experiment, will explore the matter that existed some 10 microseconds after the Big Bang, said John Harris, professor of physics at Yale University and national coordinator of ALICE-USA. At that time, there was a ""hot soup"" of particles called quarks and gluons at a temperature of around 2 trillion degrees above absolute zero, he said. Although they have never been directly seen, these particles are theoretically the building blocks of the bigger particles -- protons, neutrons and electrons -- that form the universe as we know it. CNN's Elizabeth Landau contributed to this report."
1486bf735a2b6259aa2c511985d1235865281f41,BR,"{'BR': 3, 'US': 3}","(Mental Floss) -- We remember Henry Ford as the automotive magnate who perfected assembly line technology, but he also dabbled in ambitious social programs, including one in which he hired ex-convicts straight out of Sing Sing to staff his factories. Henry Ford, pictured in 1942, unsuccessfully attempted to increase the rubber supply with a plantation in Brazil. Although many of these efforts were successful, Ford's ill-fated foray into the Brazilian jungle was a notable and fascinating exception. The plan . If you're going to make millions of cars, you're going to need an awful lot of rubber. In 1927, Ford came up with a novel plan: He'd solve his rubber problem and test out his lofty theories about social planning. If everything went well, he could craft both a utopia full of healthy, productive workers and a direct pipeline of coveted rubber to Detroit. Ford approached the task with characteristic zeal. He talked the Brazilian government into granting him 10,000 square kilometers of land in the Amazon rain forest -- a plot that was nearly twice as big as the state of Delaware -- in exchange for a 9 percent cut of the plantation's profits. In theory, this setup seemed like one of Ford's ideas that would shake out pretty well, and in 1928, Ford sent a barge full of supplies from Michigan down to his new plantation town, which was dubbed ""Fordlandia."" Growing rubber in the jungle . Unfortunately for Ford's stockholders, though, the captain of industry didn't always have a great eye for detail. (One famous story about Ford was that he disliked accountants so fiercely that he never had his company audited. By the end of his tenure, the Ford Motor Company allegedly had no idea exactly how much it cost to build a car.) Ford didn't check to see if the plantation was suitable for growing rubber. According to Greg Grandin, author of ""Fordlandia: The Rise and Fall of Henry Ford's Forgotten Jungle City,"" Ford never consulted any sort of expert on rubber cultivation; he just sent a bunch of supplies and managers into the jungle hoping to grow some rubber. Mental Floss: Henry Ford and others who survived bankruptcy . Ford was legendarily contemptuous of experts, but he could have saved some serious dough if he'd just hired a consultant to tell him that the plantation wasn't at all suitable for growing rubber. The land wasn't very fertile, but that wasn't the main problem. The real difficulty was that it's practically impossible to farm rubber in a plantation setting in the Amazon rainforest. To grow the trees on a commercial scale, you've got to pack them in fairly close together, and at that point they become incredibly susceptible to blight and insect attacks. Fordlandia's trees were no exception, and caterpillars and blight quickly decimated the fields. Not exactly a worker's paradise . Obviously, the rubber production part of the Fordlandia got off to a rocky start. How was the ""worker's paradise"" part of things going, though? Even more abysmally. The American managers and their families that Ford imported from Michigan weren't accustomed to the sweltering Brazilian heat and headed back north with an alarming frequency. The heavy machinery used on the plantation left deep ruts in the soft soil, which collected stagnant water and became breeding grounds for malaria-ridden mosquitoes. Ford had attempted to design Fordlandia like any American town, complete with schools, restaurants, a golf course, and shops. The catch here, though, was that the indigenous Brazilians who farmed the rubber weren't used to living in a stylized American community. Worse still, the plantation's workers were expected to work a strict shift from 6 a.m. to 3 p.m., whereas normal harvesting practices in the region saw workers hit the fields before dawn, take a long break, and then head out again at twilight to save themselves the misery of working in the tropical midday heat. Food fights . Ford's influence extended all the way down to the residents' diets, and while the indigenous workers weren't crazy about having to eat American foods, they were livid about having to eat in a cafeteria setting rather than enjoying the homestyle meals to which they were accustomed. Eventually, the workers decided they'd had enough of the affront of cafeteria dining and rioted during a meal. Mental Floss: Three historical food fights . As the American managers fled to the safety of boats, the workers destroyed their mess hall and continued to riot until Brazilian soldiers came in to suppress violence. Another sticking point for the workers was Ford's insistence that his model community be entirely free of alcohol and tobacco. Although Prohibition wasn't exactly an unqualified success at home, and although alcohol was still legal in Brazil, Ford stayed firm on his booze ban. Workers who needed a drink were forced just outside the city limits to buy a bottle of cachaca; enterprising liquor salesman could simply paddle by on the river and unload their wares. Mental Floss: Why is the drinking age 21? End of the road . Eventually, even though Henry Ford steadfastly insisted that the community could thrive and help introduce American-style industrialization to the rest of the world, it became abundantly clear that the noble Fordlandia experiment was a flop. After the perfection of synthetic rubber in 1945, Ford sold the plantation at a $20 million loss and left Brazil. Just how much of a fiasco was the Fordlandia experiment? Although Ford spent 17 years trying to produce rubber on the plantation, no Ford car ever rolled off the assembly line with a single bit of Fordlandia's rubber in it. For more mental_floss articles, visit mentalfloss.com . Entire contents of this article copyright, Mental Floss LLC. All rights reserved."
fd0669810e4220350e8877cd4d31747da81cb170,NG,{'NG': 2},"Lagos, Nigeria -- Nigeria's president ordered security forces Tuesday to step up their search for 15 children kidnapped in the country's southeastern region when gunmen hijacked a school bus. President Goodluck Jonathan condemned the ""utterly callous and cruel kidnapping"" of 15 nursery and primary school pupils on Monday. A statement from the president's office said the Nigerian leader order the Inspector-General of Police and heads of other security agencies ""to take all necessary steps to rescue the abducted children and return them safely to their parents."" The incident occurred near Aba, the capital of Abia state. Kidnapping has been rampant in the region for years. In this case, the abductors are asking for a ransom of 20 million naira, or nearly $130,000 . Police don't know the whereabouts of the children, and they won't confirm their nationalities and identities. Geofrey Ogbonna, the state's police spokesman, said four gunmen boarded a bus headed to Apayi International School in Aba and took the children away. The bus driver and the school teacher who were on board are in police custody and helping law enforcement efforts. Jonathan urged the children's parents and relatives ""to remain calm"" and assured them that the government ""will do everything possible to apprehend the kidnappers and bring closure to these ugly incidents as soon as possible."" Militants in the southern oil-producing region, who have been fighting for years over fairer distribution of the country's oil wealth, have abducted oil workers, and people engaged in criminal activity have snatched up citizens to get ransom money. Kidnappings and rape in Abia state are common and have become more frequent in recent years. They include vehicle hijackings and even people being snatched off the street. The motive is usually money. Some people travel with security -- if they can afford it. As foreign oil workers improved their personal security, the kidnappers have increasingly targeted Nigerians."
ee664c20b29a18a281a4f136ec944791cee6f9d8,US,{'US': 1},"(CNN) -- County coroner's officials in Los Angeles, California, hope to release results Thursday morning of their examination of skeletal remains found in a remote area of Malibu Canyon. The family of a woman, missing nearly a year, await word on any clues the bones will yield. Assistant Chief Coroner Ed Winter said that an anthropologist and pathologist were examining the remains, and an odontologist -- or dental expert -- will also help make a final identification. The remains, which included a human skull, were found Monday by park rangers searching the area for marijuana groves, said Los Angeles County Sheriff's spokesman Steve Whitmore. ""It's incredibly treacherous terrain,"" Whitmore said of the remote site. ""There is no road, no trail even if you know exactly where you are going."" Whitmore said it appeared the remains had been in the area ""for quite awhile."" The family of missing Mitrice Richardson have been waiting to hear whether the remains are those of their loved one. Richardson, who would be 25 now, is a former beauty pageant contestant who was last seen leaving a Los Angeles County sheriff's station in Malibu during the early morning hours of September 17, 2009. She had been arrested the previous evening at an upscale restaurant for allegedly not paying for her meal, and patrons at the restaurant said she exhibited strange behavior. Her family has said the college honors graduate suffered from mental health issues and should have been kept at the sheriff's station until a relative arrived to pick her up. The Los Angeles Times reported Tuesday that the remains are those of a woman and that ""women's clothing was also found near the scene."" The newspaper cited unidentified law enforcement sources. Winter would not confirm Wednesday the gender of the remains. He said clothing was found ""near the body,"" but declined to elaborate on what type, saying many people had been using the area where marijuana was known to be harvested. Latice Sutton, the mother of Richardson, held a news conference Tuesday night outside the coroner's office, saying she had been told that the clothing found was a pair of Levis, and appealed to officials to let her view the clothing. ""I do know that my daughter was wearing jeans that night,"" Sutton said. Mom furious about leaks to media . Michael Richardson, Mitrice's father, told HLN's ""Issues with Jane Velez-Mitchell"" on Wednesday that he isn't giving up the search for his daughter. ""I'm still remaining hopeful, positive, prayerful ... and until they can give me a definitive answer about it, Mitrice is still needing for us to search for her,"" he said. The family of Richardson was joined at the canyon site Monday by another woman who believed the remains could belong to her husband, Timothy. Pam Perryman said her husband went missing six years ago while hiking in the area. ""I've been praying that we would find him because it's our anniversary this Saturday,"" Perryman told CNN iReporter Julie Ellerton. ""I just have a feeling ... in a way I hope it is him, in a way I hope it's not."" CNN iReport: Skull and bones found by drug-searching cops . CNN's Sarah Aarthun contributed to this report."
9a34265f0baa1321d66109b7ad1201f9fff50511,US,{'US': 1},"(CNN) -- For the past week, the political fireworks surrounding the landmark decision by the Supreme Court to uphold the Affordable Care Act rivaled the excitement of Independence Day pyrotechnics. President Obama is facing heavy criticism from Republicans that he has raised taxes on working- and middle-class Americans because the court upheld the individual mandate based on Congress' power to tax. The president and the Democrats are arguing that the mandate is not a tax but rather a penalty, since those who do not buy health insurance are paying a penalty in the form of a tax. Meanwhile, on Monday a top adviser to Mitt Romney raised consternation among Republicans by saying that the individual mandate is not a tax, countering the prevailing conservative view. Soon after, Romney himself made his much anticipated statement on the issue on TV, saying that since the Supreme Court has declared that the individual mandate is a tax, then it must be a tax. Tax? Not a tax? What's going on? The fact of the matter is this: As for who wins the White House, there is probably very little at stake for either Romney or President Obama in the debate over the tax status of the individual mandate. However the mandate is enforced -- as a tax or as a penalty -- it is a rounding error in the total tax increases in the Affordable Care Act. The Congressional Budget Office estimates the individual mandate will raise $17 billion in revenue for the Treasury between 2015, when the first taxes or penalties would be collected under the provision, and 2019. Aside from the individual mandate, the health care law includes numerous tax increases, for a total of more than $400 billion between 2010 and 2019, according to estimates by the Joint Committee on Taxation. About half that amount, $210 billion over 10 years, comes from the increase in the Medicare payroll tax and a new Medicare tax on interest, rent and other investment income for individuals who earn more than $200,000 or families that earn $250,000 annually. But other changes that raise Americans' tax bills include the reduction in the maximum annual contribution -- now capped at $2,500 -- to Health FSAs (your employer might call it your ""cafeteria plan"" to help pay for medical expenses). There is also an increase in the percent of your income that you must spend on medical expenses before those expenses are tax deductible, up to 10% from 7.5%. These two provisions taken together will raise taxes by about $28 billion over the law's first decade. By 2019, the year when all the health care law's tax increases will be in effect, the taxes raised by the Affordable Care Act are estimated to be 0.49% of GDP. That is the 10th largest tax increase since 1950. In 2019, it will be the largest tax increase in the 26 years since Bill Clinton's 1993 tax increases. Whether the $17 billion from the individual mandate is a tax is hardly necessary for the Republicans to argue that President Obama raised taxes. Nor does the mandate being a penalty clear the president's record on taxes. The Obama administration and Democrats point out that the Congressional Budget Office has estimated the health care law will reduce total annual budget deficits between now and 2021. There is considerable controversy over the estimate of the effect of the health care law on deficits, but that aside, it will raise taxes -- and a lot of them. Some Republicans insist that campaigning against the president on the individual mandate as a tax is still important. Because while most of the taxes are levied on employers, corporations and high-earners (including small businesses), the individual mandate is a direct tax on low- and middle-income Americans. If the mandate is a tax, they argue, the president has broken his pledge not to raise taxes on working- and middle-class Americans. But, in the court of public opinion, conservatives have already won on the issue of the individual mandate. Time and time again, when polled over the last two years, a majority of Americans have opposed the national requirement to buy health insurance. Looking at self-identified independent voters, those swing voters who decide elections, a March 2012 Kaiser Family Foundation survey found that only 32% supported a mandate with a ""penalty"" for noncompliance. While the charge that ""you raised taxes on hard-working Americans"" is a good go-to move in American politics, it might not be possible for Republicans to gain more political advantage off the individual mandate than they already have. So what will matter to voters on Election Day? How about principled arguments about what ""good government"" looks like and the proper balance between personal economic security and individual liberty? And what about a clear, concrete vision for returning prosperity to working- and middle-class America? Those can be winning issues. For one of the candidates and for all Americans. The opinions expressed in this commentary are solely those of Tammy Frisby."
167f8273395b81ac522a9e0d41f595de71d75f73,,{},"(CNN) -- Nokia is getting into the tablet business. The company announced a new 10-inch tablet called the Lumia 2520 on Tuesday at a press event in Abu Dhabi. The Windows RT device is Nokia's first full-sized tablet. The Finnish company is also going bigger with its smartphone line. It is releasing a new pair of colorful, big-screen smartphones: the 6-inch Windows Phone 9 Lumia 1520 and the lower-end 1320. The Lumia 2520 tablet will cost $499 and run Windows RT 8.1, a limited variation of the Windows 8 operating system that uses that system's tile-based touchscreen feature. The tablet gets 4G LTE, has a 2.2 GHz Quad Core processor and includes a 6.7 megapixel back-facing camera. The company says it has upped the screen's peak brightness so it's extra visible outdoors in direct sunlight. For its new smartphones, Nokia has chosen to continue its focus on the camera as the killer feature that can set its devices apart. Its Lumia 1020 smartphone's primary selling point was its impressive 40 megapixel camera. The new big-screen 1520 smartphone will have a smaller but still powerful 20 megapixel camera and cost $749 before any carrier subsides. The the cheaper 1320 has a more ordinary 5 megapixel camera and cost $399. The Nokia Camera app is getting an update across all Nokia devices. Six inches is a hefty size for smartphones, but Ifi Majid, Nokia's head of product marketing for North America, said the size was key because it's the largest a phone can go and still be held with one hand. While they haven't yet taken off in the U.S., ""phablet"" devices are a bigger hit in developing markets where the larger size is considered a status symbol. This is Nokia's first big product rollout since it was announced that Microsoft was going to purchase part of the company. The $7.2 billion deal, which will include Nokia's devices and services businesses, is still pending. It's unclear what kind of different direction Nokia's products will take when Microsoft is fully in charge, and where the new 2520 tablet will fit in with Windows own similar Surface line. Apple is the leading tablet manufacturer in the world, followed by Samsung, but all the major manufacturers are eager to get in on the growing market. Though Microsoft has been pushing its own Surface tablets and touchscreen-ified operating system, Windows 8, it still trails far behind iOS and Android tablets. Nokia was once the top mobile phone manufacturer in the world. It still holds on to a sizable chunk of the feature phone market, but is struggling to stay competitive against smartphones from Apple, Samsung, and other companies. Instead of making an Android-based smartphone like most non-Apple companies, Nokia took a bet on a third operating system, Windows Phone 8. Colorful and simple, but with an anemic selection of apps, Windows Phone 8 has struggled but slowly grown since making its debut a year ago. Getting big name apps has been one of the operating systems biggest challenges. Nokia says photo-sharing app Instagram will finally come to the platform in the next few weeks. There is still a market for less advanced phones that can last more than a day on a single battery charge. Nokia also announced three new Asha devices on Tuesday. Asha is Nokia's super simple, very cheap phone line. The tiny handsets cost between $60 and $99 and can make calls and text, run a few apps and even connect to the internet. Aimed at developing markets, they can also hold a charge for up to a month."
c1c837af36bf42f6151736f9af9f105034452d3b,UZ,{'UZ': 1},"(CNN) -- A 30-year-old Uzbekistan national living in Boise, Idaho, was arrested Thursday on federal terrorism charges, the Justice Department said. A grand jury in Boise returned a three-court indictment charging Fazliddin Kurbanov, 30, with one count of conspiracy to provide material support to a designated foreign terrorist organization, one count of conspiracy to provide material support to terrorists and one count of possessing an unregistered destructive device. A grand jury in Salt Lake City, Utah, returned a separate indictment charging him with one count of distribution of information relating to explosives, destructive devices and weapons of mass destruction. ""One of our highest priorities is disrupting potential acts of terrorism. The coordinated investigation, arrest, and indictments in this case demonstrate the commitment of all involved to do just that,"" U.S. Attorney for the District of Utah David B. Barlow said in a statement announcing the arrest. It was not immediately clear whether Kurbanov had retained counsel. According to the Idaho indictment, he is alleged to have knowingly conspired with others to support to the Islamic Movement of Uzbekistan, an American-designated foreign terrorist organization, between August and May. He is accused of having provided support, believing that it was to be used in an ""offense involving the use of a weapon of mass destruction,"" the statement said. In Utah, he is alleged to have taught and demonstrated how to make explosive devices, by showing Internet videos and conducting instructional shopping trips. Kurbanov, who is in the United States legally, is expected to make an initial appearance in court in Boise on Friday."
d639a3ddf9ad961c1000e7a19dc88b71d89a329a,HU,"{'DE': 4, 'SK': 1, 'HU': 5, 'AT': 1, 'RS': 1}","(CNN) -- Soldiers dropped huge sandbags from army helicopters Tuesday as part of efforts to stem devastating flooding in northern Germany after the swollen Elbe River breached flood defenses. A sea of muddy brown water has flowed through two broken dikes in the state of Saxony-Anhalt, forcing the evacuation of thousands of people from their homes. The situation is stabilizing in the flooded village of Fischbeck, near the town of Stendal, which was left largely submerged after a dike there broke Sunday, officials said. The flow of water pouring through a gaping breach nearly 50 meters (160 feet) across is now slowing, and water levels have dropped slightly across the state, Saxony-Anhalt Interior Minister Holger Stahlknecht said Tuesday. An electricity substation was threatened in nearby Sandau, but the situation has now been stabilized, the flood crisis team at the Interior Ministry in Saxony-Anhalt said. A dike on the Elbe at Schoenebeck, south of Magdeburg, is secure, but a protective evacuation of homes has been carried out, it said. The water level around Stendal has dropped about half a meter (20 inches) since its peak Monday morning, said CNN meteorologist Brandon Miller, and should drop another 20 inches in the next 24 to 48 hours. The peak surpassed 8.2 meters (26.9 feet), breaking the 2002 record of 7.68 meters (25.2 feet). Police shut down the center of Wittenberg on Tuesday, a day after German Chancellor Angela Merkel visited to meet volunteers and see flood prevention efforts for herself. The crest is occurring around Wittenberg and the water should continue to rise farther to the west around Boizenburg and Hamburg in the coming days, Miller said. About 4,000 German soldiers have been deployed in Saxony-Anhalt, with some dispatched to drop the huge bags of sand from the air. Three people died in the state last week in connection with the flooding. Another five deaths have been reported across the country. Volunteer patrols . Dikes are holding so far in Lower Saxony, northwest of Saxony-Anhalt, as the water level on the Elbe reaches 8 meters (26 feet,) state Interior Ministry spokesman Philipp Wedelich said. About 8,000 volunteers are patrolling the dikes and aiding flood prevention efforts, he said. The critical areas are Lueneburg and Luechow-Dannenberg, he said. No deaths have been reported in Lower Saxony. The surging Elbe River, which last week brought flooding to the state of Saxony, to the south, is making its way northwest toward the North Sea. The town of Lauenburg, in Schleswig-Holstein, has been evacuated as a precaution as the river is expected to peak there by Thursday as it nears the sea, the European Commission's emergency response center said. In Saxony, the water levels are falling but 12,000 people are still unable to return to their homes, the state's Interior Ministry said. Work is still being done to strengthen dikes because they could weaken if the waters recede slowly, it said. The mighty Danube . Over the past 10 days, floods on the Elbe and other rivers including the Danube have also affected southern Germany, the Czech Republic, Slovakia and Hungary. They are the worst since flooding in 2002 devastated the region. The Czech Republic is now focused on draining the flood waters and cleanup efforts, Czech fire service spokeswoman Nicole Zaoralova said. Eleven people have died nationwide as a result of the floods, she said. Heavy rain Monday complicated the recovery efforts and caused more flash flooding, she added. In Austria, river levels are dropping, but the mighty Danube, normally an important transit route for freight and passengers, is still closed to river traffic, the European Commission's emergency response center said. The crest on the Danube reached a record high in Hungary's capital, Budapest, late Sunday, but the city's flood defenses held and levels there are now dropping. The river is expected to peak Tuesday in Paks in central Hungary, and a day later in Baja in southern Hungary. Flood precautions are now under way in Serbia as the Danube starts to rise there, with some evacuations already taking place. The region's rivers were filled to bursting by torrential rain at the start of the month, after a wet spring left the ground saturated. CNN's Rick Noack and Ivana Kottasova contributed to this report."
6a27f0372730695fe503982c3a457f75d12f3532,US,{'US': 4},"(Budget Travel) -- For years, Budget Travel has been advising readers to rent short-term apartments whenever they plan to spend more than a few days in expensive cities like Paris and New York. Short-term apartment rentals can help travelers save money on both lodging and meals, while providing a more authentic experience. Regardless of recent headlines concerning new rules -- or supposed new efforts to enforce old rules -- for short-term rentals, we still endorse the option as a smart, fun and safe way to stay. While there may be new implications for owners seeking to rent out their properties in these cities, renters themselves face no possibility of fines or problems of any kind with the local authorities. ""There's nothing illegal that the traveler is doing when staying in a vacation rental,"" says Carl Shepherd, chief development officer of direct-from-owner rental specialist HomeAway. ""None of these cities have any penalties for renters."" The announcements of lawmakers and housing officials seem to imply otherwise, hinting that because some home owners may technically be violating unenforced local ordinances by renting out their properties, renters are somehow guilty by association. The truth is that based on years of precedent -- and the fact that restrictions are vaguely worded and that the municipalities involved are uninterested or incapable of enforcing them -- the risks encountered by renters are extremely minimal. So fear not. Arm yourself with our 6 tips for safer, smarter rentals, and read on for specific advice about Paris, San Francisco and New York. Budget Travel: World's weirdest hotels . PARIS . Here's the deal: Late last year, city officials started to enforce a 2005 law that restricts owners from renting their properties for periods of less than one year. Citing a lack of affordable housing in the central city -- always a popular topic among voters, and, yes, this began in a run-up to elections -- Mayor Bertrand Delanoë ordered a local housing agency to warn some of the estimated 38,000 offenders that they were violating the law by renting flats for shorter spans. How many warning letters did the housing authority send out? As of midsummer 2010, about 25. ""For the moment,"" says one property owner who prefers to remain anonymous, ""any enforcement of this law is minimal to the point of being invisible."" If enforcement efforts are ever ramped up substantially, short-term rentals could be harder to come by in Paris. Even though no owners have been hit with the maximum €25,000 (more than $32,000) fine for violating housing regulations, the possibility of such a fine will probably be enough to turn some short-term listings into long-term rentals. Bottom line: In Paris, there has been no noticeable drop-off in owners posting short-term apartment rentals. At last check, homeaway.com listed an all-time high of 1,605 properties in Paris. Budget Travel: The coolest small towns in America . SAN FRANCISCO . Here's the deal: San Francisco's obscure, long-ignored law prohibiting rentals of less than 30 days is nearly 30 years old, but few people thought about it until news arose about crackdowns on tourist rentals in other cities. Rather than inquire as to the legality of such rentals, the city has traditionally preferred to subject owners to the local 14 percent hotel tax, bringing in millions annually that would not have been raised had the properties been occupied year-round by owners or long-term renters . For the sake of the city budget, there's an obvious incentive to keep ignoring the ordinance. NEW YORK CITY . Here's the deal: Of the trio of cities, New York is the only one to actually pass new rental legislation. As in Paris and San Francisco, the primary target is not the small-time owner who rents out a place from time to time. Instead, the focus is on ""illegal hotel"" operations: large-scale attempts to convert residential apartments intended for permanent occupants into travel accommodations. So how will the law be enforced, and exactly what rental scenarios will be deemed illegal when the rules become effective as of May 1, 2011? No one's entirely sure. Budget Travel: Confessions of... A Disney cast member . State Assembly Member Richard Gottfried, the cosponsor of the bill, was quoted as saying, ""Somebody who is going away on vacation and once in a blue moon rents the apartment is probably not going to be affected by this."" Probably. That's right: Even the bill's cosponsor can't say exactly how the law will play out. Nominally, the purpose behind the legislation is to provide more affordable housing for city residents and to protect travelers from sketchy quasi hotels. But the law might not have become a reality had it not been for the lobbying of hotel and motel associations -- which obviously compete with vacation rentals, and which would obviously benefit if travelers turned away from short-term rentals en masse. Among all the confusion and uncertainty, one thing is clear: Travelers want their vacation rentals. In the second quarter of this year, HomeAway recorded a 104 percent increase in inquiries for New York City apartments compared with the same period in 2009. Budget Travel's Meg Zimbeck contributed to this report. Get the best travel deals and tips emailed to you FREE - CLICK HERE! Copyright © 2010 Newsweek Budget Travel, Inc., all rights reserved."
a7c3c642d1c5bf77006e06149eaffa093089a035,AF,"{'PH': 1, 'PK': 1, 'AF': 3}","(CNN) -- Al Qaeda's second-in-command called on Pakistanis to back Islamic militants in the country's tribal areas against what he called an ongoing assault by American ""crusaders"" and the Pakistani army. Al-Qaeda's second-in-command, Ayman al-Zawahiri appears in a video released on September 2, 2006. Punishment from God was promised for Muslims who did not follow the words of Ayman al-Zawahiri in a video that appeared on radical Islamist Web sites Thursday. ""The war in the tribal areas and Swat [Valley] is an inseparable part of the crusaders' assault on the Muslims the length and breadth of the Islamic world,"" al-Zawahiri said in the video, titled ""Path of Doom."" ""This is the battle, briefly and plainly; and this is why anyone who supports the Americans and Pakistan army -- under any pretext, ploy or lie -- is in fact standing with, backing and supporting the crusaders against Islam and Muslims."" The Pakistani military is fighting Taliban militants in the country's north, and missile attacks from suspected U.S. drones have targeted militant leaders -- one of them killing Baitullah Mehsud, the leader of the Pakistani Taliban. Reports from the region suggest government troops have dislodged the Taliban from many areas of the North West Frontier Province, but militant attacks continue daily. In the video, Al-Zawahiri suggested that the United States has wider goals in the region. ""They want to eliminate the Mujahedeen (Islamic militants) in the tribal areas so they can seek to smother the Jihad in Afghanistan,"" he said. NATO-led forces are battling the Taliban across the border in Afghanistan as well. U.S. and British forces launched offensives in Helmand province this summer. Al-Zawahiri warned Muslims that they have a religious duty to support the jihad, or struggle, or face punishment from God. ""No people abandons Jihad without Allah giving them a general punishment,"" he said, quoting the Quran. Al-Zawahiri also prayed for the annihilation ""the Americans and Jews"" and anyone who might help them."
def04eb8e525f9b9974d01dc541a415b3695608f,KR,"{'KR': 7, 'GR': 4, 'AR': 1, 'NG': 1}","(CNN) -- Goals from Lee Jung-Soo and Park Ji-Sung earned South Korea a comfortable 2-0 win against Greece in the opening match of Group B played in Port Elizabeth. The 2002 World Cup semifinalists created a string of chances against a poor Greek side who never looked like getting on the score sheet. Central defender Lee Jung-Soo opened the scoring for South Korea in the seventh minute, volleying home from close range from a well directed free kick delivered by Ki Sung-Yong. South Korea should have gone 2-0 up after 23 minutes when Monaco striker Park Chu-Young was sent through on goal by a defense-splitting pass from the boot of Park Ji-Sung. Chu-Young was only denied by a fine save from Greek goalkeeper Alexandros Tzorvas which saw the ball cannon onto the roof of the net. The Greeks were fortunate not to be further behind at half time as South Korea continued to push forward with a series of incisive moves. Aside from a chance which fell to defender Vasileios Torosidis in the third minute, and an error from South Korea's goalkeeper Jung Sung Ryon late in the first half Greece never looked like scoring. The second half carried on where the first finished off, and it was no surprise when Park Ji-Sung added a second for South Korea after 52 minutes. Latching on to a mistake made by Loukas Vyntra, the Manchester United midfielder swept forward into the penalty area before coolly slotting past a helpless Tzorvas. The goal did seem to finally wake Greece from their slumber, and striker Theofanis Gekas forced a fine save from Jung Sung Ryon in the 80th minute but it was a rare moment of skill in a woeful display by the 2004 European Champions. Moments later, Lee Chung Young nearly added a third for South Korea at the other end. The result means Greece continue their winless World Cup finals record. Their only other appearance in 1994 finals yielded no goals and no points. South Korea face a sterner test next Thursday when they meet Argentina in Johannesburg, while the Greeks meet Nigeria in Bloemfontein."
99ca9b2b057a8eac18845b18baad8649e0dcc444,US,"{'US': 5, 'VN': 1}","Princeton, New Jersey (CNN) -- Late last week, the campaigns of President Obama and Mitt Romney released Web videos highlighting the mistakes their rivals have made on the campaign trail. Obama's statement that ""the private sector is doing fine"" was the highlight for a Romney video, while one of the president's videos featured a remark by the former Massachusetts governor that the nation does not need more firefighters, teachers or police officers. We can expect the gaffe wars to continue, since they are a staple of presidential campaigns. Even though such statements are far from a fair indication of a candidate's record or stance on the issues, and often they are accurate statements taken out of context, they can be devastating to a campaign. Some off-kilter comments are too slight to sink a candidacy, but when they play into preconceptions of a candidate, the remarks -- and even sometimes a gesture or sound -- can be potent. Obama's recent statement about the private sector plays perfectly into Republican arguments on multiple levels. Although Obama was referring to data showing that if not for cutbacks in government jobs, the recovery would be far more robust, the statement has been used to argue that the White House is out of touch with average Americans. It also tends to confirm the notion that Obama doesn't really know much about the private sector, Republicans say, in contrast to Romney. Finally, the statement can be used to support the criticism that Obama inhabits a world of celebrity, living in a bubble and unaware of the negative sentiment about his policies. Of course, Obama's opponent, though a disciplined campaigner, has used a number of poorly chosen words that have contributed to his image as a tone-deaf beneficiary of privilege, such as making a $10,000 wager during a debate or saying at the Daytona 500 that he has ""some great friends who are NASCAR owners."" His statement about public workers suggests that he doesn't care about the kinds of basic services many Americans depend on, Democrats contend. Both men join a long history of politicians who have been criticized for a wrongly chosen phrase or gesture. A quick look at history shows what can happen: . 1. Barry Goldwater, ""Merely another weapon"" (1964): President Lyndon B. Johnson used these words, one in a series of controversial statements that the senator made about how tactical nuclear weapons could be used in certain situations, to buttress the Democratic argument that Sen. Goldwater was hell-bent on nuclear war. This was the basis for the famous commercial where viewers saw a little girl picking the petals of a flower, with a mushroom cloud appearing in her eye. 2. George Romney, ""Just had the greatest brainwashing that anybody can get when you go over to Vietnam"" (1967): Michigan Gov. Romney, Mitt's father, then seen as one the most promising Republicans in the party because of his ability to compete for moderate voters, said this upon returning from the war's front lines. He was becoming more critical of the war and the lack of accurate information about it from the Johnson administration. But Romney's comment was used by critics to question his mental stability. 3. Hubert Humphrey, ""Happy Days Are Here Again"" (1968): A song played throughout Vice President Humphrey's campaign. The juxtaposition of the song and the scenes of anti-war protests and social turmoil, including at the Democratic Convention in Chicago while the police clashed with protesters outside as the candidate spoke, served as evidence that he was out of touch with how volatile the country had become in the tumult of the 1960s. 4. Gerald Ford, ""There is no Soviet domination of Eastern Europe"" (1976): When President Ford said these words during a televised debate with Democrat Jimmy Carter, in an effort to counteract right-wing criticism about his policy of dÃ©tente with the Soviet Union, Democrats pounced on the statement to claim that the president was not competent on foreign policy. 5. John Kerry, ""I actually did vote for the $87 billion before I voted against it"" (2004): The statement was prime fodder for GOP commercials to demonstrate Sen. Kerry's flip-flopping and the inability of the Democratic Party to take a tough stand on foreign policy. 6. John McCain, ""The fundamentals of our economy are strong"" (2008): The statement was used by Democrats to attack Republican economic policies, connecting McCain to the unpopular President George W. Bush. 7. Michael Dukakis, ""No, I don't, Bernard, and I think you know that I've opposed the death penalty during all of my life"" (1988): When Democrat Michael Dukakis said this in response to CNN anchor Bernard Shaw's question about whether the Massachusetts governor would support the death penalty if his wife were killed, Dukakis' cold response suggested that he was detached and Democrats were unwilling to take a tough stand on crime. 8. Howard Dean screams (2004): After coming in third in Iowa, Dean's exuberant scream in front of reporters was used by his opponents to argue that the Vermont governor was less stable than he appeared to be. 9. George H.W. Bush checks his watch (1992): When asked by a citizen about how the recession had affected him, the president appeared to be distracted, even checking his watch, which played directly into Democratic criticism that he did not take domestic policy seriously. 10. Al Gore sighs (2000): Vice President Gore's multiple sighs during a debate with George W. Bush played into impressions that Gore was arrogant and aloof. Though this list is far from exhaustive, the history should provide a powerful reminder to Obama and Romney that a few words can come back to haunt a campaign. It is virtually impossible for candidates to explain away these kinds of mistakes. The more they discuss them, the longer the story plays out. The most successful response has been by candidates who aggressively shift attention to new issues and help redirect the news cycle. Obama has made several moves that could change the conversation, including his announcement Friday of a policy against deportation of many young illegal immigrants. In coming months, we'll find out whether those moves are working. The opinions expressed in this commentary are solely those of Julian Zelizer."
b1aa082e63109a7ec27dd3f57b8ace67c775f80a,DE,{'DE': 7},"(CNN) -- As the 20th anniversary of the reunification between East and West Germany approaches, the country's leader says Germany has become ""culturally richer"" as a result. ""We're pleased that the Eastern states have become much stronger, that a lot has been put into action and that Germany has become culturally richer,"" German Chancellor Angela Merkel told CNNI's ""Connect the World"" on Monday. ""I think it's a wonderful story."" The fall of the Berlin Wall in 1989 paved the way for reunification a year later with the collapse of Soviet-backed communist governments across Eastern Europe. Germany will officially mark the reunification milestone on Sunday. Merkel, the first former East German to lead the reunified country, praised Germany's strides toward accepting multiculturalism, despite tense relations with the Muslim community across Europe. ""We've taken a remarkable step forward here in Germany,"" she said. ""Before we spoke of multiculturalism, of parallel societies or even in my own party there were those who spoke about guest workers who would soon leave Germany. We've all understood now that immigrants are a part of our country. They have to speak our language, they have to receive an education here."" Merkel also expressed optimism for Germany's economic future. ""It's not guaranteed that the growth we're experiencing now will continue over the years, but I think overall we've acted smartly, G20 worked together well and I'm definitely optimistic that we can get through it, if we regulate the markets prudently and when we find the correct exit strategy after this expensive stimulus program,"" she said. CNN's Becky Anderson contributed to this report."
bb5e65da8e35c5d8e21a56d9cdb82d01c777c41f,US,{'US': 3},"(CNN) -- The common flu rarely kills the young and healthy, but the Schwolert family knows it can. Their 17-year-old son Max felt ill on December 22 as the family drove to Wisconsin for Christmas vacation, beginning a series of ups and downs that would ultimately claim his life. At first, Max took Tylenol for his symptoms: a mild fever and nausea. He woke up the next morning feeling well enough to play in the snow with his two sisters. His family endearingly called him ""Panda,"" for his gentle nature and 6' 4"" height. Flu picks up steam across the United States . The next day, Christmas Eve, Max stayed home with a cough while his family attended church. The extra bed rest seemed to help. By Christmas day, Max felt better again, even participating in the family festivities. But later that night he took a turn for worse and never got better. ""He woke up very sick,"" said Tom Schwolert, Max's father. ""He had an excessive 104.9 fever, and we could not break it,"" said Max's mother Melanie. The Schwolerts took their son to the local hospital where he tested positive for the flu. ""Within 30 minutes the doctor was like, 'Something's really wrong here. His kidneys are starting to fail. His blood pressure is really low,' "" Tom remembered. Max had to be helicoptered to Regions Hospital in St. Paul, Minnesota, but there was no room on the flight for family. Max's mother had to say good-bye to her sick son and drive separately. That ""broke my heart,"" she said. ""He looked at me and there were some tears rolling down his face. He said 'Mom, I'm scared.' I said, 'I know buddy, I am too.' And then he saw me crying. He said, 'Mom it's going to be OK, you're going to be OK, I love you. And that's really the last coherent thing he said to me."" Max spent four days intubated in the intensive care unit at Regions. A staph bacterial infection soon led to septic shock. By December 29, Max was dead. When the Schwolert family returned home from Minnesota, the college acceptance letter Max had been hoping for had finally been delivered. Map: State-by-state flu numbers ."
c4d05ecbc5974c6ec1a82c1bbb0c11aa0c3bbac8,US,{'US': 2},"(Mental Floss) -- Because you weren't going into botany, the priesthood, or coin manufacturing, you thought you were safe to dismiss Latin as a dead language. Obviously, you didn't graduate cum laude. I think, therefore I am the famous statue ""The Thinker"" by French sculptor Auguste Rodin. Latin is about as dead as Elvis (who, by the way, made $54 million in 2004). Whether you're deciphering a cryptic state seal or trying to impress your Catholic in-laws, knowing some Latin has its advantages. But the operative word here is ""some."" The ability to translate The Aeneid probably isn't going to come in handy anytime soon, so we'll start you off with 9 phrases that have survived the hatchet men of time (in all their pretentious glory). Caveat Emptor:   (KAV-ee-OT emp-TOR): ""Let the buyer beware"" Before money-back guarantees and 20-year warranties, caveat emptor was indispensable advice for the consumer. These days, it'd be more fitting to have it tattooed on the foreheads of used-car salesmen, infomercial actors, and prostitutes. For extra credit points, remember that caveat often makes solo appearances at cocktail parties as a fancy term for a warning or caution. Oh, and just so you know, caveat lector means ""let the reader beware."" Persona Non Grata: (puhr-SOH-nah non GRAH-tah): ""An unacceptable person"" Remember your old college buddy, the one everybody called Chugger? Now picture him at a debutante ball, and you'll start to get a sense of someone with persona non grata status. The term is most commonly used in diplomatic circles to indicate that a person is unwelcome due to ideological differences or a breach of trust. Sometimes, the tag refers to a pariah, a ne'er-do-well, a killjoy, or an interloper, but it's always subjective. Michael Moore was treated as a persona non grata at the Republican National Convention. Bill O'Reilly would experience the same at Burning Man. Habeas Corpus: (HAY-bee-as KOR-pus): ""You have the body"" When you wake up in the New Orleans Parish Prison after a foggy night at Mardi Gras, remember this one. In a nutshell, habeas corpus is what separates us from savages. It's the legal principle that guarantees an inmate the right to appear before a judge in court, so it can be determined whether or not that person is being lawfully imprisoned. It's also one of the cornerstones of the American and British legal systems. Without it, tyrannical and unjust imprisonments would be possible. In situations where national security is at risk, however, habeas corpus can be suspended. Cogito Ergo Sum: (CO-gee-toe ER-go SOME): ""I think, therefore I am"" When all those spirited mental wrestling matches you have about existentialism start growing old (yeah, right!), you can always put an end to the debate with cogito ergo sum. René Descartes, the 17th-century French philosopher, coined the phrase as a means of justifying reality. According to him, nothing in life could be proven except one's thoughts. Well, so he thought, anyway. E Pluribus Unum: (EE PLUR-uh-buhs OOH-nuhm): ""Out of many, one"" Less unique than it sounds, America's original national motto, e pluribus unum, was plagiarized from an ancient recipe for salad dressing. In the 18th century, haughty intellectuals were fond of this phrase. It was the kind of thing gentlemen's magazines would use to describe their year-end editions. But the term made its first appearance in Virgil's poem ""Moretum"" to describe salad dressing. The ingredients, he wrote, would surrender their individual aesthetic when mixed with others to form one unique, homogenous, harmonious, and tasty concoction. As a slogan, it really nailed that whole cultural melting pot thing we were going for. And while it continues to appear on U.S. coins, ""In God We Trust"" came along later (officially in 1956) to share the motto spotlight. Quid Pro Quo: (kwid proh KWOH): ""You scratch my back, I'll scratch yours"" Given that quid pro quo refers to a deal or trade, it's no wonder the Brits nicknamed their almighty pound the ""quid."" And if you give someone some quid, you're going to expect some quo. The phrase often lives in the courtroom, where guilt and innocence are the currency. It's the oil that lubricates our legal system. Something of a quantified value is traded for something of equal value; elements are parted and parceled off until quid pro quo is achieved. Most recently, Arizona Senator John McCain co-opted the phrase to describe campaign finance and influence pedaling because he believes that one doesn't give major milk to a campaign without expecting major cheese in return. Ad Hominem: (ad HAH-mi-nem): ""To attack the man"" In the world of public discourse, ad hominem is a means of attacking one's rhetorical opponent by questioning his or her reputation or expertise rather than sticking to the issue at hand. Translation: Politicians are really good at it. People who resort to ad hominem techniques are usually derided as having a diluted argument or lack of discipline. If pressed, they'll brandish it like a saber and refuse to get back to the heart of the matter. Who said the debate team doesn't have sex appeal? Ad Majorem Dei Gloriam: (ad-MA-yor-em DAY-ee GLOR-ee-um): ""All for the Greater Glory of God"" Ad majorem dei gloriam is often shortened to AMDG. In other words, it's the WWJD of the Jesuits, who've been drilling the mantra into their followers since (Saint) Ignatius of Loyola founded the Catholic Order in 1534. They believe all actions, big or small, should be done with AMDG in mind. Remind your Jesuit-educated buddies of this when they seem to be straying from the path. (Best used with a wink and a hint of irony.) Sui Generis:(SOO-ee JEN-er-is):  ""Of its own genus,"" or ""Unique and unable to classify"" Frank Zappa, the VW Beetle, cheese in a can, that feeling you get when the Red Sox win the World Series: Sui generis refers to something that's so new, so bizarre, or so rare that it defies categorization. Granted, labeling something ""sui generis"" is really just classifying the unclassifiable. But let's not over-think it. Use it at a dinner party to describe Andy Kaufman, and you impress your friends. Use it too often, and you just sound pretentious. E-mail to a friend . For more mental_floss articles, visit mentalfloss.com . Entire contents of this article copyright, Mental Floss LLC. All rights reserved."
0a5f6b32e869bae798d81c48d381a5f0384c001a,AU,{'AU': 6},"Editor's note: . (Global Mail) -- The night Bob Hawke lost the Labor leadership 20-odd years ago, I was a tender recruit to the Canberra press gallery who found myself, fortuitously, marooned at the Prime Minister's office door whilst the Labor caucus was dispatching the occupant. Mistaken by security guards -- then hastily clearing nearby corridors -- as a Prime Ministerial staffer, I was left to witness Hawke's return to his office and his waiting family as an ex-Prime Minister, at that time the only one to be rejected by his own party. Hawke came striding out of the caucus room, chin forward, moist eyes straight ahead, a clutch of dejected staff trailing behind. At the same moment his office door opened and out burst his then-wife, Hazel, sobbing. Either she'd been expecting the worst or, more probably, there had been a phone call telegraphing it. She flung herself at her husband. Hawke gathered her up, telling her ""Don't cry, don't cry."" And as he disappeared into his office, he barked: ""I need a bloody cup of tea."" If the humiliation of that evening's historic rejection winded him, Hawke didn't show it. Soon afterwards trolleys of liquor were rolling along the corridors of Parliament House and Hawke hosted a wake that went for hours, open to all comers. He angered, in my sight, only once that night; he rounded on a particular reporter who had showered him with sympathy but who, in Hawke's view, had been long doing the bidding of the victor, Paul Keating. Australian FM Kevin Rudd resigns . Never before had the Labor Party dumped a serving Prime Minister, yet Hawke's equanimity -- outwardly at least -- was striking. You might have said he seemed both resigned and liberated about the loss of the job he'd held for nearly nine years. Of course, the long contest with Keating had been aggravating to Hawke and sapping for his Government; Keating had effectively launched his challenge late the year before, in 1990, when he contended, in his PlÃ¡cido Domingo speech, that Australia had never had a great Prime Minister. Then he challenged Hawke in mid-1991, lost and went to the back bench until his second -- and successful challenge -- at the end of that year. Hawke, the Labor Party and most Australians knew that Keating had Hawke lined up for the kill. Not so Kevin Rudd. It has been an undeclared, subterranean campaign to reinstall Rudd in the Prime Minister's office -- one from which the candidate has, until now, been able to stay aloof. Rudd has portrayed himself as busy and contented within the Cabinet under Julia Gillard. As he described it last week, he has been ""a happy little Vegemite"" being Australia's foreign minister. Invariably for Rudd, questions about the quality of the Labor Party leadership, the propriety of those who removed him from the Prime Minister's office or of who posted the now-infamous video of his rage on YouTube all are questions that should, he contends, be asked of ""others."" Thus he causes those others -- and we mostly know who he means -- to fall under suspicion. And in the resulting public imagery, it is not Rudd who is seeking to return to the Prime Minister's office; rather it is a semi-reluctant Rudd who is being ferried along by a group of ministers, MPs and Labor fixers who believe the only way that Labor can win against Tony Abbott and the Coalition at the next election is for Rudd to resume the leadership. Gillard calls for Australian Labor Party leadership vote . Their tactic has been to avoid having Rudd, unlike Keating, seen as an active seeker of his Prime Minister's job. The reasons are two-fold. The Rudd camp has not wanted to give the Prime Minister a reason to confront them head-on because to do so would be to risk provoking a leadership ballot before Rudd has assembled the numbers he needs -- and it's still doubtful that he has. Second, for Rudd to be seen publicly tearing at Gillard's leadership would play to a series of strong negatives -- that Rudd is motivated by revenge, that he has no regard for governance, that he is attacking a woman, that he has a monstrous sense of entitlement. It may even be true, as some of Rudd's campaigners have claimed privately in the past few days, that Rudd did not set out to regain his old job after he was deposed by Gillard back in mid-2010. That instead, the ongoing poor opinion polling for the Labor Party, some avoidable stumbles by Gillard, stubborn resentment within the electorate about the manner of her ascendancy and the blandishments of some of his colleagues combined to persuade Rudd that his return was feasible. But Rudd had to be seen to be drafted by his party back into the Prime Minister's office. Behind the scenes of Australia's political 'soap opera' That plan still seemed intact until 1.38pm on Saturday February 18, when a You Tube user, under the name of HappyVegemiteKR, uploaded a video showing a frustrated and increasingly furious Rudd attempting to complete a video message in the Chinese language but stumbling over the words. Filmed at least two years ago in his office, while he was Prime Minister, the video contained Rudd's unusable, profane outtakes, plenty of teeth-gnashing, wild-eyed fury, and blaming others including the ""dickheads in the embassy."" Because the footage most likely had been retained in a Government archive, suspicion falls on the Prime Minister's office or somewhere nearby as HappyVegemiteKR's source. This conspiracy Gillard denies, but the enquiry, Rudd says, is another of those ""questions for others."" Whatever its source, HappyVegemiteKR's video most likely will be remembered as much for the entertainment provided by a filthy Rudd, as for the trigger that brought his leadership challenge into the open. Rudd learned of HappyVegemiteKR's You Tube activity early on Saturday evening as he was eating a Thai take-away meal at his Brisbane home with Bruce Hawker, the Sydney-based political strategist who has guided many Labor election campaigns. Hawker is now openly connected to the Rudd campaign's camp and helped advise Rudd that night. ""The conspiracy theorists are out in number,"" says Hawker. ""But I was with him, and he was embarrassed and concerned and understood that he had to manage the problem quickly. The complication was that he was leaving the country the next morning. So the decision was made to contact Sky, which is a 24-hour news channel, and do an interview. As it turned out, I think that was the appropriate thing to do."" Prompted and legitimized by the leaked video, by midnight Saturday Rudd was on Sky News, effectively sending to the Labor Party and Australians a revised CV that set down his qualifications for another shot at the Prime Minister's job. Apologizing for his language in the video, he said he had changed since being deposed by Gillard almost 20 months ago. He had learned to delegate more, to become less angry and listen up - especially to his colleagues. It was a coded application for the return of his former job. And it was reinforced on Rudd's behalf on Monday morning when the former Queensland Labor Premier, Peter Beattie, publicly urged the Prime Minister to hold a leadership ballot. The Queensland band of brothers -- Rudd, Beattie and Bruce Hawker -- succeeded, finally, in flushing out publicly the Prime Minister's senior ministerial supporters to concede that which they have been careful for weeks not to: Gillard's leadership is under siege from within her own Cabinet and party room. Tactically the day was a victory for Rudd; the leadership issue was out in public and now, sooner or later, it will have to be confronted. There is anxiety and uncertainty on both sides over whether they have the numbers. Gillard is not going to a ballot, yet, and behaves as if life is business as usual in her dealings with the man she calls her foreign minister, usually (and unusually) not by his name. And Rudd is in the Mexican resort city of Los Cabos at a G20 meeting and will not return to Australia until the weekend. Will he force a challenge when parliament returns on February 27? Bruce Hawker -- a man who might know -- offers this: ""I think, nevertheless, once Rudd is back in town, there is going to be another buildup of pressure for this matter to be resolved once and for all."" Should Rudd force a ballot? ""I don't know exactly how this is going to be played out. There are various scenarios but one thing that seems completely implausible is that it's just going to go away and that people will forget about it and move on to another issue. This is a boil that has to be lanced."" Gillard, you would expect, knows that. She's wielded that lance before. Read the original piece in The Global Mail . The opinions expressed in this commentary are solely those of Bernard Lagan and The Global Mail."
7c5c5d182a76e26f8234bacca8c0ec04a16dae21,US,{'US': 1},"(Budget Travel) -- Baggage fees don't have to be a fait accompli. If you arm yourself with the right lightweight carry-ons (plus a few smart supplements), you'll be able to bring more on board -- and you might even skirt that two-bag limit. FOR FAMILY FLIERS . Roller: Leave it to Jeep to design a rugged piece of luggage. Made from the same sturdy plastic as the company's car parts, the 20-inch Battalion bag can take whatever the kids dish out. ebags.com, $200. Tote: The grown-up pattern of LeSportsac's ripstop-nylon Ryan Baby Bag ensures it will be your go-to shoulder bag long after you've survived the terrible twos. lesportsac.com, $128. Budget Travel: The coolest small towns in America . Kiddy roller: A frog-shaped Ecogear Ecozoo roller should inspire Junior to pull his own weight (at least down the jetway.) ecogear-products.com, $50. FOR AIR-TRAVEL AFICIONADOS . Roller: Delsey's new 21-inch Helium Fusion Lite 2.0 delivers in all the right ways: It's light all right -- just over nine pounds -- travels on inline-skate wheels, and can expand by two inches. macys.com, $90. Budget Travel: World's weirdest hotels . Laptop case: For all it's built to hold (a laptop, power cords, a mouse, and file folders,) it's a wonder Case Logic's 14.5-inch nylon Laptop Attaché doesn't cast a bulkier shadow. caselogic.com, $30. Backpack: The Reisenthel Mini Maxi rucksack zips into a wallet-size pouch that you can tuck into your suitcase for later use. reuseit.com, $18. Budget Travel: The world's most amazing hotel pools . Get the best travel deals and tips emailed to you FREE - CLICK HERE! Copyright © 2011 Newsweek Budget Travel, Inc., all rights reserved."
b304840e0b177da18db3d23e53e231a76e08d012,KP,"{'KP': 20, 'JP': 6, 'KR': 5, 'GU': 1, 'NL': 1}","(CNN) -- North Korea is ""skating very close to a dangerous line"" after weeks of saber-rattling, U.S. Defense Secretary Chuck Hagel warned Wednesday as northeast Asia watched for an expected missile test. ""Their actions and their words have not helped defuse a combustible situation,"" Hagel told reporters at the Pentagon. He said the United States and its allies want to see North Korean rhetoric ""ratcheted down,"" but if that doesn't happen, ""our country is fully prepared to deal with any contingency."" ""We have every capacity to deal with any action North Korea will take to protect this country and the interests of this country and our allies,"" Hagel said. American radar and satellites are trained on the east coast of the Korean Peninsula, where the communist government of Kim Jong Un is believed to have prepared mobile ballistic missiles for launch at any time, U.S. and South Korean officials warned. Japan has deployed missile defense systems around Tokyo, some Chinese tour groups have canceled visits to North Korea and the top U.S. commander in the Pacific said Tuesday that he couldn't recall a time of greater tension in the region since the end of the Korean War in the 1950s. Cheney to GOP leaders: 'We're in deep doo-doo' on North Korea . Since December, North Korea has put a satellite in orbit atop a long-range rocket; conducted a nuclear bomb test, its third since 2006; and claimed to be prepared for pre-emptive nuclear attacks on the United States, though most analysts believe it does not yet have that capability. The north has given ample warning to the world before previous long-range rocket launches -- but it is keeping everyone guessing about what it might do this time around. Intelligence suggests that North Korea may be planning ""multiple missile launches"" in the coming days beyond two Musudan mobile missiles it has placed along its east coast, Pentagon officials told CNN. The officials did not have specifics on the numbers of other missiles and launchers. One official said the North Koreans are military ""masters of deception,"" and may have planned all along to focus the world's attention on the Musudans while they plan multiple launches of other missiles. That's a tactic they have used in the past, the official said. The United States is less troubled about the other missiles, a second Pentagon official told CNN. ""We've been seeing some launchers moving around. These are smaller and don't cause us as much concerns,"" that official said. ""We think these movements are within seasonal norms for their exercises."" But he didn't discount the possibility that they might launch some of those, as they often do. The Musudan is an untested weapon that South Korea says has a range as far as 3,500 kilometers (2,175 miles). That would mean it could reach as far as Guam, a Western Pacific territory that is home to U.S. naval and air bases and where the United States recently said it was placing missile defense systems. After a launch, U.S. satellites and radars in the region would be able to calculate the trajectory of missiles within minutes and quickly conclude whether they are on a test path headed for open ocean or potentially headed for land areas such as Japan. The United States and Japan would then have to decide whether to try to shoot the missiles down, U.S. officials say. Russian Foreign Minister Sergey Lavrov on Wednesday told CNN that despite being an ally of North Korea, it stands with the United States. ""On North Korea, we have no differences with the United States. One just shouldn't scare anyone with military maneuvers and there's a chance things might calm down,"" he said. U.S., North Korean officials met secretly in March . A launch without warning? South Korean Foreign Minister Yun Byung-se said at a parliamentary hearing Wednesday that ""according to intelligence obtained by our side and the U.S., the possibility of a missile launch by North Korea is very high,"" the semiofficial South Korean news agency Yonhap reported. Yun said he was basing his assessment on South Korean and U.S. intelligence. On Tuesday, a U.S. official said that the American government believes a test launch could happen at any time and without North Korea issuing a standard notice to commercial aviation and maritime shipping that would warn planes and vessels to stay away from the missile's path. The official, who declined to be named because of the sensitivity of the information, cautioned that most of the information comes from satellite imagery, so it's impossible to reach a definitive conclusion because the United States cannot gather information on the ground. He said the launch could be ""imminent"" but also cautioned that the United States ""simply doesn't know."" Based on what the United States has seen, the belief is that the missiles have received their liquid fuel and are ready for launch. Speaking at a Senate Armed Services hearing Tuesday, Locklear said the U.S. military would not want to shoot down a North Korean missile whose trajectory would send it into the open sea. But he said if a missile's path appeared to threaten a U.S. ally, such as Japan, interceptor missiles could be used to try to bring it down. Japan poised to react 'calmly' Japan's deployment of missile defenses in Tokyo follows similar measures taken ahead of the North's rocket launches last year. Prime Minister Shinzo Abe told reporters Tuesday that his government would do ""calmly"" whatever needed to be done to protect its population. In a sign of the level of concern, however, the port city of Yokohama had to apologize for prematurely publishing a warning of a missile launch on the Twitter page of its emergency management agency. The tweet was up for about 20 minutes before being removed. The agency said that the misleading tweet was caused by human error and that it would work on changing its system to prevent the problem from happening again. Since the U.N. Security Council voted last month to impose new sanctions on Kim's regime over the latest North Korean nuclear test, Pyongyang has kept up a steady flow of words and acts that could give the impression of a nation heading inexorably toward conflict. On Tuesday, it advised foreigners in South Korea to secure shelter or evacuate the country in case of hostilities on the Korean Peninsula, the latest in a string of ominous warnings. It also kept more than 50,000 of its workers from an industrial complex jointly operated with South Korea, which had been a key symbol of cooperation between the two countries. North Korea's war of words escalates: A timeline of the crisis . 'Holiday atmosphere' inside North Korea . But on the same day, state media published articles that described festive events and international visits, suggesting a much less fraught situation inside North Korea. The state-run Korean Central News Agency (KCNA) reported that various sporting events were happening or scheduled to take place to mark the 101st anniversary next week of the birth of Kim Il Sung, the founder of North Korea and the grandfather of Kim Jong Un. ""The ongoing sports tournaments make the country seethe with holiday atmosphere,"" KCNA said. Kim Il Sung's birthday, known as the Day of the Sun, is a major public holiday in North Korea. The planned events include an international marathon Sunday in Pyongyang in which runners from North Korea and other countries will participate. KCNA also noted Tuesday the arrival by plane in North Korea of a delegation from the Japan-Korea Society for Scientific and Educational Interchange. Such visits sit strangely alongside the North's warning last week to foreign diplomats in Pyongyang that it wouldn't be able to guarantee their safety in the event of a conflict. Some North Korea watchers have observed that the regime's domestic propaganda has focused recently on efforts to promote economic development, while the bellicose threats appear targeted primarily at a foreign audience. North Korea's missile capabilities . Varying levels of concern . The angry rhetoric has also failed to alarm South Koreans, who have lived through decades of North Korean bombast. Residents of Seoul have continued to go unflappably about their daily business. ""South Korea has been living under such threats from the past, and we are always prepared for it,"" South Korean Unification Minister Ryoo Kihl-jae told CNN on Wednesday. He called the current climate ""a very ordinary situation."" ""North Korea may launch missiles at any time, and our military is fully prepared for it,"" he said. But the North's fiery words appear to have had an effect on the American public, with 41% of those surveyed saying they see the reclusive nation as an immediate threat to the United States, according to a recent CNN/ORC International poll. That's up 13 percentage points in less than a month, CNN Polling Director Keating Holland said. ""If North Korean leader Kim Jong Un wanted to get the attention of the American public, his strategy is starting to work,"" Holland said. Andrei Lankov, a professor of history at Kookmin University in Seoul, noted the varying levels of concern in an opinion article for The New York Times published Tuesday. ""The farther one is from the Korean Peninsula, the more one will find people worried about the recent developments here,"" he said. The tense situation does appear to have prompted some Chinese tour groups to call off upcoming trips to North Korea. Hong Lei, a spokesman for the Chinese Foreign Ministry, said Wednesday that some agencies and tourists had canceled plans, but he said the Chinese-North Korean border continued to operate normally. Western tourism agencies that organize visits to North Korea haven't so far reported any changes to their activities. DMZ: Tensions high at knife-edge of Korean conflict . A troubled industrial zone . The most tangible signs of disruption are in the Kaesong Industrial Complex, the manufacturing zone on the North Korean side of the border where more than 120 South Korean companies operate. Last week, the North started blocking South Korean personnel from crossing the border back into the complex. And this week, it said it was pulling out the more than 50,000 North Koreans who work inside the zone and temporarily suspending activities there. It had blocked the border crossing previously, in 2009, but pulling out the workers was a new step. As of Wednesday lunchtime, only a few hundred South Koreans remained inside the complex, according to South Korean authorities, down from more than 800 before the North started restricting entry. Also on Wednesday, South Korea accused the North of carrying out a wave of cyberattacks that paralyzed the networks of major South Korean banks and broadcasters last month. It is the first time that Seoul has formally pointed the finger at Pyongyang for the hacking, which affected more than 48,000 computers. CNN's Barbara Starr, Joe Sterling, Elise Labott, K.J. Kwon, Brian Walker, Tim Schwarz, Kyung Lah, Judy Kwon, David McKenzie, Tom Cohen and Dana Ford contributed to this report."
fe2e3c2b3f3f2c36694739694581b2764ced831e,SY,"{'SY': 2, 'RU': 1, 'IL': 1, 'JO': 1, 'LB': 1}","(CNN) -- A car bomb targeting the headquarters of Syria's ruling party killed 53 people in central Damascus on Thursday, opposition activists and state-run media said. The explosion was close to a Russian Embassy building complex. No one there was injured or killed, but there was damage to a building, Russia's Foreign Ministry said. Most of the victims were civilians. It's unclear who is behind the blast. The explosion wounded more than 230 more people and burned 17 cars, Syrian state TV said. Ambulances raced to the scene as body bags were brought for the charred remains of passengers in a taxi, according to state television. The bomb detonated at a checkpoint manned by government soldiers in front of the Baath Socialist Party's main office, the Syrian Observatory for Human Rights said. The neighborhood is also home to Iraqi refugees as well as Druze and Christian groups. Syrian rebels issue warning to Hezbollah . It was unclear whether the driver blew up the car while sitting inside it or parked the vehicle and left before setting it off. The main Syrian opposition, the National Coalition for the Revolutionary and Opposition Forces, posted a statement on Facebook saying President Bashar al-Assad's government was guilty of shelling residential neighborhoods and other crimes. The ""terrorist Assad regime"" wishes to push Syrians ""to the brink of despair,"" it said. The car bomb exploded just 65 feet away from the Baath Party building and damaged it, a resident named Mohammed said. Two schools are close by, and teachers phoned parents, asking them to pick up their children, he said. He did not want to give his last name because he was concerned for his own safety. There was damage as far away as 1,000 feet (305 meters), the Syrian Observatory for Human Rights reported. In a separate incident, two car bombs exploded at government checkpoints in the Damascus suburb of Barzeh. Clashes ensued after the explosions, the Observatory said. In addition, two mortar rounds struck the Damascus offices of the Syrian army's leadership, the opposition reported. In early January, a car bomb demolished a gas station close to a hospital in Barzeh, killing civilians. The government and opposition groups blamed each other for the attack. Activists detail abuse inside al-Assad's prisons . Over the past year, rebels fighting to topple al-Assad's government have made inroads in the Damascus suburbs and have conducted potent strikes against government targets in the capital. Syrian government forces continued heavy aerial bombardments over rebel strongholds Thursday. Multiple attacks targeted towns in Idlib province in the north and in Daraa province bordering Israel, Jordan and Lebanon. The United Nations says that about 70,000 people have been killed in Syria's civil war, which began nearly two years ago. Just Thursday, 210 people were killed across the nation, opposition activists said. CNN's Ivan Watson contributed to this report."
7fa44aebfec7d9d9be96178098f0b69af02d6a9a,US,{'US': 1},"New Orleans, Louisiana (CNN) -- Four New Orleans police officers accused of killing two men after Hurricane Katrina are scheduled to appear in federal courtrooms Friday. The officers are charged with multiple counts of conspiracy, weapons and civil rights violations in connection with the well-publicized 2005 shootings in the infamous Danziger Bridge incident. The hearings Friday will determine whether the officers will be held in jail until the trial, according to court documents. Three of the officers -- Kenneth Bowen, Robert Gisevius and Anthony Villavaso -- are scheduled to have their morning hearings in a federal court in New Orleans. The fourth officer, Robert Faulcon, is scheduled to have his afternoon hearing in a Houston, Texas, courtroom. The shootings occurred at the bridge on September 4, 2005, six days after Katrina slammed into the Gulf Coast. An indictment alleges that two separate shootings at the bridge resulted in the deaths of a teenager and a 40-year-old disabled man. The indictment contends the four officers opened fire, killing 19-year-old James Brissette. Minutes later, Faulcon allegedly shot and killed 40-year-old Ronald Madison. The indictment also says police supervisors Arthur Kaufman and Gerard Dugue helped the other officers to obstruct justice during the subsequent investigations. An earlier investigation launched by the local district attorney resulted in charges but no convictions. Federal prosecutors then moved in and launched a new investigation. The officers could face the death penalty if convicted, but prosecutors have said in the past that they have not decided whether to seek the death penalty."
3a3f6dc27359f51a55986f26f840b2782fcbf136,BF,"{'AU': 3, 'BF': 5}","(CNN) -- The company that owns Victoria's Secret vowed a full investigation Thursday after a report said cotton used in some of its products is grown using child labor. ""We are very concerned,"" parent company Limited Brands said in a statement, noting that the cotton in question, which comes from the West African nation of Burkina Faso, is ""used in a small portion of our Victoria's Secret panty styles."" ""If this allegation is true, it describes behavior that is contrary to our company's values and the code of labor and sourcing standards that we require all of our suppliers to meet,"" the statement said. ""These standards expressly prohibit child labor."" The company said it immediately ""began working with key stakeholders internally and externally to fully investigate this matter. Depending on the findings, we are prepared to take swift action to prevent the illegal use of child labor in the fields where we source Fairtrade-certified organic cotton in Burkina Faso."" Victoria's Secret, known for its underwear and lingerie, describes itself as ""one of the most powerful, sexy and glamorous stores in the world."" Its fashion show recently aired in more than 90 countries. The statement from Ohio-based Limited Brands on Thursday followed an extensive report from Bloomberg that describes the life of a 13-year-old-girl who is beaten by the farmer she works for on a cotton field in Burkina Faso. The cotton picked by the girl went to factories in other countries, ""where it was fashioned into Victoria's Secret underwear,"" the report said. While forced labor and child labor are not new to African farms, Bloomberg noted, the girl works on a farm certified as organic and fair trade. Such farms ""should be free of such practices,"" the report said. ""Perversely,"" the article said, the lucrative premiums paid for organic and fair-trade cotton have ""created fresh incentives for exploitation. The program has attracted subsistence farmers who say they don't have the resources to grow fair-trade cotton without violating a central principle of the movement: forcing other people's children into their fields. "" The report cited the leader of Burkina Faso's organic and fair-trade program and the head of fair-trade organization Helvetas Swiss Intercooperation as saying that Victoria's Secret purchased all of Burkina Faso's organic crop from last season. A report earlier this year from the U.S. Labor Department found that child labor is used in cotton production in more than a dozen countries, including Burkina Faso. A press attache for the Burkina Faso Embassy in the United States had no immediate comment Thursday. In its statement Thursday, Limited Brands said that in 2007, it ""established a pilot program to purchase Fairtrade-certified organic cotton from primarily women farmers in Burkina Faso, a landlocked country in West Africa that struggles with endemic poverty. We were committed to this initiative because of its potential to generate life-changing opportunities for some of the world's poorest women."" The ""Charter of Fair Trade Principles,"" published in 2009 by the World Fair Trade Organization and Fairtrade International, states that the rights of children are to be respected. ""The importance of children's involvement in the work of family-based production units, and the learning of skills required for their working life is recognized, but any involvement must be disclosed and monitored and must not adversely affect the child's well-being, security, educational opportunities and need for play,"" it says."
203263765c9d53db40b80d8bffd5831d46b46136,ZA,"{'AO': 4, 'ZA': 5, 'KE': 1, 'US': 1}","(CNN) -- U.S. Secretary of State Hillary Clinton headed to Luanda, Angola, on Sunday on the third leg of a journey that is taking her to seven African nations in 11 days. Secretary of State Hillary Clinton poses with residents of South Africa on Saturday during her 11-day trip to Africa. The State Department has described Angola as a nation with ""enormous economic potential."" The African country is one of the largest energy producers south of the Sahara Desert and is a major supplier of petroleum and liquefied natural gas to the U.S. market. Clinton flew to Angola after a two-day stop in South Africa, where she met with the country's new leader, President Jacob Zuma, and the foreign minister. She ended the South African trip Saturday with a visit to a housing project on the outskirts of Cape Town, where she and daughter, Chelsea, laid the first bricks 12 years ago. Clinton opened her Africa trip in Kenya. She will also travel to the Democratic Republic of the Congo, Nigeria, Liberia and Cape Verde. ""In each nation, she will emphasize Africa as a place of opportunity, built on an ethic of responsibility,"" said Ian Kelly, state department spokesman. ""She will underline America's commitment to partner with governments, the private sector, nongovernmental organizations and private citizens to build societies where each individual can realize their potential."""
58f7870abea8be4fed5dfdd60cdb00ffc23922fe,HK,{'HK': 2},"Hong Kong (CNN) -- One of four Hong Kong women struck down with septic shock after receiving a ""beauty"" treatment normally given to cancer patients has died. The 46-year-old died Wednesday morning at a local hospital one week after receiving DC-CIK therapy through the DR beauty center, local authorities said. According to the Hong Kong Health Department, the DC-CIK procedure involves the ""concentration and processing of blood taken from the person, and subsequent infusion of the mixture back into the patient."" It's not clear whether any of the women who received the treatment had been diagnosed with cancer, though the Hong Kong Health Department said in an earlier statement that the 46-year-old had been in ""good past health."" The woman, who has only been identified by authorities by her surname ""Chan,"" was admitted to hospital last Thursday suffering fever and diarrhea, hours after receiving the treatment. She was diagnosed with septic shock, and on Sunday authorities announced her blood samples had grown the bacterium Mycobacterium abscessus. Dr. Ho Pak-leung, President of the University of Hong Kong's Center for Infection told CNN that, under normal circumstances, M. abscessus did not pose a threat to healthy people. ""It's common, it's widespread. It can be found in dust and soil and water. People often come into contact with a small number of this bacteria and it's of no harm at all unless you have a wound,"" Dr. Ho said. However, he said it appeared as though the bacteria had entered the woman's blood. ""For blood infection involving internal organs, it's very difficult. It has to involve multiple drugs given at the same time and there are uncertainties about the effectiveness of the treatment,"" he told CNN on Monday. Three other women remain in hospital after having the treatment, health authorities said Wednesday. A 60-year-old is in critical condition, a 56-year-old woman is in serious condition, while another, 59, is stable. Dr. Ho said the use of the DC-CIK treatment for cosmetic purposes was not something he'd ever heard of before. ""I have serious doubts about the medical and scientific basis of the treatment,"" he said. Professor KY Yuen, Chair of Infectious Diseases at the University of Hong Kong's Department of Microbiology, said the procedure was ""only indicated for patients with metastatic cancer and often as salvage therapy when there are no other feasible options."" The Hong Kong Health Department and police are investigating the matter but, as of Wednesday morning, police said no arrests had been made. Health authorities have instructed the DR beauty clinic to halt the procedure. Over the weekend, the founder of DR, Dr. Stephen Chow Heung-wing, told local media that his staff referred clients to an independent doctor who administered the therapy. He denied suggestions that it was offered as a medical treatment. The clinic has yet to respond to CNN requests for reaction to Wednesday's death. ""I didn't say that it can cure any diseases. Remember that we are a beauty clinic. We refer clients to doctor(s), and we have had the clients to sign a liability-free form, which states that it is not for medical use,"" he said. A statement on the beauty clinic's website says that the treatment ""was conducted by an independent doctor at a medical clinic, and the doctor is not hired by our beauty store."" The statement also said it was up to the independent doctor to decide whether the client is suitable for treatment before he or she receives it. It added: ""We will assist related government departments to find out the causation of this particular incident."" According to its website, the DR group of clinics was established in 1995 and provides services for more than 1,000 clients each day. The 'Wild West' of medicine . Vivian Kam contributed to this report."
313c89f5be6f3089675ff49a4245b49cfc4f0455,US,{'US': 2},"Los Angeles (CNN) -- Four southern California teenagers have been charged following the apparent drug overdose death of an 18-year-old high school quarterback whose father is a retired NFL player, the Los Angeles County Sheriff's Department said Saturday. Three of the teens have been charged with involuntary manslaughter in the death of Griffen Kramer, son of former pro quarterback Erik Kramer, who played for several NFL teams including the Chicago Bears and Detroit Lions, officials said. Griffen Kramer played quarterback at Thousand Oaks High School, which lists him as a 6-foot 210-pound senior. Kramer was found dead October 30 in a friend's bedroom in Agoura Hills, the sheriff's office said in a statement. That friend, David Nemberg, 19, of Agoura Hills, is charged with involuntary manslaughter and possession of a controlled substance, authorities said. After investigating several of Kramer's acquaintances who were involved in narcotics-related activities, police also charged Corey Baumann, 19, also of Agoura Hills, with involuntary manslaughter and possession of a controlled substance for sales, the sheriff's office said. Baumann and Nemberg were each released in lieu of a $125,000 bail, authorities said. The two other accused teenagers are minors, whose names weren't released, the sheriff's office said. A 17-year-old boy from Oak Park, California, was charged with involuntary manslaughter and possession of a controlled substance, the sheriff's office said. He is being held at Sylmar Juvenile Hall without bail, authorities said. Investigators found ""deplorable"" living conditions during the search of the boy's home and took five children from the residence into protective custody, said authorities. The fourth teen, also a 17-year-old boy, of Agoura Hills, was charged with possession of a controlled substance, the sheriff's office said. He was released to his parents' custody, according to police. Police allege Griffen, Nemberg and a juvenile met at Sumac Park in Agoura Hills on October 29 and drove to a nearby cul-de-sac, where Griffen injected narcotics, causing him to instantly become ill and unconscious, authorities said. Nemberg allegedly dragged the unconscious Griffen into his car and then drove him around the area, police said. Nemberg called acquaintances and asked them if he could drive to their residences, but they told him no because their parents were home, police said. Nemberg allegedly took a still unconscious Griffen to Nemberg's home, authorities said. He didn't seek medical attention for Griffen until the next morning, when Nemberg woke up and saw Griffen was still unconscious, authorities alleged. ""He woke up the following morning and called 911 because Griffen was unresponsive,"" Sheriff's Sgt. Barry Hall said in a statement. Griffen was believed to have been dead for several hours before Nemberg made the call, according to the Los Angeles County coroner's office. Investigators believe Griffen had likely died from an overdose, but ""we're still waiting for a toxicology results to determine the ultimate cause of death,"" Hall said. CNN's Michael Martinez contributed to this report."
aa35fa6f613b29bf80806552b1bf260f04bbedc2,CN,"{'CN': 22, 'HK': 1}","(CNN) -- ""China is not on the Internet, it's basically an intranet. Everything is banned by the Great Firewall,"" says Sherman So, co-author of ""Red Wired: China's Internet Revolution."" Sherman So, author of ""Red Wired,"" talks about China's online habits and Internet culture. With 338 million Internet users in June 2009, according to the China Internet Network Information Center (CNNIC), China is no longer a niche market of the online industry. Chinese is the second most common language on the Internet, according to The Economist, and quickly gaining ground on English. As the former technology writer for Hong Kong's daily English-language newspaper, South China Morning Post, So has been following closely China's exponential Internet developments over the past decade. What inspired her to write ""Red Wired"" was the chasm in online culture on either side of China's carefully controlled borders. ""The information gap between those who are from this part of the world and who know Chinese and those who are from another part of world and who don't is just so huge,"" observes So. ""I've talked to lots of investors, analysts, visitors to Hong Kong, and they really don't know what's happening in China. They ask the silliest questions about China and the Internet."" ""Red Wired"" tells the stories behind China's homegrown online start-ups, often overtaking dominant start-ups that have been successful in the West but which flailed after venturing into Chinese territory. One anecdote involves an advertisement by Baidu, China's most popular search engine, teasing Google China for not knowing Chinese. Google focused on high-end technology rather than Chinese linguistics. From 2002 to 2005, Google's Chinese site also suffered interference from the Chinese government, which redirected users to Baidu whenever Google's search results failed to comply with China's censorship rules. Although Google China has since learned the lingo and learned to cooperate with the higher order, it still trails Baidu with only 28 percent of the search-engine market share, compared to Baidu's 63 percent, according to a 2008 study by Analysys International. Conquering the Internet with Chinese characteristics . So what are the unique characteristics of China's Netizens? While 25.5 percent of the Chinese population is now online, CNNIC's 2008 statistics sketch a relatively coherent portrait of the mainstream majority of them: 67 percent are below the age of 30; 73 percent have only a high school education or lower; 33 percent are students; and 28 percent fall into the lowest income bracket of under $75 per month. Moreover, 78 percent go online at home and 42 percent log on at an Internet cafe. Once connected, 84 percent listen to music, 75 percent instant-message, 63 percent play online games, and only 57 percent e-mail. In short, for the vast majority of Chinese, Internet means play, not work. One could conclude that an Internet entrepreneur's target audience in China is teenage and twenty-something students, low-end consumers in search of entertainment with plenty of time to kill. Among the most salient of China's Internet start-ups are those that innovated on proven Western models by successfully adapting them to the Chinese market. Tencent, with a 77 percent market share of instant messaging services nationwide, is one of the start-ups that gets it. Tencent is now the largest Internet company in China. ""What really made [Tencent founder] Pony Ma stand out is that he viewed his QQ instant messenger differently from other IM services such as MSN and Yahoo,"" says So. ""They viewed IM as a two-way communication, so made it as efficient as possible. They targeted the high-end white-collar users, thinking they're rich, advertisers will love them, they'll buy additional services. ""Ma thought differently. QQ was a community targeting low-end users -- kids, factory workers. They don't need efficiency, they come online to kill time, to be entertained, to talk with friends, not to do work."" In a China where economic growth comes at different speeds, So believes that the Internet has leveled out the playing field. ""The online population in China comes from very modest families,"" she says. ""Forty percent go online at Internet cafes, which is the cheapest entertainment alternative you can find. It costs just 30 cents per hour. The poorest kid can afford that, and these Internet cafes can be found in the most remote regions. ""So actually the Internet is flattening out this information gap, if not material gap, because even the poorest kid in China can go online and get information. And because of piracy, they can also download lots of stuff for free."" Sea turtle power . Another recurring factor of success among Chinese Internet start-ups is their founders' extensive experience working in Silicon Valley before returning to China to launch their own business. A person who has returned to China from overseas is known in Mandarin as ""hai gui,"" which sounds the same as the Mandarin words for ""sea turtle."" Such entrepreneurial returnees include Baidu's Robin Li, Sohu's Charles Zhang and Ctrip's James Liang. ""Sea turtles bring in new ideas,"" says So. ""Like what is a search engine?"" ""Robin Li was an engineer with a patent on search mechanism, and he wanted to build a Chinese search engine. He brought in the idea, the technology and the funding. While he was still working for Infoseek in Silicon Valley, he got $1.2 million from former executives of Inktomi. Then he went back to China and recruited students and teachers from Peking University, and he built Baidu in a year. ""Finally [the sea turtle CEOs] go to the Nasdaq for IPO listing, because that is where the market really understands the Internet and can appreciate what they did."" Likewise, China is growing from both foreign interaction and the new technological and political challenges of online culture and commerce. As the ""Great Intranet"" continues to expand and evolve, China continues to explore the fragile balance between censorship and control, and enterprise and innovation."
9d95b837daee398453dbd616dc49429db46814d5,CU,{'CU': 2},"Havana, Cuba (CNN) -- A Cuban court has convicted 14 government officials and businessmen and a Chilean entrepreneur for corruption and bribery involving the state-owned airline and a tourism agency. Marcel Marambio, a Chilean businessman with close ties to the Communist government, was sentenced in absentia to 15 years in prison for bribery, fraud and falsification of documents, according to a notice published in state media on Tuesday. Marambio was president of Sol Y Son, a tourism agency jointly owned by the Cuban state and Chilean investors. His brother Max Marambio, a long-time friend of Fidel Castro, was sentenced in absentia in a separate corruption trial earlier this year. The 14 Cubans, all employed by Cubana de Aviacion airline or Sol Y Son, were sentenced to between three and 10 years of prison. State media said they were convicted because they received ""cash bribes and personal perks"" but did not provide details about what they provided in exchange. Courts have launched a number of corruption cases since President Raul Castro assumed the presidency of Cuba in 2008."
6161b0e9fcfb3be1157a852bf977e6acf7e8fc51,LY,"{'LY': 8, 'EG': 2, 'TN': 2, 'SY': 1}","(CNN) -- The death of Moammar Gadhafi is not the game-changer many would like it to be. His regime was already a thing of the past. For Libya's transitional government, the challenges today are just as daunting as they were last week. To be sure, Gadhafi's death provides them a moment of respite and an important propaganda boost as they try to cobble together a credible coalition that can govern. It further breaks down the psychological barrier of fear so many Libyans have continued to feel, left over from decades of dictatorial rule. However, the gains, while important, are more symbolic than practical. Gadhafi was the greatest unifier Libyans could have asked for. He was erratic, brutal and a mismanager par excellence and, as such, managed to mobilize a broad swath of Libyans around a shared goal: the downfall of his hated regime. Now that Gadhafi has left the scene, the rebels and their fledgling government have lost their original raison d'etre. Libya was the Arab Spring's first true revolution, the only one in which the revolutionaries now hold the levers of power. And, unlike Egypt and Tunisia, Libya does not have to contend with old, decaying institutions. The old regime does not need to be adapted to the new. But as promising as blank slates are, they are also dangerous. The National Transitional Council has been plagued by infighting and the emergence of factions. The divisions have taken on an increasingly ideological tone. It is the same old story: Liberals and Islamists come together during the revolution, only to split afterward, often in acrimony. Above all else, a government needs to govern. It has to have a monopoly on the use of force, and this is a challenge in one the world's most heavily armed countries. The various militias that helped bring down Gadhafi now represent competing centers of power and influence. Disarming them, or integrating them into the national army, is a key task ahead for Libya's new leaders. The euphoria we are witnessing today in the streets of Tripoli and Benghazi is encouraging. But it is also premature and misleading. It is likely to be remembered as a brief but welcome aberration in a slow slog toward something resembling democracy. All the actors with a stake in Libya should quickly adjust their expectations accordingly. I, and many others, are optimistic about Libya prospects, but only if Libyans -- and international supporters and donors -- get the key components of the transitions right and do it right away. Revolutions are much more glamorous when they are being fought, less so when they're being built through the sometimes unsavory give-and-take of consensus building. With Syria disintegrating, Tunisia holding landmark elections and Egypt sputtering along unconvincingly, the attentions of the international community are understandably divided. But it cannot afford to forget Libya. Fortunately, Libya is perhaps the only Arab country where people seem to genuinely like Europe and the United States for the decisive support they offered to the revolution. That sort of good will doesn't come every day. Here's hoping that we use it and that we use it for good. The opinions expressed in this commentary are solely those of Shadi Hamid."
7d0f784d2def6f097cf7301124db28f2f70c4633,SO,"{'ZW': 1, 'SO': 2}","(CNN) -- Somali gunmen on Wednesday released a British aid worker kidnapped last week while working for Save the Children. The aid worker, named as Zimbabwe-born Frans Barnard, was freed after tribal elders negotiated with his captors, Save the Children confirmed. Barnard was safe and well and had been moved to a more secure place in Somalia, Save the Children said in a statement. No ransom had been paid by the organization to secure Barnard's release, it said. ""Save the Children's policy is not to pay ransoms and we did not pay a ransom to secure Fran's release. The release was negotiated by the clan elders and we are extremely grateful to them,"" Save the Children said. ""We believe Frans was abducted by an independent group of criminals with no political affiliation or support from other groups in the region."" Save the Children chief executive Justin Forsyth earlier told BBC radio Barnard had been looked after by his kidnappers. ""He is well, he is in good spirits and he is on his way to a place of safety,"" he said. British Prime Minister David Cameron welcomed news of Barnard's release and said the government had been in close contact with Save the Children. ""Let me praise the professionalism of Save the Children and also thank the Somali clan members who were involved in his release,""  Cameron told lawmakers. ""I'm sure it will be good for him to be back with his family after what must have been a very, very frightening and difficult few days."" Barnard was kidnapped along with a Somali aid worker from a guesthouse compound in the town of Adado, near the Ethiopian border, last Thursday. The Somali national was released soon afterwards. Save the Children is an international organization based in the United Kingdom. It works to improve the lives of children worldwide. The group said it had been assessing the feasibility of starting up an humanitarian program to help malnourished and sick children and their families in the area. Somalia has not had a stable government since 1991, and fighting between rebels and government troops has escalated the humanitarian crisis in the famine-ravaged country."
effd22b73a542e90745a56722915714e4b47cbab,GB,"{'GB': 3, 'IT': 2, 'ES': 2, 'DE': 2, 'ZA': 1, 'MX': 1, 'CL': 1, 'CR': 1, 'DK': 1}","(CNN) -- The champagne is on ice, the fireworks are exploding overhead and the guests are getting down to some funky sounds -- but isn't your New Year's Eve party a bit, well, last year? Not everyone spends the last night of December carousing like the dawn will bring a Mayan apocalypse, yet they still manage to have a great evening. So perhaps to see in 2013, it's time to pour away the Moët & Chandon, defuse the skyrockets, eject the ABBA mixtape and take inspiration from some of the planet's more unusual New Year celebrations by adding these to your shopping list: . Frozen water . Most parties lay on a few ice cubes for the cocktails, but if you really want your guests to chill, how about a frozen lake, river or sea. For some reason, glaciated bodies of water have a magnetic lure for new year revelers undeterred by hypothermia, frostbite or common sense. Sub-zero soaks are commonplace from Scotland to Siberia as swimmers, often fortified by a shot of booze, shiver themselves bluer than the cast of Avatar. Why you should: An invigorating icy swim will wash away last year's cobwebs. Why you shouldn't: It could also wash away frozen parts of your body. Underwear . After exposing your extremities to such a chilly experience it might be wise to have some thermals to hand, but sensible unmentionables aren't on our list. Instead, like partygoers in Italy and some South American countries you should be thinking about a more dazzling set of drawers. In Italy, Spain and South and Central America, color-coded underpants take on special meaning at New Year with red or yellow auguring luck or romance. Why you should: It's a chance to liven up your lingerie. Why you shouldn't: With all this talk about pants and love you'll need another icy dip. German sense of humor . If you're fed up with unfunny jokes told by drunken party guests, it's time to tap into Germany's love of deadpan absurdism. Almost every New Year's Eve for the past half a century, German television has broadcast ""Dinner for One,"" a comic English play in which a sozzled butler imitates party guests to humor his elderly employer. The annual repeat of the show's catchphrase: ""The same procedure as last year,"" adds to the hilarity and has helped it earn fans in several neighboring countries. Why you should: The show's saucy punchline is well worth it . Why you shouldn't: The joke takes about 50 years to work properly . Broken television set . When endless reruns of ""Dinner for One"" result in frustration being taken out on your TV, you might be tempted to throw it out of the window in line with a now extinct Italian New Year tradition of defenestrating unwanted goods. A similar habit in South Africa has seen fridges and other household objects ejected from up high, sometimes resulting in injury and arrest. Why you should: You shouldn't. Why you shouldn't: It's illegal, not to mention dangerous. Grapes . There's nothing too unusual about serving grapes at a party -- unless you follow the traditions of Mexico, Chile and Costa Rica where 12 grapes are consumed on New Year's Eve, each a symbol of the months that lie ahead. In Spain the grapes must be eaten in time with the 12 chimes of midnight, which can turn the traditional New Year's kiss into a messy business. Why you should: Grapes are a tasty source of anti-oxidants and vitamins. Why you shouldn't: Inhaling grapes = Heimlich Maneuver. Molten lead . Back to Germany for another unusual ritual in which a spoonful of lead is melted over a candle then dropped into a bucket of water. The shapes formed by the cooling metal are then divined for signs of what lies in the year ahead. Certain formations have specific meanings: An egg signifies a growing family, a clover means luck and a hat shape means good news. No one takes it seriously. Why you should: It's fun. Why you shouldn't: It's nonsense. Pigs . In the Swiss ski resort of Klosters, the first day of January is celebrated with a piglet race in which 10 tiny porkers sprint through the snow for the enviable prize of being spared from the sausage factory. The winner is usually adopted as a town mascot for the year. Why you should: Piglets! So cute! Why you shouldn't: The losers get eaten. Chairs . Chairs at a party aren't exactly a radical innovation, but in Denmark they are typically used as a launching pad for people who believe that by leaping into the New Year they will banish malevolent spirits. Why you should: You can claim your new year exercise regime has started early. Why you shouldn't: You'll need the icy water again to bathe those twisted ankles. Dead birds . Sailors love a good party, but are notoriously superstitious souls, believing that it is unlucky to begin a voyage on December 31. Maritime lore also suggests that feathers plucked from a wren slain on New Year's Day can protect seafarers from dying in a shipwreck. Why you should: You polished off those piglets, so a wren isn't going to hurt your conscience. Why you shouldn't: Nothing kills a party like a dead bird. Bed . Britain has a certain reputation when it comes to New Year's Eve, particularly in Scotland where Hogmanay celebrations -- climaxing in a rendition of the traditional Scottish song ""Auld Lang Syne"" -- can border on the bacchanalian. So it is perhaps a surprise to discover that, according to a survey conducted last year, over a third of Britons prefer to be tucked up in bed on the stroke of midnight. Why you should: You'll avoid the most overrated party of the year. Why you shouldn't: Champagne corks, fireworks and ABBA will keep you awake anyway."
70ea5a6793eaf553f372bfb52fa8eb719e9a6e30,US,"{'US': 6, 'GB': 1}","FREDERICK, Maryland (CNN) -- Andrew Stein, 10, and his brother, Nathan, 7, are having a typical end-of-summer vacation: hanging out at the pool, visiting their grandparents and waiting for the beginning of school. Nathan Stein, 7, said getting some shots was worth it to help other kids. But this week they're doing something most of their classmates will never do. The Stein brothers will be testing the new vaccine to prevent swine flu. Because the younger population, from 6 months to 24 years, is at high risk of developing complications from the H1N1 virus, the National Institutes of Health is conducting a clinical trial specifically to make sure the vaccine is safe for children. Vaccine developers hope to get the doses out by mid-October, before the flu season really shifts into high gear. Although both boys dislike needles, they are willing to make the sacrifice. ""One boy that I knew at our school died from a type of the flu,"" said Andrew, frowning. ""So I wanted to prevent that as much as I could."" The boys, who live in the suburbs between Baltimore, Maryland, and Washington, got their first inoculations at the vaccine satellite office in Frederick, Maryland. The trial is being conducted by the University of Maryland School of Medicine, one of 11 institutions across the country holding pediatric trials. Researchers will test the boys' blood, have them keep journals and make sure they have no severe reactions after each vaccine. The pediatric studies are divided into two groups within the United States. Half the sites will be comparing reactions between the H1N1 shot and the seasonal influenza vaccines on kids; the others will be looking at the effectiveness of a two-dose vaccine. The Steins are enrolled in the dosage trial. The data are crucial for developing a safe vaccine, said Dr. Karen Kotloff, who heads both the pediatric and adult trials at Maryland. ""The purpose of the studies we are doing is to try to collect information that will help to inform policymakers about the best way to give the pandemic H1N1 flu vaccine,"" she said. ""Whether we need one or two doses and what strength we need."" Before they received their shots, both boys, along with their parents, Christy and Eric Stein, got an explanation of the procedure and were warned about possible complications. Nancy Wymer, who coordinates the study, says the boys will receive two inoculations over six weeks and will continue to check in periodically over the following six months. Dr. Sanjay Gupta reports on the H1N1 clinical trial » . Neither brother gave more than a grimace as he rolled up his sleeve and took a shot for science. Andrew Stein said it was no big deal. ""It was in and out, in a couple of seconds."" Why would parents have their children be part of such a trial? Most say to help other children. Christy Stein was involved in a pediatric trial for the swine flu vaccine in 1976 and understands what her sons are going through. But she also believes it's good for the country's public health. ""I trust the people who are running the study,"" she said. ""And I'm not concerned about it at all."" The studies are based on other influenza trials in the past. Many parents have already volunteered their children but openings still exist. Children 6 months to 35 months are needed, Kotloff said.  ""Like with any shot, children may have a sore arm. Your arm can be red...There might be some fever or achiness, but the symptoms go away in a couple of days. ""There can be allergic reactions, mostly rashes, but in some rare circumstances there can be severe allergic reactions,"" she added. ""Each volunteer is informed about these possibilities, so it's up to the parents to make that choice."" The 11 main sites across the U.S, in nine states, are currently recruiting children for the vaccine trials. The two-dose vaccine tests are being conducted at the University of Maryland Baltimore; Duke University in Durham, North Carolina; Children's Mercy Hospital in Kansas City, Missouri; Children's Hospital and Regional Medical Center in Seattle, Washington; and Vanderbilt University in Nashville, Tennessee. And the trial comparing H1N1 and seasonal flu vaccines is at Hope Clinic, Emory University in Atlanta, Georgia; St. Louis University in Missouri; the University of Iowa in Iowa City; Cincinnati Children's Hospital Medical Center in Cincinnati, Ohio; Baylor College of Medicine in Houston, Texas; and the University of Texas Medical Branch in Galveston. Each location has a Web site to sign up if more children are needed. Andrew and Nathan are doing fine. They will keep a diary on how they feel and what, if any, reactions they have. Each was rewarded with a $40 gift card for his trouble. And even after being stuck with a couple of needles, Nathan Stein says it was worth it. ""Not just for the gift card,"" he said, ""but for being able to help other kids."""
6da4e34b8dbd3f99eda0b32a56a2514f39765098,,{},"(CNN) -- An overdose of a blood thinner may have contributed to the death of a Nebraska toddler, the Omaha hospital that treated her said Thursday. The Nebraska Medical Center is investigating the death Wednesday of 23-month-old Almariah Duque, said hospital spokesman Paul Baltes. The girl, who lived with her parents in Dallas, Texas, was born with a birth defect and in December had undergone a transplant at the hospital of her small intestine, pancreas and liver, Baltes said. The hospital has one of the nation's largest intestinal rehabilitation and transplant programs, he said. The girl was readmitted in February after an infection and died at 5 p.m. Wednesday, the hospital said in a statement. ""It appears an overdose of the blood thinner heparin may have contributed,"" said the statement, which called the death ""a deeply troubling and emotional incident"" for hospital personnel. ""We all want to extend our deepest apologies to the Duque family for their tragic loss,"" it added. Heparin is routinely used after a variety of medical procedures as an anticoagulant. ""The medical center strives to provide the highest level of care and will use this tragic event to continue to improve and find ways to prevent errors in the delivery of complex health care,"" the statement said. The medical center is paying for funeral and travel expenses for the girl's parents, Greg and Kenya Duque, who have no other children, Baltes said. ""We just want her voice to be heard and for this to never happen again to any child or adult,"" said the parents in a statement released by the hospital. ""We believe this was an honest mistake but one that needs to be corrected. We love her, we did everything we could for her and we don't want this to ever happen again."""
3b5e11e98a537283f7634fb25960561cf80c51b5,GB,"{'GB': 2, 'AQ': 1}","(CNN) -- ""The name's Bond, Commander Bond."" Words uttered by the world's most famous secret agent who is adored by his country, feared by the bad guys and trained by Britain's Royal Navy. I have just spent three years with the Royal Navy and written the ""Royal Navy Way of Leadership"" commissioned by the Commander in Chief of the Royal Navy and issued to 15,000 personnel. I spent long spells at sea on all types of vessel; I followed officer training with the Surface Fleet and with the Royal Marines. Never have I found a more cheerful, consistent and yet flexible and innovative working environment. The Royal Navy is expert at planning, measuring and executing -- the key management disciplines; it does these things highly professionally as it moves throughout the 140 million square miles of the world's oceans. Here's the surprising thing: the Royal Navy runs on ""soft skills"" (and never on shouted orders). These are the qualities of character and culture that are remarkably resilient and, most importantly, instilled in all Royal Navy personnel. They understand the uses of commitment, loyalty, integrity, respect and cheerfulness in ways that the commercial and public sector can only dream of. Read more: Top business brains on success . What I learned is that when people gather together to achieve an end (excellence in military operations or in business for example), what gets things done is those soft skills. And where two groups attempt the same thing, the successful group will be the one whose leaders understand how to use those soft skills in motivating their people and maintaining their effort. The soft skills are pretty easy to identify and pretty hard to learn. They are a form of emotional intelligence. Produce a workplace with the soft skills, and your people will flourish. And remember that half the Royal Navy at any one time might be working in an office (even at sea or on land deployment), so their workplace is much more like yours or mine than you think. Take cheerfulness. Are you happy at work? Happy with what you are being told to do, or with what you are asking your people to do? Happy that your commitment and hard work are being nourished? Do you work for someone cheerful? Or are you happy to follow a pessimist? Read more: Neurotics at work aren't all bad . Here is the opportunity. There are over 1.5 million people employed in FTSE 250 companies in the UK; a further 13.8 million in small and medium-sized enterprises nearly three quarters of a million in London. All contain managers, whose job it is to do things right, and leaders, whose job it is to do the right thing. Improve leadership at work, and you improve the lives of over 15 million people. And in this current uncertain and fast-moving global environment, there is even more need for leadership of the right kind. Doing the right thing means three things: looking after your shareholders, looking after your customers, and looking after your people. And it's in the latter where leaders fail. They tend to lack the emotional intelligence, the subtlety of character to elicit the best from their people when times get tough. These are not matters for management but for leadership. So here is the take-home -- or better, take-to-work -- advice for leaders. This is military philosophy applied to everyday working life. First, develop soft skills and see how employees who are trusted, valued, respected and treated cheerfully actually begin to flourish and prosper. In a recession, if money is not the first reward, then improving the individual's relationship with work should be. Your people will achieve more with fewer resources. Second, figure out your ethos or culture -- ""It's the way we do things around here."" If you achieve this, then customer service becomes a reality rather than a hopeful promise; innovation is inculcated into the way everyone thinks all the time; honesty is not a matter of compliance but a matter of fact. Third, be clear in your thinking and you will be more efficient. The Royal Navy works with what the military call Mission Command, which sets out the intent, strategy, resources, contingency and inspiration for any large-scale activity (it actually derives from Nelson's order of battle set out a month before Trafalgar). The simplicity is compelling because it works. And it has been tested in all manner of fast, dangerous, uncertain and difficult conditions for hundreds of years. Read more: Army field doctors' team-building triage . How about when things go wrong? Sir Edmund Hillary, the first man up Everest, used to say that if you were in real trouble in a difficult place you needed an explorer called Ernest Shackleton, because he understood his people, knew how hard it was to lead well, and was prepared to do the right thing. Shackleton never lost a man in the Antarctic, despite being marooned there in 1915, because he understood his people, got them to make sacrifices for the common good, and earned their love and respect. The love and respect found in Shackleton's crew really count commercially. A Mercer survey in the U.S. last year found that half of U.S. employees were unhappy at work, and that a third were thinking of leaving their organization; even worse, 20% of U.S. workers were disgruntled and yet loath to move on. The declines in productivity from ignoring the soft skills are huge. Conversely, high-performing teams tend to have high levels of employee engagement and satisfaction. They depend on shared culture, goals, and methods; which is precisely what makes the Royal Navy so good at getting things done. A survey by Aon Hewitt last year found that employee engagement must be over 67% if a company has any hope of success: the average UK level is 57% (the lowest since 2008). The soft skills that create happiness at work are not expensive to develop. Yet we know CEO tenure is short and therefore leadership/business culture -- the vital essence that carries continuity -- is suffering. It takes time to develop something worthwhile. Yet it is a formula understood instinctively by every navy captain, every galley chef, every officer of the watch. How people are at work affects how they work. The culture counts. If businesses can get this right, like the Royal Navy, it will be revolutionary. The opinions expressed in this commentary are solely those of Andrew St George."
de67d7297f4aea7eabee171e8a009d9ea803a570,CN,"{'CN': 5, 'VN': 1, 'ID': 1, 'PH': 1, 'HK': 1}","Beijing (CNN) -- Chinese rescuers on Tuesday found 14 fishermen alive and recovered the bodies of two who had died from boats that sank during a typhoon, authorities said. Fifty-eight fishermen remain missing from the three boats that went down in the South China Sea roughly 300 kilometers from the Chinese island of Hainan, the local government said Tuesday. Twenty-two ships and four planes are combing the area for the missing men, the state-run news agency Xinhua reported, citing Hainan maritime authorities. Rescue operations have been hampered by strong gales and rough seas. Two of the vessels foundered Sunday afternoon as they battled gales, and the third one sank Monday morning. A total of five fishing boats with 171 crew aboard were caught in the storm, the Hainan Maritime Search and Rescue Center said, according to Xinhua. The two other vessels managed to survive the harsh conditions. All three boats that sank were from the southern Chinese province of Guangdong. Fourteen of the fishermen were rescued on Monday. President Xi Jinping on Monday urged local authorities to do their utmost to find the missing or stranded and minimize casualties, state media reported. Xi also ordered the armed forces and central government departments to help in the rescue effort. The storm affecting the region, Typhoon Wutip, made landfall in central Vietnam late Monday, weakening as it moved inland. Three people have been killed as a result of the storm, the state-run Vietnam News Agency reported Tuesday, citing the regional center for flood and storm prevention. Vietnamese authorities had relocated tens of thousands of people from areas at risk as the storm approached. 22 dead after boat capsizes near Indonesia . 38 dead after Philippines boat collision . CNN's CY Xu in Beijing and Elizabeth Joseph in Hong Kong contributed to this report."
f9824ae5299f6ac51cb5b1c11ac04d28995856d9,US,{'US': 1},"(CNN) -- Detroit, Michigan, Police Chief Warren Evans has resigned, the city announced Wednesday. ""We appreciate the time and dedication that Warren Evans has given to the Detroit Police Department,"" Mayor Dave Bing said in a statement. ""He has put the department on a path to reducing crime."" The mayor named Assistant Chief Ralph Godbee as interim police chief. ""I got some information on some things that had happened in our police department,"" Bing said at news conference. ""I thought Chief Evans, some of his decisions, I think compromised his position as chief, and because of that, I've made the decision to replace him."" Bing declined to go into details of what the decisions were that led to Evans' resignation. He would only say that the move was based on feedback both internally and externally over a period of time. ""It's a combination of a lot of things that happened,"" Bing said. Evans came under fire in May when he allowed a reality film crew to follow officers as they executed a search warrant for a murder suspect, CNN affiliate WDIV reported. During the incident, an officer was accused of shooting and killing a 7-year-old girl who was sleeping inside of the home. Evans became the third Detroit police within a year when he assumed the position last summer, WDIV reported. ""We've made some tremendous strides in the police department with a data-driven approach to solving crime,"" Godbee said. ""Those things we are doing successfully, we will continue to build on."""
167fdb37fc3011d14132a8a0196927a87f07cce7,CN,{'CN': 2},"(CNN) -- I recently became the proud owner of a bobblehead moose magnet. The jaunty little guy sports a Nova Scotia T-shirt, and while made in China, he reminds me of a lovely Canadian adventure lacking only in a real moose. Doug Lansky knows all about the draw of those touristy retail emporiums packed to the ceilings with tacky T-shirts and plastic bric-a-brac. He's the author of ""Crap Souvenirs: The Ultimate Kitsch Collection."" The book, released this month, features more than 150 tchotchke photos, some of which Lansky collected from travelers online. He's still collecting photos of these gems on his website crapsouvenirs.com. CNN asked Lansky to explain his terminology. He provided the following answers via e-mail: . What's a ""crap souvenir?"" For starters, I want to be clear that ""crap souvenir"" is just a snarky way to say ""awesomely kitsch."" These are a collection of entertaining souvenirs that are, you might say, so bad, they're good. It was hard to find a litmus test for tacky -- nearly all souvenirs possess an element of tackiness. (Finding kitsch-free souvenirs is a far more difficult task.) In the end, it was a gut reaction. I suppose I was looking for something that invoked an emotion that landed somewhere between a cringe and a laugh. Is the photo better than the vacation? What criteria did you consider for an ""awesomely kitsch"" or remarkably crappy souvenir? It was almost more difficult to define what was a souvenir. Sure, it's French for ""to remember,"" but that doesn't help the selection process much. Your first thought, like mine, might be that a souvenir is a memento you bring back from a trip. Seems reasonable, but consider the example of a German tourist who picks up an iPad while visiting New York's Apple Store. He might consider it a souvenir of his visit. And his device is a souvenir for him, but iPads in general aren't. So, Rule 1 is that it has to be a souvenir on its own standing. Rule 2: It should be an object on sale to the public. There may be a life-size polar bear in a cowboy hat and hula skirt standing in front of a tourist shop that makes for memorable souvenir photos, and one could argue that any item is for sale if you make the right offer, but if it isn't specifically there to be sold, it doesn't count. Travel Snapshots: Not-so-kitsch souvenirs . Rule 3 is a bit more complicated. It should be tied to a location. One way is simply to print the name of the town, city or country on it. But that would also qualify any random object that says ""Made in China."" So it has to be tied to a place in a way more substantial than being outsourced for production. In lieu of a printed location, the item might include national colors or depictions of a famous icon or be made of well-known items endemic to that locale. This was my working guideline. However, after all this reasoning, there were a few exceptions that were simply too deliciously kitsch to pass up. What's the tackiest souvenir you've ever come home with? Share your finds in the comments section below."
2ae1dc874eadcc33d9885e04ecb17095484511c6,GB,{'GB': 2},"LONDON, England (CNN) -- A new generation of deep-sea submarines light enough to launch from a yacht could open up the ocean's depths to amateur explorers. The planned ""Deep Flight II"" -- shown here in an artist's impression -- should be able to dive to 37,000 ft. The ""Deep Flight"" winged submersibles are experimental prototypes designed to dive to depths of up to 37,000 ft -- almost four times as deep as a giant squid dives -- descending at 400 ft/minute. They are the brainchild of submarine designer Graham Hawkes who is in the process of building commercial models that can reach those depths. Hawkes has been designing submarines since the 1960s, working initially with the British Special Forces and then for the oil industry. He now sells his designs to wealthy sailboat owners as the ultimate yacht accessory. ""If you have the money for a mega-yacht and you're just limited to the surface, then what a waste. That's my perspective,"" Hawkes told CNN in a telephone interview. The late billionaire balloonist and adventurer, Steve Fossett, commissioned one of Hawkes' experimental prototypes, ""Deep Flight Challenger,"" which can dive to 37,000 ft. The craft was four weeks away from delivery when he died. Venture capitalist Tom Perkins has ordered one of Hawkes' first commercially-available models, ""Deep Flight Superfalcon"" for his yacht ""Maltese Falcon."" The $1.5 million sub is capable of diving to 1,000 ft and comes complete with air conditioning. While price means these craft are out of reach for most leisure users, Hawkes denies they are simply rich men's toys. ""The thing is a space ship, I don't like the term toy,"" said Hawkes of the subs which his company is also positioning as a cheaper alternative to research craft for science, industry and exploration. ""'Superfalcon' has a capability greater than the U.S. Navy. ""I personally very much like the idea of empowering individuals to explore."" Unlike conventional subs which get heavy and sink, Hawkes' designs are positively buoyant and have to power down into the depths: ""It's like an airplane in reverse."" They have life support good for 24 hours in the depths and a range of 10-20 miles. They are also quick and highly maneuverable. Hawkes, who describes himself as claustrophobic, says diving deep in one of his subs is an ""awe inspiring experience."" ""We just finished flight testing 'Superfalcon. It goes down vertical and you pull one gee when you make a turn,"" he said. Paul Willis contributed to this report."
a0125521f7b89b57683fdbfce7b28268510536df,US,{'US': 2},"(CNN) -- Three years ago Sharon Twitchell was miserable. Sharon Twitchell lost 110 pounds and went from wearing a size 22 to a size 2 in 10 months. Carrying 227 pounds on her tiny 5'2"" frame, the 51-year-old mother and wife could barely squeeze into her plus-size clothing.  Twitchell is the first of eight CNN.com I-Reporters who shared their weight loss stories with CNN. They revealed their secrets and reflected on the defining moments that motivated them to lose a combined total of 1,167 pounds and how the weight loss has changed their lives.  ""I was wearing a size 22 and getting my clothes at stores where the biggest size was a 24. I asked myself, 'Where are you going to buy your clothes after you get bigger than a size 24?'"" said Twitchell. Adding to her misery, Twitchell says her ballooning weight was also wreaking havoc on her 31-year marriage. ""We were literally just co-existing together, like roommates,"" recalled Twitchell. ""Friends asked my husband to e-mail them a picture of us. Later, I discovered that he had sent them an old photograph taken when I was much smaller. Even though he loved me, he was embarrassed at how much weight I had gained."" Afraid she would have to purchase clothing from online stores catering to larger women, Twitchell told her husband she'd had enough and was ready to make a change. Initially, Twitchell made an appointment with her physician in hopes that he would write her a prescription for a pill to help her lose weight. Instead, she says she saw the ""w"" begin to form on his lips and knew he was going to recommend she try Weight Watchers. Uncomfortable with the thought of going to actual meetings, Twitchell lost 30 pounds on her own and eventually joined the online Weight Watchers POINTS program on October 26, 2004. She also bought an elliptical machine and a recumbent bicycle and started working out six days a week. The pounds melted off. Ten months and another 80 pounds later, she reached her goal weight on August 26, 2005. Twitchell says she hasn't been this size since before her first daughter was born. She now weighs 117 pounds and wears a size 2 or 4, depending on the store. How has this changed her life? ""I have a marriage again,"" says Twitchell, who recently retired and relocated with her husband from New Jersey to their new home in the mountains of western North Carolina. ""When I finally reached my goal (weight), my wedding ring was two sizes too big. I had already had it resized twice and the jeweler was hesitant that I might lose more weight. Rather than resize it, my husband bought me a new beautiful diamond ring and when he gave it to me he said this was a renewal of our wedding vows,"" she recalled. Twitchell says her husband keeps telling people that he's got his wife back. This August, the couple will celebrate their 33rd wedding anniversary and they couldn't be happier. ""If I can lose 110 pounds, anyone can,"" says Twitchell.  iReport.com: Have you lost weight? Share your story, photos and video. E-mail to a friend ."
c230031c93920670222de902de7dd34337f63e07,US,{'US': 1},"(CNN) -- As you struggle to read this with that one sleepy eye just barely open, you're probably deep into your post-Thanksgiving tryptophan coma, sitting peacefully on the sofa with a laptop balanced by your gut. Maybe you're still trying to rationalize the fact that your projectile shirt button flew across the dinner table and killed Uncle Dave. ""At least he died so I could have more gravy."" ""He would've wanted it that way."" But don't worry. Nobody blames you for murdering Uncle Dave; everyone's just too happy to see your sweet punim back at home. They love you, and it's good to spend quality time with your family during Thanksgiving. Besides, if you get it over with now you won't have to suffer again for another year. Think of it like an annual physical. Just turn your head to the left and give Nana a kiss. Of course, the only real alternative to being fat, sleepy and useless in the living room is to actually get out of the house and do some early holiday shopping with the masses. Which is a terribly misguided idea because (A) it involves being around other people and (B) putting on pants. Most retailers sort of require that. The bottom line is that there's no real point being out in public at this stage of the food coma. Stay home. Embrace the chemicals. Be lazy. And, so long as you've got the laptop out, you might as well join us in 2012 and do all your shopping the way Al Gore intended: Online, half-awake and fully bloated. America! And, hey, just to make it even easier, I've already uncovered a great trending gift that, while not necessarily new, has gained renewed popularity on the interwebs. It's called the Boyfriend Pillow. Essentially, this thing serves as a bedtime substitute for the missing man in your life. Feel the warmth and security as you curl its plush arm around your body and rest your head on the half-chested slab of memory foam that oddly happens to be wearing a full button-down shirt to bed. Maybe he just came home drunk from happy hour. Again. Oh, but you don't care. You still love him. ""Mmmm, let's go to sleep. What do you say, sexy Boyfriend Pillow?"" ""I want a Hot Pocket."" For those who prefer the comfort of a woman in bed, they also make the Girlfriend Pillow. It's essentially the same idea as the male version, but this one has large, and astonishingly disproportionate, memory foam breasts. The other major difference is that (shocker) the Girlfriend Pillow isn't wearing a shirt, because, clearly, this was designed by a man. And likely one who reads Maxim. So, if you're actually interested in buying one of these pillows, both the male and female versions run about $30 and are sold by a company called Deluxe Comfort. Even if you're not interested, you might still find amusement from the descriptions on their website. In promoting the Boyfriend Pillow, they write: ""This fun and cozy snuggle pillow is excellent for people whose partner is away on military leave or work absence. Singles, who desire to feel the touch of a man, without actually having to be with one, will love it too."" It's the second part that concerns me: ""...without actually having to be with one."" Are we men really that bad? Let's just allow their product overview for the Girlfriend Pillow to answer that: ""...maybe you enjoy a better sleep when you locate your neck in your girlfriend or wife's breast."" Confirmed. It appears we are, in fact, horrible people. But at least we're consistent. So, if giving weird, possibly inappropriate gifts is your thing, hop online before they're all gone on Cyber Monday. And maybe get one of these for your dear, sad auntie. Perhaps she'll enjoy having someone next to her in bed again. Of course, there's no replacing Uncle Dave. The opinions expressed in this commentary are solely those of Jarrett Bellini."
67b53a7c151934e11a30dac69df4e449ba04f09a,US,{'US': 2},"Washington (CNN) -- The partisan impasse over potential contempt proceedings against Attorney General Eric Holder continues following a lengthy letter from the deputy attorney general, and a blunt response from the House Oversight Committee chairman. The latest volley started with a 13-page letter from Holder's deputy, James Cole, to committee Chairman Darrell Issa, R-California, arguing against contempt. ""A contempt proceeding would be unwarranted given the information the Justice Department has disclosed to the Committee to date,"" Cole wrote. He also called such an action ""unprecedented"" given the law enforcement issues, and ""ill-advised"" given the damage it would cause to relations between the executive and legislative branches of the government. In the letter, Cole repeated Holder's previous admissions that ""Operation Fast and Furious"" was fundamentally flawed as a solution to gun trafficking at the Mexican border. After months of congressional investigations, the Justice Department had acknowledged that its agency, the Bureau of Alcohol, Tobacco, Firearms and Explosives, made a serious tactical error in allowing guns to be purchased by straw buyers and then smuggled across the border to drug cartels. What was supposed to be a sting operation turned into a nightmare when about 1,000 firearms went missing during the operation and ended up in the hands of drug lords. The fiasco reached crisis proportions when a U.S. Border Patrol agent was slain in Arizona near the border in December 2010, and two of the missing weapons were discovered at the scene of the killing. Republicans in Congress have been demanding answers. Issa wants any document that could shed light on the operation. Cole says DOJ has sent tens of thousands of pages of documents, answered all the questions at hearing, and given the committee most of what it wants. But Issa says that's not enough. ""While the Committee has subpoenaed documents that address what senior officials were told about controversial gunwalking tactics during Operation Fast and Furious, the Justice Department pointedly refuses to provide them or to deny senior officials were given information in the course of the Operation indicating the existence of reckless tactics,"" a spokesman for Issa said Wedneday. Republican House members are expected to reach a decision on voting a contempt citation by the end of May, GOP officials say."
717f56ba8f8d6ef9525ca7ef82bb504fb1538e84,GB,{'GB': 3},"Tottenham Hotspur humiliated Wigan 9-1 with England striker Jermain Defoe scoring five to move into the Champions League spots in the English Premier League. The incredible rout sees them draw level on points with North London rivals Arsenal and into fourth place ahead of Aston Villa, who they visit next weekend. Defoe's five equaled a Premier League record and, along with Manchester United's 9-0 thrashing of Ipswich Town in the 1994/95 season, it is the most goals scored by a Premier League side in a single game. The highest tally recorded by a team in English football league history is 13. Fellow England striker Peter Crouch scored the only goal in the first half before the floodgates opened, Defoe grabbing his first two before Wigan's Paul Scharner replied with what looked a handball. Defoe completed his hat-trick only a minute later on the 58th before Aaron Lennon made it 5-1, with Defoe then adding his fourth. A final blitz from Tottenham gave Defoe his fifth, with David Bentley's deflected effort off Chris Kirkland and Niko Kranjcar completing the rout with double figures looking on the cards when the referee ended the misery for the visitors. Tottenham manager Harry Redknapp said Defoe, who was returning after a suspension, was a ""fantastic talent"" and paid tribute to his side's eight-goal salvo after the break. ""We came out in the second half fantastic, pressed them worked them and took the opportunities,"" he told Sky Sports News. In other English Premier League action on Sunday, Blackburn Rovers beat Bolton Wanderers 2-0 away to climb up to 11th in the table. Without manager Sam Allardyce who is to undergo a heart operation, Blackburn went in front through a David Dunn curled effort before a mix-up with his goalkeeper Jussi Jaaskelainen saw Bolton's Sam Ricketts head into his own net. In the late kickoff, Portmouth stayed bottom after losing 1-0 at Stoke, who grabbed a 74th minute winner through Ricardo Fuller after great work by winger Matthew Etherington. Pompey, who lost England goalkeeper David James to injury in the warm up, missed an eighth-minute penalty through Kevin-Prince Boateng and had chances to secure at least a point at the Britannia Stadium."
7d5b0dcf99fd89da3aa872aeb7fd93dfa34b2764,,{},"(CNN) -- Playboy magazine's 1962 ""Playmate of the Year,"" Christa Speck Krofft, died March 22 of natural causes at the age of 70, a family spokesman said Friday. Playboy founder Hugh Hefner tweeted, ""I'm saddened by the death of dear friend 1962 PMOY Christa Speck."" Magazine talent scouts discovered the then-Christina Speck when she was working as a secretary at Bank of America, according to family spokesman Christoph Buerger. Then, she became what her family calls ""one of the most celebrated Playmates of her time."" After Playboy named her ""Playmate of the Month"" for September 1961, Speck worked as a Playboy Bunny in the Chicago club, ""lived in Hefner's famed Playboy Mansion, and was featured in all the magazine's Sixties pictorials about life at Hef's place,"" the spokesman said. The model/actress is survived by her husband, noted children's television producer Marty Krofft, their three daughters and their five grandchildren, all of whom released a statement: . ""Mom had an uncanny ability to make everyone smile and touched so many people with her unique sense of humor. It's rare to find a human being that holds no judgment and sees the good in everyone. That was our mom. We will miss her terribly."" People we lost in 2013: The lives they lived . CNN's KJ Matthews and Henry Hanks contributed to this report ."
395486bf65f06f1ea69f2bcced54f9a2d34ae4b5,JP,"{'JP': 19, 'HK': 1, 'US': 1}","Tokyo (CNN) -- Despite being urged not to hoard bottled water, residents of Japan's capital on Wednesday snapped it up in droves after testing showed radioactive material in tap water at levels unsafe for infants. The city's water agency said the spike was likely caused by problems at the Fukushima Daiichi nuclear plant, located 240 kilometers (150 miles) away. Earlier Wednesday, Tokyo government officials advised residents not to give tap water to infants or use it in formula after tests at a purification plant detected high levels of radioactive iodine. Grocery store owner Seiji Sasaki said he noted a sudden increase of customers. He had 40 cases of water in his store, but they were gone quickly. Meanwhile, officials evacuated some workers at the Fukushima plant Wednesday afternoon as a black plume of smoke billowed above one of the reactors, plant owner Tokyo Electric Power Co. said. The cause of the smoke was unclear. The team of seven workers were planning to inspect gauges and instrumentation at reactor No. 3, but were unable to determine conditions in the control room before evacuating, officials with Tokyo Electric and Japan's Nuclear and Industrial Safety Agency said. Workers have been scrambling to cool down fuel rods at the nuclear plant since a 9.0-magnitude earthquake and massive tsunami on March 11 knocked out cooling systems. Some radiation has been released, officials said, but it was unclear whether radiation levels spiked after the black smoke was spotted Wednesday. Japan's nuclear agency said radiation levels near the plant had not changed, public broadcaster NHK reported. But in Tokyo, concerns over radiation surged. Government samples taken Tuesday night found 210 becquerels of radioactive iodine per kilogram of water -- two times higher than the limit that the government considers safe for infants. The amount of iodine detected was lower than the level considered safe for adults: 300 becquerels per kilogram. A liter of water weights 1 kilogram. A becquerel is a measurement of radioactive intensity by weight. The level set for infants is ""very conservative,"" said Dr. James Cox, radiation oncologist at MD Anderson Cancer Center in Houston and a CNN consultant, but elevated radiation levels are considered a problem for small children, as their thyroid glands are more susceptible to radiation. ""Erring on the side of caution for the extreme degree for children makes good sense,"" Cox said. For adults, ""as far as the immediate health risk, something that would make people sick, I don't think that would come close to it."" In response, Tokyo's government will distribute 3,500-milliliter (1-gallon) bottles of mineral water to 80,000 households in the city with infants, Japanese public broadcaster NHK reported Thursday. The government has said that, due to the high radiation levels, tap water should not be given to children 1 year old and younger. Authorities have advised day care centers and other such facilities not to use tap water for drinks or to prepare baby food. More bottled water is expected to be distributed to families in the future, according to NHK. Also Wednesday, Japan's government expanded food shipment restrictions after the health ministry said tests detected radioactive materials at levels exceeding legal limits in 11 types of vegetables grown near the Fukushima plant. Prime Minister Naoto Kan asked Ibaraki Prefecture to suspend shipments of raw milk and parsley, Chief Cabinet Secretary Yukio Edano told reporters Wednesday. The government of Fukushima Prefecture also told residents not to eat leafy vegetables, he said. Edano said radiation levels in the food would not cause health problems right away, but if radiation rises, ""We are looking at the possibility of levels reaching levels that may harm human health."" The decision to prohibit produce sales is another potentially devastating blow to a part of northeast Japan hit by the earthquake and tsunami. Fukushima ranks among Japan's top producer of fruits, vegetables and rice. Ibaraki, south of Fukushima, supplies Tokyo with a significant amount of fruits and vegetables and is Japan's third-largest pork producer. ""This is our livelihood,"" a Fukushima farmer told Japanese television network TV Asahi. ""It's a huge problem that we are unable to ship all our produce. We raised (this produce) with our own hands. It's unbearable that we would have to throw it all away."" Hong Kong on Wednesday said it was restricting food and milk imports from certain prefectures over the radiation concerns. The United States previously announced import alerts covering milk, milk products, fresh vegetables and fruit from prefectures near the reactors. Police say the dual disaster has killed at least 9,487 people and left at least 15,617 missing, many of them killed as a wall of water rushed in following the quake. Meanwhile, about 387,000 evacuees are staying at 2,200 shelters, Japan's Kyodo News Agency reported. Relief efforts to help them and other victims continued, with U.S. military helicopters delivering food, clothes and supplies to some of the hardest-hit areas. ""We remain focused on fewer than 10 cases of U.S. citizens that remain unaccounted for in the areas hardest hit by the earthquake and tsunami,"" State Department spokesman Mark Toner told reporters Wednesday. In addition to the stories of people struggling to survive in quake-ravaged towns in northeastern Japan, the plight of workers braving high radiation levels to solve problems at the troubled plant has also drawn attention. Tokyo Electric said Wednesday that two workers were injured at the plant while working with an electric panel. The workers, whose injuries did not involve exposure to radiation, were treated by a doctor at the nearby Fukushima Daini plant. ""We are constantly switching over all the time, since the work cannot be stopped,"" one worker told TV Asahi. ""It has settled down quite a lot compared to the beginning, and we could even begin to see a bright hope that maybe it would somehow work out in a little bit,"" another worker said in what the network touted as the first televised interviews with workers. But authorities said Wednesday that work was far from over at the plant. Members of Tokyo's fire department planned to start spraying water into the spent-fuel storage pool outside the plant's No. 3 reactor Wednesday, according to Hidehiko Nishiyama of Japan's Nuclear and Industrial Safety Agency. Power has been restored in the control room at that reactor -- which officials say could be a key step in bringing cooling systems back online. ""Until we get power restored to the power plant, continuing doing what they have been doing for the last 12 days is, quite honestly, the only game in town,"" said Michael Friedlander, a former senior operator at three U.S. nuclear power plants who has been following the situation at the Fukushima Daiichi plant. ""It's absolutely essential that they keep the reactor covered with water as well as continuing to refill it,"" he said. ""But getting the power restored and getting the equipment moving so they can get back on track is essential. At that point, we can determine the emergency is in the final stages."" He predicted power would be restored gradually to the plant over the next few days. ""The power source is going to the main control room because that is the main nerve center of the entire plant,"" he said. ""Once they get that restored, then we have some instrumentation and we can figure out what's going on in the power plant that up to this point has been almost impossible to figure out."" Once that is done, he said power will be sent to individual pieces of equipment and the situation will be analyzed. He estimated it could take two weeks or more to get the plant ""in a stable, cold shut-down configuration."" ""It is an industrial catastrophe,"" said Lake Barrett, a nuclear engineer who directed the initial cleanup and response of the Three Mile Island plant in Pennsylvania following a partial core nuclear meltdown in 1979. ""It's a huge plant, and it's been basically destroyed internally and has high contamination levels inside. There are areas in the building where no human's going to go for a long time."" But, Barrett told CNN, ""it's also not a health catastrophe -- as long as the people follow the instructions from the government, they're going to be safe in Japan."" The No. 3 reactor has been a priority for authorities trying to contain damage to the plant and stave off a possible meltdown. Its fuel rods contain plutonium mixed with uranium, which experts say could cause more harm than regular uranium fuels in the event of a meltdown. ""We have progress in stabilizing cooling capacity. We most progressed in the No. 3 reactor,"" Edano said. ""On the other hand, we are trying to figure out ... the cause of the smoke."" With the nuclear plant's six reactors in various states of disrepair, concerns have mounted over a potentially larger release of radioactive material from the facility. Efforts over the past several days have focused on restoring power at the facility while fire trucks and cement pumps sprayed water on spent fuel ponds, which contain used fuel rods with radioactive material. Embassies from more than two dozen countries have either closed down or moved operations to cities south of Tokyo since the earthquake and the resulting nuclear crisis, the country's Foreign Ministry said Wednesday. ""There are 25 embassies which either temporarily shut down or moved its function outside of Tokyo,"" Foreign Ministry spokesman Hidenori Sobashima told CNN. Seven of those 25 have moved to cities such as Osaka, Hiroshima and Kobe, Sobashima said. CNN's Tim Schwarz and Ingrid Formanek contributed to this report ."
779991f944b74b71be9a26c4455196ae5cd57363,US,"{'US': 5, 'CR': 1}","Editor's note: upwave is Turner Broadcasting's new lifestyle brand designed to entertain the health into you! Visit upwave.com for more information and follow upwave on Twitter, Facebook, YouTube, Pinterest and Instagram @upwaveofficial. (upwave.com) -- Remember when Arnold Schwarzenegger used to promise us kids a special certificate from school if we did 100 push-ups in a row during gym? Well, it's not all jumping jacks and gray sweatpants these days -- but you still gotta move if you want to feel good. How much, you say? According to Let's Move, today's national fitness program, kids should get a total of 60 minutes of physical activity each day, and adults need 30. Here's why it matters, especially for the kids: Childhood obesity rates have tripled since the '80s, and at this rate, one third of all children born in 2000 or later will suffer from diabetes at some point in their lives. And let's not mention heart disease, asthma and tons of other largely preventable weight-related ailments. Besides, exercise just feels good -- and don't you think most family outings could use a bit more of that? So ditch the minivan and the trip to Chuck E. Cheese and head outside! Believe it or not, your kids will thank you: Endorphins plus fresh air and a fun family experience equals a refreshing way to get in better shape -- and you don't need to chase over-caffeinated children all over a noisy pizza arcade to do it. And with that said, here are six ways to move it, shake it and make exercise packed with family fun: . upwave: 7 reasons to sweat outdoors (you'll thank us) Walk the walk. If your crew usually heads to the couch after dinner, make them save their favorite show to the DVR and take a walk instead. Not long, not far, but make sure you get outside and let your meal digest while you stroll. If you're in a city, walk around the block; suburban dwellers can make tracks around the cul-de-sac. The point is simple: fresh air and a few steps together. What you need: Comfy shoes for sure. A stroller is optional. If it makes life fun, bring bikes, Razor scooters, roller skates and the dog, too -- anything that brings a smile to your party on the go. Make screen time smarter.  Stop begging the kids to put away the video games... and play with them instead! Fire up the Wii and compete with classics like ""Bowling,"" or bust a move with ""Just Dance."" Families with wee ones will love ""Mario Kart"" and ""Wii Fit."" Even ""Rock Band"" will get you up and out of your seat, which is the whole idea. More into watching plain ol' TV? Make it a goal (or competition) to jump up during commercials; whoever gets up first -- and stays on his or her feet for the duration of the commercial break -- wins. upwave: Stop sitting, it's really bad for you . Admittedly, a Nintendo Wii is an investment, but if you're game (see what we did there?), it's easy to find refurbished models for less than half the price of the latest and greatest. Take a hike. During the fall, there's nothing like an adventure in the great outdoors. National Geographic recently touted the Sourdough Ridge Trail at Mount Rainier National Park in Washington State as one of the best family-friendly hikes in the U.S. They called it a ""mini-adventure through flower-filled meadows"" and ""a great way to introduce kids to the beauty of the high country."" Whether you're trekking in snow-capped mountains or at your local state park, it's hard to beat the call of the wild -- even if you're doing it with a Baby Bjorn. Speaking of which, if you're hiking with small children, you'll need an aluminum-framed baby backpack; look for one with a sun visor, water bottle pocket and a design that allows you to set the pack down with the child still sitting inside. Bring a bandana that you can soak in water for quick cool downs, plus some dried fruit to nosh on. (It's the single best snack to bring on hikes, because it won't melt or turn to dust if someone accidentally crushes the pack with his hiking boot.) upwave: How to hike with a baby . Strike a pose. If the wilds aren't for you, stay inside and stretch. Family yoga is huge now -- and that means your options are, too. Many studios offer family workouts, including partner poses and group discounts. You can get your Downward-Facing Dog on at home, too: There are kid-friendly cards with adorably illustrated yoga poses, illustrated books for kids and of course DVDs on yoga for families designed to guide your group through Tree Pose and Warrior Pose, too. All you'll need is loose, stretchable clothing and a mat (a folded beach towel will work). If you do yoga at home, don't get hung up on whether the kids are doing the moves right, or even doing all of them at all. Let them imitate you the way they want to. Chances are you'll be amazed at their flexibility. upwave: Does stretching really do anything? Run through the mud. Mud runs are everywhere -- you know, runs where you slip on a costume and slide through miles of muddy terrain? Many of them are also open to families. A single online search for ""family mud run"" resulted in pages of events happening all over the country this year. Moms and dads are Running the Ridge in Schenectady, New York, where ""features built by diabolical minds (are) ready to test you and your mud-running skills."" And families are getting dirty for charity in Pennsylvania: The Kids' Peace 5K Family Fun Mud Run takes place on a 250-acre campus that includes a sandpit crawl, cargo-net climb, Slip 'N Slide and of course a mud pit. If your family and your washing machine can take it, sign up for something near you now. Necessary: Running shoes. Costumes are optional. Just make sure both are things you don't mind getting dirty. Skip the sports drinks but do bring water bottles. Consider having a family T-shirt or team bottles made up. Bring a fresh set of clothes (including shoes) for everyone, along with a plastic bag to store the dirties in for the ride home. upwave: 5 mud runs not to miss . Hit the surf. Imagine yourself on a surfboard, ripping through the waves under a tropical sun. Now picture your kids splashing and smiling on their boards all the way to the shore. Truth? Surfing is wicked hard. But it's also a total adventure, and one that's now catering to families. And you don't have to head to Hawaii to do it (though you certainly could): Family surfing packages are popping up all over, from Costa Rica to the more local shores of California and North Carolina. Packages include room, board and some of the best instructors around (see ""wicked hard"" above). Word to the wise: Spring for a rash-guard shirt and the thickest SPF you can find. Then just hang loose like it's 1989, duuude. This article was originally published on upwave.com . &COPY; 2013 upwave, All Rights Reserved."
2673950f9ff583bb6870a41169e59a202acdf647,US,{'US': 4},"(CNN) -- Bones found last week near where Steve Fossett's plane crashed in eastern California's Sierra Nevadas are those of the adventurer, authorities said Monday. Fossett, seen here with his wife, Peggy, disappeared after a solo flight in 2007. Testing at California's state crime lab determined that ""two large bones"" recovered Wednesday matched Fossett's DNA, a spokeswoman for the Madera County Sheriff's Department in California said. Madera County Sheriff John Anderson said last week that confirmation that the bones were Fossett's would allow authorities to conclude with certainty that Fossett is dead. Fossett was last seen on the morning of September 3, 2007, when he took off from the Flying-M Ranch outside Minden, Nevada. He was scouting locations for an attempt to break the land-speed record in a rocket-propelled car. Searchers found the bones, Fossett's driver's license, a pair of shoes and a $100 bill on Wednesday, Anderson said last week. The discovery site was a little more than a half-mile from where Fossett's plane wreckage was found on October 1 in a remote area of the Sierra Nevadas at an altitude of 10,000 feet.  See map showing takeoff site, crash site » . The site of Wednesday's discovery also is about a quarter-mile from where a hiker reported finding two aviation identification cards with Fossett's name and $1,000 in cash in late September, Anderson said. Animal chew marks were found on the driver's license and the shoes, Anderson said. He said the marks indicate that ""animals possibly [moved] the body."" Previous DNA tests on what were believed to be bone fragments at and near the crash site showed that the fragments weren't human remains, Anderson said. The National Transportation Safety Board has been investigating the wreck. Fossett made his money in the financial services industry but became renowned for his daredevil exploits.  Read about Fossett's milestones » . Fossett was the first person to circle the globe solo in a balloon, in 2002, and the first to fly a plane around the world solo without refueling three years later. He also set world records in round-the-world sailing and cross-country skiing."
5557a3f409b11e27147988fb2c3c1b6c66484afb,US,{'US': 1},"(CNN) -- First, there was ""Flying While Muslim."" This expression summed up the extra challenges of being an American Muslim when flying on commercial airlines. This situation has become almost accepted as part of the American Muslim experience. In fact, I have even comically offered advice to people in my community on how to avoid extra problems when they fly: ""Dress white, make your flight. Dress brown, never leave town."" But now there is something new: ""Studying While Muslim."" And there is nothing funny about it. Documents obtained by The Associated Press reveal that for the past few years, the New York Police Department has been engaged in the weekly surveillance of American Muslim college groups at 16 schools across the Northeast, including New York University, Yale, Rutgers and the University of Pennsylvania. (The NYPD has neither commented on the number of years that this surveillance was conducted nor if it's still happening.) As part of this secret program, the NYPD generated weekly reports about the Muslim student groups at these schools. They even set up an undercover ""safe house"" near the campus of Rutgers University to spy on students. Ironically, that operation ended when the building superintendent became suspicious and called the police thinking the NYPD officers were part of a terrorist cell. The NYPD also sent an undercover officer on a whitewater rafting trip organized by Muslim students at the City College of New York. The NYPD report indicates the students prayed four times a day and talked a lot about the nature of Islam. No mention if Muslims were good at whitewater rafting. On a personal note, in the past years, I have performed standup comedy at shows organized by the Muslim student groups at many of the colleges that were under surveillance. Is my name now in the counter-terrorism files of the NYPD? So why did the NYPD spend our tax dollars to engage in the weekly undercover surveillance of students at 16 colleges? Did the NYPD have evidence that students at each of the schools were a threat to America? Had the FBI warned the NYPD to be on the lookout for terrorists disguised as college students? Did the NYPD's research reveal that al Qaeda operatives love to go whitewater rafting? Nope. It was simply because these students were Muslim. Apparently, to the NYPD, being Muslim equals probable cause. No one should be surprised by this new revelation concerning the NYPD. After all, in late 2011, the AP also discovered that the NYPD had been engaged in secret programs -- created with assistance from the CIA -- to monitor American Muslims living in New York City at the places where they eat, shop and worship. Let's be brutally honest: If the NYPD were engaged in this type of widespread spying on any other religious, ethnic or racial group, the criticism would be deafening. However, because the case involves Muslims, the silence is deafening. There is simply no public outcry and little media coverage. If specific evidence indicated that an American Muslim -- or a person of any faith, for that matter -- were engaged in criminal activity, the police should vigilantly investigate that person. American Muslims are not asking for special rights, just the same rights as all other Americans. Freedom of religion is not just the freedom to pray. It also is the freedom to avoid being harassed or being treated less than American simply because of your faith. That is a bedrock principle of our nation. Authorizing the weekly surveillance of American Muslim students solely predicated on the fact that they are Muslim is wrong. It is profiling at its worst. But the issue of NYPD profiling appears to go beyond Muslims. As the New York Civil Liberties Union recently reported, in 2011 the NYPD detained 684,330 New Yorkers for questioning. Of those stopped, 59% were black, 26% were Latino and 9% were white. To put this in perspective, whites comprise 44% of New York City residents, but they make up only 9% of those stopped by the NYPD. But blacks -- who comprise 25% of New Yorkers --- represent 59% of those stopped and questioned by the NYPD. It appears that the use of skin color, ethnicity and religion as the basis for investigations is standard NYPD policy. That is both unconstitutional and morally wrong. NYPD Commissioner Raymond Kelly needs to make it clear that illegal profiling has no place in his department. If he does not, New York City Mayor Michael Bloomberg needs to replace him with someone who will respect the rights of all New Yorkers regardless of their race, ethnicity or religion. Follow CNN Opinion on Twitter . Join the conversation on Facebook . The opinions in this commentary are solely those of Dean Obeidallah."
7bc411d3a89bba2a987d671f1932dfa533edaf46,GB,"{'GB': 6, 'US': 1}","London (CNN) -- The chief executive of Barclays, one of the world's largest banks, resigned Tuesday in the wake of a scandal, the bank announced. Bob Diamond's resignation is effective immediately, the bank said. Diamond has long been a controversial figure, and has been a vocal backer of huge bonuses for bankers. ""It's about pay for performance,"" he told CNN earlier this year, calling bonuses ""rewards for success."" The bank announced the resignation of Chief Operating Officer Jerry del Missier hours after Diamond's. Chairman Marcus Agius resigned on Monday, but in the wake of Diamond's resignation, Agius returned as chief executive on Tuesday. Barclay's reputation has been hammered by a scandal involving the rates at which banks lend each other money, known as Libor. That rate affects how much interest ordinary people pay on everything from credit card debt to home mortgages and student loans. Former investment banker Ralph Silva says that is why the scandal has caused such fury. ""If they're manipulating Libor, what they're basically doing is taking money out of the public's pocket, because their mortgage rates change, because their interest rates change, their loans/credit cards change -- or their pension income changes,"" he said. Why LIBOR scandal will change banking culture . The chairman of the Financial Services Authority, Britain's banking regulator, last month blasted the ""cynical greed of traders asking their colleagues to falsify their Libor submissions so that they could make bigger profits."" FSA chairman Adair Turner said the scandal ""has caused a huge blow to the reputation of the banking industry"" and ""has justifiably shocked and angered people."" Diamond is due to to testify about the scandal before the British parliament's Treasury Committee Wednesday. The bank was fined more than $450 million last week by British and American regulators for rate-fixing during the height of the global financial crisis, and is one of a host of banks facing lawsuits in New York over the scandal. At least seven other banks are under investigation on suspicion of rate-fixing, leading to speculation that Diamond could be the first of many executives to resign. Financial regulators in London have not named the banks, but Deutsche Bank, Royal Bank of Scotland, Credit Suisse and UBS have acknowledged that they are under investigation. Citigroup and JPMorgan Chase have also confirmed that they are under investigation. Bank of America has refused to comment on reports that its is being probed. British Chancellor George Osborne welcomed Diamond's resignation, calling it the right decision for the bank and the country. ""We need our banks to be focused on lending to the economy, not on the scandals of the past, and I hope this will be the first step towards a new culture of responsibility in British banking which is what the British people want to see,"" said Osborne, effectively the country's finance minister. British Prime Minister David Cameron said Monday that a full parliamentary inquiry would be held into the Libor rate-fixing scandal and standards in the banking industry, with witnesses called to give evidence under oath. The resignation of the American-born Diamond comes a day after Barclays chairman Agius announced his own resignation over the lending-rate scandal. But Agius reversed his decision Tuesday and will lead the search for a new chief executive, Barclays said. He will stay on until a new chief executive is selected and then ""begin the process of stepping down,"" the bank said. Barclay's is the 15th largest bank in the world, according to an annual list of the world's top 1000 banks released by The Banker magazine on Monday. It is Britain's second most profitable bank, and the 18th most profitable in the world, the trade magazine said. Diamond's total compensation package for 2011 was worth Â£6.3 million ($7.92 million), including salary, bonuses and share options, the bank said. The annual bonus consisted of Â£2.7 million in shares and was deferred over three years, the bank said. In his resignation statement, Diamond said he always aimed ""to do what I believed to be in the best interests of Barclays."" Barclays chairman to resign . ""No decision over that period was as hard as the one that I make now to stand down as chief executive. The external pressure placed on Barclays has reached a level that risks damaging the franchise -- I cannot let that happen,"" Diamond said. ""I am deeply disappointed that the impression created by the events announced last week about what Barclays and its people stand for could not be further from the truth. I know that each and every one of the people at Barclays works hard every day to serve our customers and clients. That is how we support economic growth and the communities in which we live and work. ""I leave behind an extraordinarily talented management team that I know is well placed to help the business emerge from this difficult period as one of the leaders in the global banking industry."" ""Bob Diamond has made an enormous contribution to Barclays over the last 16 years of distinguished service to the Group, building Barclays Investment Bank into one of the leading global investment banks in the world,"" Agius said in the statement. The $450 million fine came after the bank admitted some of its trading desks purposely under-reported its interest rates as part of LIBOR (London interbank Offered Rate) -- an interest rate floor between big banks that is set in London each trading morning. Last week, Bank of England Governor Mervyn King attacked British banking culture, saying something had gone very wrong with an industry he derided for resorting to ""deceitful"" methods to make money. CNN's Paul Armstrong, Jim Boulden, Isa Soares, Nick Thompson and Maureen Farrell contributed to this report."
da2a293d905fb7e42e7bbac19aa592d38b93ea60,US,"{'US': 3, 'VC': 1}","NEW YORK (CNN) -- The National Transportation Safety Board and other agencies are investigating not only what went wrong, but also what went right Thursday when a US Airways flight ended in the Hudson River without any deaths or major injuries. The aircraft remains in the Hudson River on Friday. Workers hope to lift it out Saturday morning. ""Having a successful ditching is a very rare event,"" Kitty Higgins of the NTSB said Friday. ""We'll not only celebrate what worked here, but also learn what worked. So many times you're only focused on what went wrong. A lot of things went right yesterday."" Divers struggled against strong currents and frigid water temperatures to retrieve critical pieces of the puzzle from the Hudson River, where US Airways flight 1549 ended up less than three minutes after it took off from New York's LaGuardia Airport Thursday afternoon. The flight data and cockpit voice recorders -- both critical to determining exactly what happened -- remained attached to the tail section of the aircraft, which was still partially submerged but secured to moorings.  Watch a former pilot tell how to water-land a plane » . Workers will be at the site until midnight, rigging the aircraft so it can be lifted out Saturday morning, attached to a barge and moved to a secure location for investigation, Higgins said. Both engines from the Airbus A320 double-engine jet were on the river bottom, after the water landing's impact apparently detached them from the plane. Authorities are using side-scan sonar to locate the engines, Higgins said. iReport.com: Were you there? Send images . The engines also will be brought in as part of the investigation into what happened, including the possibility of bird strikes. ""I don't want to characterize anything at this point about this particular accident because we are just at the beginning stages,"" Higgins said, adding that this accident would be the first ""in a very long time"" where possible bird strikes may have been a factor.  Watch water wash over the plane » . Meanwhile, passengers, city officials and aviation experts heaped praise on pilot Chesley B. ""Sully"" Sullenberger and his crew, as well as first responders who acted quickly to minimize passengers' injuries in below-freezing temperatures and frigid water. The White House said President Bush called Sullenberger to praise him for ""his heroic efforts to ensure the safety of his passengers and the people in the area."" New York Mayor Michael Bloomberg said Sullenberger executed an ""incredibly skillful emergency landing."" The pilot and crew of the flight will receive the key to the city, he told reporters Friday. ""We typically like you to land at our airports,"" he joked, but said the water landing worked out with the best possible outcome.  Watch Bloomberg honor heroism » . ""We saw a lot of heroism in the Hudson yesterday,"" Bloomberg said. The mayor also gave certificates of appreciation to first responders who scrambled to help passengers to safety. Shortly after the flight, bound for Charlotte, North Carolina, took off at 3:26 p.m. Thursday, passengers noticed quickly that something was awry.  See a map of the plane's flight path » . A source familiar with the situation told CNN that Sullenberger reported a double bird strike, which was taken to mean that birds were sucked into both the jet's engines. The FAA said witnesses reported seeing the plane hit a flock of birds. Sullenberger was given clearance to return to LaGuardia for an emergency landing, a source said, but instead, he was forced to find someplace else to ditch the plane. In crowded New York City, the Hudson River provided the best option.  Watch how the landing and rescue happened » . After the plane came to a stop, passengers quickly got out, standing on the partially submerged wings or on the emergency exit chutes, which also serve as life rafts. New York Waterway Capt. Vince Lombardi, operating a ferry in the Hudson, said he noticed something in the water as the boat pulled out of Pier 70. ""I said to my deck hand, 'That's an odd-looking boat,' "" he told reporters Friday. ""He said, 'I think that's an airplane.' "" The ferry headed straight for the plane, he said. ""I was a little overwhelmed and scared for the people. The water is about 32 degrees. The outside air temp was in the 20s. We were worried if we didn't get them out right away, there would be casualties."" As he arrived, he said, most passengers were calm, but some were cheering and crying. Some said, ""Get me out of the water, please, I'm cold.""  Watch a Coast Guard lieutenant talk about rescuing passengers » . Detective Michael Delaney, an NYPD diver, recalled seeing a woman in the water clinging to the side of a ferry ""in obvious distress"" when he arrived. ""We pretty much saw the distress that was in her face,"" he said. He and other divers pulled her off the side of the boat and swam her over to another boat and to safety, he said. The New York Waterway ferry reached the scene in less than four minutes, city officials said at a news conference on Friday. The first ambulance reached the shore in a minute and 12 seconds. Other boats arrived at the plane within seven minutes. About 25 people were treated at hospitals after the incident, but Bloomberg said Thursday there were no serious injures. Only a few people remained hospitalized Friday, according to the hospitals. They included a flight attendant with a deep laceration to her leg and a Coast Guard rescuer with a minor hematoma -- a localized swelling filled with blood. The flight attendant was in stable condition and the rescuer was in good condition. Most patients were treated and released, the hospitals said. With the air and water temperatures at the time of the incident, people could remain in the water only two to three minutes before the onset of hypothermia, said John Peruggia, chief of emergency medical services for FDNY. NTSB  investigators planned to speak with Sullenberger and his co-pilot on Saturday, Higgins said. The agency wants to speak with Sullenberger before the media, so he has not been made available to reporters. NTSB investigators were interviewing other members of the flight crew Friday, Higgins said. CNN's Mike Brooks, Jeanne Meserve, Richard Davis and Mike Ahlers contributed to this report."
4033c8701f76ce5fa49b24aeea42c1020d92f19d,US,"{'US': 3, 'NL': 1}","(CNN) -- Those of us who knew Alex Clowson understood that his baseball dreams were all behind him. We couldn't have been more wrong. Alex -- he insisted that we call him that; ""Mr. Clowson,"" he said, was too formal -- was the one man in our central Ohio town of 13,000 who had been a professional ballplayer. He had been captain of the baseball team at Ohio State, and had led the Big Ten in hitting in 1932 and 1933. The people who knew him back then thought he would have a shining career in the majors. And in fact, the Cleveland Indians organization signed him to a contract. But he injured his knee, and in the big leagues being just half a step slow means you're probably not going to make it. So from 1935 to 1941, he played in the low minor leagues, for Class C and Class D teams like the Zanesville, Ohio, Greys, and the Oswego, New York, Netherlands, and the Monessen, Pennsylvania, Indians. Which was all right with him. Baseball was the love of his life, and he was very good at it, and he was being paid, although not much, to play it. Then World War II arrived, and he was called to military service and his days on the diamond were over. Those of us who knew him in the 1950s and 1960s were friends of his children, with whom we were growing up. Alex and his wife, Betty, raised their young family, and Alex ran a succession of taverns and restaurants, some more successful than others. His love of baseball never died. He was an assistant coach at Ohio State for 10 years, and after that he seemed to be a volunteer coach for just about every league in town. ""Dad's been gone for more than 10 years,"" his daughter Wendy told me the other day. ""And I still run into people who tell me, 'Your dad was my Little League coach.' Or, 'Your father give me my first baseball glove.' "" If you were a kid in a summer league around town, you probably saw Alex Clowson in the stands. He was always so encouraging; his opinion meant more than anyone else's, because he was the man who had been a pro ballplayer. If you weren't especially good -- I can vouch for this -- it meant the world to you to hear Alex's voice shouting ""Nice throw,"" or ""Good hustle."" Why am I telling you this today? Because in the early 1950s, before any of us were old enough to know him, he ran a tavern called the Musical Bar. He was the owner and the bartender. One of his steady customers was a young Air Force second lieutenant assigned to nearby Lockbourne Air Force Base. The customer's name was George Steinbrenner. ""Daddy told me that Mr. Steinbrenner never ordered an alcoholic beverage,"" Wendy Clowson said. ""He would come in and order a Coke with a cherry in it. And he would sit there and he and my father would talk about baseball for hours on end."" This was many years before Steinbrenner, who died last week at the age of 80, bought the New York Yankees; George Steinbrenner with his Coca-Cola and Alex Clowson behind the bar were just two guys who loved to talk baseball. Clowson never struck it rich in business, but Steinbrenner, of course, did, and despite the difference in their worlds they remained friends over the years. ""Every time we would see Mr. Steinbrenner, he would say to us children, 'Your father taught me everything I know about baseball,' "" Wendy said. It may not have been literally true, but it was a lovely thing to tell the Clowson children, and they always were grateful for how Steinbrenner treated their dad. When Alex Clowson was dying in the summer of 1999, Wendy said, ""the thing that he hated the most was that he had macular degeneration, which meant that his eyesight had badly failed. He couldn't read the baseball box scores in the newspapers any more. That made him really sad."" Three weeks before he died in a nursing home, he received a telephone call from Steinbrenner. ""They talked for a very long time,"" Wendy said. ""We didn't hear the conversation, but we knew what it was about. Dad and Mr. Steinbrenner talked about baseball. Just like they always did."" Clowson died on a July Thursday in 1999. Before the funeral, Betty Clowson's telephone rang. It was Steinbrenner. He said he planned to do something to honor her husband. And so it was, on the day Clowson was buried in Ohio, that Steinbrenner issued an order to his staff at Yankee Stadium in New York. The Yankees weren't playing at home that day. But Steinbrenner ordered that the big American flag in center field be raised, and then lowered to half-staff. For Alex. Several weeks later, a package arrived at Betty Clowson's home. Inside it was the flag, along with a photo of it at half-staff overlooking the most famous baseball palace in the world. ""I know that Mr. Steinbrenner was a controversial guy, and that there were a lot of people who didn't like him,"" Wendy Clowson said. ""But I hope you can understand why our family loved him."" We who knew Alex Clowson thought his dreams of baseball glory had drifted away. But what did we know? In the end, against all odds and expectations, this impossible thing came true: . He made it all the way to Yankee Stadium. The opinions expressed in this commentary are solely those of Bob Greene."
7eccb5a357e68d61e115a6cc6c93678080ed0753,US,{'US': 2},"(CNN) -- When Britney Spears sings ""you better work, b***h,"" it sounds like she might be singing that to herself. The 32-year-old pop star has had a hectic year -- a new album, ""Britney Jean,"" preparations for her upcoming two-year Las Vegas residency and her everyday role as a mom to two boys. Spears admitted while promoting E!'s documentary ""I Am Britney Jean"" that there are times she thinks about not just slowing down but retiring altogether. ""I have thought about it,"" Spears told E!. ""If I happen to have another baby or something like that, I'd probably move back to Louisiana. I do miss Louisiana. I miss the people. I miss the food. I miss the way of life, how everything is really simple."" But retirement remains just an idea rather than a plan. ""I think right now is my time to perform and do what I'm doing,"" she said. ""Britney Jean"" has been promoted as her most personal disc yet, and the E! documentary went behind-the-scenes of Spears' life as the singer prepared for Vegas. Along the way, the pop star offered up revelations on everything from her thoughts on sex (she loves it) to her favorite bubble gum flavor (watermelon) to why she thinks she's not really made for this industry. ""Personally, I'm really a shy person,"" she said. ""I'm particularly not really made for this industry because I am so shy. It's not something that I deal with so well."" Besides the difficulty of being in the public eye, she also insists on perfection when performing -- or as Spears put it in the doc, ""Being a perfectionist really sucks."" ""It's just a lot of pressure,"" she explained, but that pressure is also what keeps her going. ""I have that motivation in rehearsals to make it the best every time. That's why I do what I do."""
1014b33683407493f443474a45dd984cc6397413,,{},"(CNN) -- On Sunday night, as the Curiosity rover descended through the Martian atmosphere and the HiRISE camera on the Reconnaissance Orbiter caught its parachute deploy, the mood in the NASA Control Room became increasingly electric. As the rover touched down on Mars, the nation seemed to catch the fever and excitement. You would have needed a heart of stone not to get at least a little sentimental in seeing the high-fives and emotional embraces of scientists on live television. But was the moment a blip? Or are Americans rekindling their romance with science after what seemed like a long and tepid stupor? Americans have always been taken with the adventure of the ""final frontier,"" but perhaps this is not enough to explain our intense interest this week in a technological marvel. Mars landing: It could be crazier . With the rover so far from the laboratories that hatched it, it took light itself 14 minutes to reach us back on Earth. During that time span, we could not communicate with Curiosity. What if something went wrong? The waiting seemed like a solar system's game of chess by mail. The destination only made it more gripping: Mars has been a lodestone for the imagination for at least a century. Percival Lowell's 1890s views of a Martian civilization frantically irrigating its dying world were at last debunked during the Mariner 4 flyby in 1964. But hopes of life on Mars continued. In literature, from Ray Bradbury's Martian Chronicles to Kim Stanley Robinson's Martian Trilogy, the Red Planet has become the American's Avalon. Earth loves Mars -- why we're crushing on the red planet . Maybe we saw something deeper in the successful landing of Curiosity. We experienced -- even if vicariously -- a group achieving unambiguous excellence. In a nation where a city like Detroit can nearly collapse, where consensus on important policy issues seems far off, where some of the ""best and brightest"" minds of finance have built fragile institutions, how is it possible that a large cast of scientists and engineers can pull off such a remarkable task? One of the widely reproduced photographs from the NASA Control Room showed a trio of scientists: the clean-cut, the mohawked and the Gandalf-haired â€” something unthinkable for the NASA of pocket protectors and ties of 50 years ago. Times have surely changed. The Space Age has come of age, and this century has a chance to see us living on Mars. This is also the era when we might finally understand some of the underlying principles of human society. Scientists have long sought to unlock the rules and regularities in the natural world. Likewise, social scientists have long believed in the existence of invisible forces that govern our social world. Aided by today's nearly limitless computer power, we can learn from the traces we leave behind on how we actually live and behave. We can see not only how traffic jams form and markets crash but how courtrooms are more or less just, how wars have changed and how they might end. While science cannot capture the exhilaration of a successful society, or the misery of a failed one, it can show us the properties that underlie them. As scientists, my colleagues and I are inspired every day to put theories of both nature and human kind to the test, in hopes of answering their whys and hows. Rover had 'exciting ride' So is science cool again? Those of us in the laboratories, universities and institutes could be forgiven for not knowing it was ever uncool. Topics may fall out of fashion, and some can become political battlegrounds. What the immense interest in Curiosity's landing shows, however, is that the curiosity that drives all scientific endeavors persists in the nation as a whole. Complete coverage of Mars . When a rover millions of miles away can light our hearts, it's hard to say whether we wanted to know more about Mars, or space colonies, or Earth, or ourselves. The opinions expressed in this commentary are solely those of Simon DeDeo."
58808eaaf62840d39b7bdde98d8e5c8801453ec3,CN,"{'US': 1, 'CN': 2}","(CNN) -- The driver who collided with a vehicle driven by Olympic swimmer Michael Phelps will be cited for failure to stop at a red light, police said Friday. Michael Phelps' black Cadillac Escalade collided with another vehicle at an intersection, police say. But the gold medal winner will also be cited -- for failure to present a valid driver's license and for failure to establish a Maryland residency and obtain a Maryland driver's license -- in connection with his involvement Thursday in a car wreck, police said Friday. At the scene, he presented a Michigan driver's license, which police determined ""was not valid,"" said Baltimore, Maryland, police spokesman Anthony Guglielmi. Phelps was driving one of two vehicles that collided at an intersection about 9 p.m., Guglielmi said. The female driver of the second vehicle was transported to a local hospital as a precaution, Guglielmi said. Phelps and his two passengers were uninjured. Video from CNN affiliate WBAL showed Phelps' black Cadillac Escalade at the crash site.  Watch wrecked cars at the intersection » . Phelps won a record eight gold medals at the 2008 Olympic Games in Beijing, China. Earlier this year, he was suspended from organized competitive swimming after a photo of him holding a bong -- a device commonly used to smoke marijuana -- surfaced in February. CNN's Scott Spoerry contributed to this report."
ea980aa251d2e0c3830c6acba1f0ab569552a235,,{},"(CNN) -- It's looking like Apple's next version of its iconic smartphone will be called the iPhone 5. On Tuesday, the secretive company sent e-mails to members of the media, inviting them to an ""invitation-only event"" in San Francisco on Wednesday, September 12. The event is widely expected to be the launch of the next iPhone, but in typically cryptic Apple fashion, the invitation reveals little about what will be announced. The tagline says only, ""It's almost here."" Of course, that never stops Apple obsessives from parsing the invite for clues. This time, the shadow of the number 12 reveals a not-so-subtle ""5,"" reinforcing speculation that the new device will be called iPhone 5 instead of iPhone 4G or something else. The official announcement of the September 12 date confirms what several media outlets first reported five weeks ago, citing anonymous sources at Apple. A fall iPhone release has been considered a foregone conclusion by most observers for months. Among the device's rumored new features are a slightly larger screen, a faster processor, a smaller dock connector and possibly NFC technology that would make it easier for shoppers to make payments through their phones. iMore, the first blog to pinpoint the September 12 launch date, has also said pre-orders will begin that day and that the phone will be released nine days later, on September 21. Many pundits also expect Apple to launch a smaller version of its popular iPad tablet at a separate event, likely in October. Next week's Apple event will begin at 10 a.m. PT. CNN Tech will be liveblogging the announcement."
eb7943300f85e4fc9f03763c4dc0376b3df5bbbf,JP,"{'CN': 1, 'TW': 1, 'JP': 2, 'AU': 1, 'NP': 1, 'MY': 1, 'TH': 1, 'ID': 1}","(CNN) -- Beginning this week, under-12s are banned from the first seven rows of economy class on AirAsia X flights to China, Taiwan, Japan, Korea, Australia and Nepal. In an official press release, AirAsia X's CEO Azran Osman-Rani described the new rollout as a ""heavenly package for those who want peace of mind."" Not to mention peace of ear. Readers take aim at kids on a plane . Passengers booked on AirAsia X, the long-haul arm of AirAsia, can now opt for the seats for an additional cost of RM 35 (U.S. $11) or RM 110 (U.S. $35.50) -- the standard fee charged for picking specific seats in economy class and in the ""hot seats"" section, which provide more leg room. The child-free area, called the ""Quiet Zone,"" has softer lighting and is sectioned off from the rest of the plane by toilets and bulkheads, the theory being you won't be able to hear the kids who are toward the back of the plane. Still, anyone who's been within 100 meters of a screaming child will know that their cries won't be stifled by a few partition curtains. Just as cigarette smoke could waft into the non-smoking areas before it was banned, so too will noise, said George Hobica, founder of Airfarewatchdog.com, speaking to NBC news when AirAsia X's new option was announced last year. ""If you were just one row away from the smoking section, you still got the smoke,"" he said. ""And you'll still hear the screams ... if a child has strong lungs."" Osman-Rani was eager to note that kids aren't actually being banned from traveling and that the new offering was about customizing preferences and ""fair choice,"" pointing out that the flights will be adding three baby bassinets to the other two economy cabin sections. AirAsia's competitor, Malaysia Airlines, started flying last year year with child-free first class cabins as well as a child-free upper deck economy section on its A380 service. AirAsia is Asia's largest budget carrier, with hubs in Malaysia, Thailand, Japan and Indonesia. Would you opt for child-free seating? Let us know in the comments below."
db2253fa728019fc1c40ed3659de6b673cce7f71,SY,"{'RU': 1, 'SY': 7, 'US': 3, 'FR': 2}","(CNN) -- On Monday, President Barack Obama's two secretaries of state inadvertently collaborated with Russia's foreign minister to shape a twist in the Syria debate that a day later is looking more and more like a possible way out of the current crisis. It took an idea from being an off-the-cuff throwaway line through being an informal proposal to the point today where it will be proposed for consideration by the United Nations. Perhaps more importantly for the President, it may help save him from a political showdown in Congress where it seems increasingly likely he cannot win while adding a glimmer of hope to a story that for two weeks has been an unrelenting mess for the White House and of deep concern to the American people. The first move came from the current secretary of state, John Kerry. In a statement that was initially seen as a slip of the tongue (probably because it was), Kerry raised the possibility that if Syria were to give up its chemical weapons, an attack might be avoided. Although the administration almost immediately backed away from the statement and the British foreign secretary characterized it as impossible, the idea quickly began to gain traction. Syrian Foreign Minister Walid Moallem announced that his Russian counterpart Sergei Lavrov had proposed that Syria's chemical weapons be put under some form of international control as a way of forestalling a U.S.-led attack. Moallem went further, welcoming the initiative. It turned out Kerry had spoken to Lavrov. And while Washington's first response was natural skepticism given the misrepresentations of the Syrian government in the past, it became clear that if there was any chance such an initiative could spare the president the political debacle of a failed vote in the Congress -- and possibly spare the country the costs of another military intervention in the region -- some in the administration felt it was worth considering. So, hours after a senior official had told CNN the Kerry statement was a ""major goof,"" the press office in the White House was claiming credit suggesting that the ""credible threat"" of a U.S. plan had triggered the diplomatic opening. Next up, former Secretary of State Hillary Clinton, who had already been teed up to offer a statement of support for her former boss/potential predecessor, made a brief statement that had to have been carefully cleared with the White House. She called the idea that Syria might give up its chemical weapons an ""important step"" if the Russians and the Syrians actively followed up on it. This was yet another sign that the administration was hoping that the morning's seeming misstep yield an opportunity to step away from a congressional showdown or at least buy some breathing room. Further, while Clinton did not address the specifics of Obama's proposed Syria intervention, she did say that she would support him. Up until now, her silence on the issue was seen by some as an effort by the likely presidential candidate to distance herself from the Obama team's muddled handling of the proposed Syria intervention. But Monday's message not only showed her political loyalty to the president but it also emphasized the outsized influence of her views in America and around the globe. In the wake of her remarks, there were initially reports that other nations, such as France, would welcome giving the Russian initiative a chance. The President framed it as a ""potentially positive development."" Then on Tuesday, the Syrian government formally accepted the Russian proposal. The U.S. and France took the plan to the United Nations to give it the formal backing and oversight of that institution. It is still clearly a long way from being realized but there is momentum. Nonetheless, even should it blow up, appearing to consider it allows Obama to be able to say he had exhausted all diplomatic options to resolve the problem. And for the more the hawkishly inclined, it would also be seen as reminder that military pressure is often key to producing peaceful, political outcomes. Either way, for a moment, an idea that might ultimately seem to be in the interest of Obama, Russian President Vladimir Putin, Syrian President Bashar al-Assad and, arguably, the Syrian Opposition (to the extent they no longer might face chemical weapons) gained surprising traction. This was thanks in part to the seeming misstep of America's current top diplomat, to his swift interaction with his Russian counterpart, and the added weight his predecessor's views brought to the matter. It is a long-shot proposal started perhaps by accident, promoted by parties who have regularly lied, and cautiously embraced by a U.S. administration whose policies in Syria have been incoherent by any measure. Regardless of whether it amounts to anything or not, it speaks volumes about how bad our options are. The opinions expressed in this commentary are solely those of David Rothkopf."
8ce477dc02bf5fa72b83acf4f5496251b6f123ea,,{},"(CNN) -- When most Americans think about heroic efforts that save lives and keep communities safe from gun violence, I suspect they picture someone with a badge, gun or bullet-proof vest who, with similarly equipped colleagues, busts down doors in pursuit of criminal thugs. I salute the fine officers who arrest violent criminals, but there is another kind of hero dedicated to preventing homicides and shootings. CNN Heroes called attention to him, and others like him, in a recent article. In part, it recounted the story of Tard Carter, 34, of Baltimore, who is a convicted felon turned outreach worker. Carter goes into the most violent neighborhoods in Baltimore to keep people with histories of gang involvement, criminality and violence from shooting at each other. Carter and his street outreach colleagues have no weapons or means of protection other than their reputation, authenticity and skills as ""violence interrupters."" They help settle disputes peacefully, but they also are much needed role models and mentors who steer youth away from gangs and toward opportunities to live productive, crime-free lives. It sounds admirable, what these brave and committed people do. But can potential killers really be talked out of their initial violent impulses and intentions? My experience evaluating Baltimore's Safe Streets program, which aims to reduce shootings among people ages 14-25, has convinced me that the answer is definitely yes. With the support of funding from the Centers for Disease Control and Prevention, my colleagues from the Johns Hopkins Center for the Prevention of Youth Violence and I spent the past five years studying the work of outreach workers and violence interrupters like Carter, working in four Baltimore neighborhoods that have historically been among the city's most violent areas. Each of the intervention sites was in the top 10% of police posts in Baltimore for homicides and nonfatal shootings from 2003 to 2006. Three of four neighborhoods in the program experienced reductions in gun violence significantly greater than those in other high-crime neighborhoods that were not involved in the program. After outreach staff mediated numerous gang conflicts during the initial five months Safe Streets was implemented in Carter's neighborhood, the community did not have a single homicide for nearly two years. This was a feat that had not been accomplished in recent memory. (The neighborhoods had had at least three homicides a year before the program. Sometimes more.) Safe Streets replicates Chicago's CeaseFire program, in which an evaluation showed impressive reductions in gun violence in seven Chicago neighborhoods. The program saved taxpayers the costs of incarceration. A common wisdom in police enforcement has long been that cities could curb gun violence through law enforcement crackdowns on drug dealers, since so much violent crime is related to drugs. But research has shown that these efforts are actually much more likely to increase than decrease violence. Government officials have begun to realize that billions of dollars spent fighting a war on drugs has not been responsible for curbing addiction or reducing violence. Law enforcement efforts targeted at violent gun offenders are often effective and vital to keeping communities safe. But public health initiatives such as CeaseFire and Safe Streets are necessary complements to law enforcement. These programs prevent violence before it occurs in the first place. Homicide is the second leading cause of death for young people in the United States, and the leading cause of death among young black males. The social cost of gun violence in the United States has been estimated to be $100 billion annually. To save lives and reduce these costs, we must invest in effective violence prevention programs. Regrettably, some communities that have been implementing Ceasefire have seen their funding cut and programs eliminated. The CDC is an important source of funding for such programs and for the research that determines which strategies are most effective. In light of this, it is disappointing that last week the U.S. Senate Appropriations Committee voted to eliminate the CDC's entire budget for youth violence prevention. This is short-sighted thinking that will keep heroes like Tard Carter -- whose job still survives -- from interrupting the cycle of violence in communities across the country and will stall progress toward an array of other efforts to prevent youth violence. Congress allocates billions of dollars to federal law enforcement against drug traffickers each year. By reallocating only a tiny fraction of those funds to continue CDC's implementation and evaluation of prevention programs, Congress could really have a positive impact on youth violence. The opinions expressed in this commentary are solely those of Daniel Webster."
01672a244484a9089e3955d2876559260a663c74,AT,"{'AT': 3, 'IT': 1, 'DE': 1}","(CNN) -- Saturday's World Cup downhill race in Bormio ended in a thrilling dead heat as Aksel Lund Svindal extended his overall lead despite narrowly missing out on a three-way share of victory. The Norwegian had to settle for third place after finishing just 0.01 seconds behind Austria's Hannes Reichelt and Italy's Dominik Paris -- who delighted the home crowd by claiming his first World Cup win. ""It's amazing, it was my dream to win a downhill in the World Cup -- and now I finally won it,"" said the 23-year-old, who finished third at his national championships in March. ""Tying with Reichelt doesn't make any difference -- I am only happy to be on top. I was very nervous in the leader box because I knew the others behind will ski well, but it turned out good. ""It is totally amazing to win here in Bormio, I can't say anything just that it was a dream come true."" Reichelt also set a time of one minute 58.62 seconds as he claimed the fifth World Cup win of his career and his second podium this season after placing third in the Super G at Beaver Creek in the U.S. at the start of December. ""I feel like I am back in downhill because my last races were really bad, but I felt confident today,"" the 32-year-old said. ""I think equipment today was very important because if the skies are stable on this bumpy slope it helps you to ski fast. During the Christmas break we did a good job, I did a lot of testing and now I can say I am on the right wave back. The year is ending really, really nice."" Svindal earned his first podium finish at Bormio, which is considered one of the most testing courses on the World Cup circuit. He finished 0.01 seconds ahead of fourth-placed Austrian Klaus Kroll, who was the World Cup downhill champion last season. ""It's crazy, four guys within two-hundredths on one of the toughest downhills in the world,"" said Svindal, who leads the downhill standings by 92 points from Paris and has a 114-point advantage in the overall competition. He now has a record-equaling six podium positions before New Year, matching the mark set by Austria's Michael Walchhofer in 2004-05. ""I can't remember a race exactly this close. But as a ski racer you almost get used to it, it's actually kind of crazy like that,"" Svindal said. ""For sure there is that one mistake at the bottom that I wish I had back, but that's ski racing. As long as you are fighting for the win like I am today, sometimes you get it and sometimes you don't. But racing is a lot of fun when you are in that position."" Meanwhile, Veronika Zuzulova had a comparatively more comfortable victory in the women's slalom in Semmering, Austria, as she won her first World Cup race. The Slovakian was 0.10 seconds ahead of home hope Kathrin Zettel over the two runs, while Tina Maze extended her overall World Cup lead with her 11th podium in 16 starts. The Slovenian, who was fastest in the first run, now has a 427-point advantage over Germany's Maria Hofl-Riesch, who placed fourth."
f34eb39125fc09a8f71de56e9f80d9bb6f98aaad,ES,"{'ES': 6, 'AR': 2}","(CNN) -- Lionel Messi, fresh from becoming the first player to win the prestigious Ballon d'Or award on four occasions, found himself on the bench as Barcelona cruised past Cordoba in the Copa del Rey. The Argentine, who scored an astonishing 91 goals for club and country in 2012, watched on from the sidelines as Barca recorded a 5-0 win to wrap up a 7-0 aggregate victory. Messi crowned world's best for record fourth time . Cordoba, which plays in the third tier, was blown away as two goals from David Villa and a Thiago Alcantara strike put Barcelona three goals ahead inside the opening 26 minutes. Alexis Sanchez scored twice after the break as the La Liga leaders set up a quarterfinal clash with Malaga, despite the absence of coach Tito Vilanova. The 44-year-old missed the game to seek medical advice following an operation for cancer of the salivary gland. Vilanova returns as Barca get back to work . Vilanova, who was present for last weekend's 4-0 win over city rival Espanyol, faces six weeks of chemotherapy and radiotherapy following the operation which took place on December 20. Barcelona, which has won 17 of its 18 league games so far this season, sits top of La Liga with a lead of 11 points from Atletico Madrid. Barca plays its next match against Malaga on Sunday. In Thursday's other games, Real Betis made it through to the last eight with a 2-1 aggregate win over Las Palmas. Following a 1-1 draw in the first leg, Ruben Castro's 85th minute strike sent Betis through to face Atletico Madrid in the last eight. Atletico, which took a 3-0 lead to Getafe for the second leg, claimed a goalless draw to progress."
bdd9280c628858442af8bf1012bb0571e471eed3,LK,"{'LK': 5, 'CA': 5, 'IN': 1, 'PK': 1, 'NZ': 3, 'KE': 5, 'BD': 1, 'AU': 1}","(CNN) -- Sri Lanka opened their 2011 Cricket World Cup with a thumping 210-run win over Group A outsiders Canada in front of a home crowd in Hambantota. An 81-ball century from Mahela Jayawardene -- the fastest by a Sri Lankan at a World Cup -- and 92 from captain Kumar Sangakkara laid the foundations for Sri Lanka's formidable total of 332 for seven. The pair shared a third wicket partnership of 179 as Canada's bowling attack toiled after earlier restricting Sri Lanka to 92 for two from the first 20 overs. Sehwag century sets up India victory . Jayawardene finally fell at the end of the 44th over with the score on 276 for four. But Angelo Mathews and Thilan Samaraweera chipped in with useful runs at the death to steer Sri Lanka past 300. Canada's theoretical run-chase got off to the worst of starts as opener John Davison was out to the seventh ball of the innings, bowled by Thisara Perera. Fellow opener Ruvindu Gunasekera, Zubin Surkari and Jimmy Hansra all fell cheaply, leaving Canada in the mire at 42 for four after 18 overs. Captain Ashish Bagai halted a complete collapse with steady 22 before becoming Perera's third victim. And Rizwan Cheema battled hard for his 37 as wickets tumbled around him, but was eighth man out in the 31st over. Canada's miserable day was completed five overs later when they were all out for 122 -- Henry Osinde was last man out bowled by Ajantha Mendis for four. Sri Lanka's next match is against Pakistan in Colombo on Saturday February 26. Earlier in Group A, New Zealand thrashed minnows Kenya by 10 wickets in Chennai. Kenya won the toss and elected to bat and made a respectable if somewhat slow start to their innings, scoring 33 runs in the first ten overs for the loss of one wicket -- opener Alex Obanda falling to Tim Southee in the seventh over. Bangladesh excited to host Cricket World Cup . But it wasn't long before their innings began to unravel as Kiwi paceman Hamish Bennett -- who finished with figures of 4 for 16 -- ripped through Kenya's top order with only Rakep Patel (16 not out) offering any resistance. Kenya's last five batsmen managed just four runs between them as Jacob Oram and Southee bagged three wickets apiece as Kenya slumped to 69 all out in the 24th over. Kiwi openers Martin Guptill (39 not out) and Brendon McCullum (26 not out) needed just eight overs to knock off the runs as New Zealand romped home. Tougher opposition awaits for New Zealand next Friday as they face arch rivals Australia in Nagpur."
e82331bb906e372841ae449fae60e0edcc6f7a5c,JP,{'JP': 1},"(Mashable) -- Sir Howard Stringer, CEO of Sony, accidentally told everyone in the world that his company will be supplying image sensors for Apple's iPhone 5. In an interview late Friday with the Wall Street Journal's Walt Mossberg, the Sony chief was talking about earthquake damage to 15 of the Sony's factories in Japan, and inadvertently mentioned that a camera sensor made in one of those plants is on its way to Apple, and that sensor would be delayed because of the quake and tsunami. Stringer didn't specifically say that Sony is building an 8-megapixel image sensor that will go into the iPhone 5, but since Sony is currently not manufacturing any image sensors for Apple, this confirmed that Sony plans to supply components of the iPhone 5. This points to the distinct possibility that in the iPhone 5, Apple will no longer be using those OmniVision 5-megapixel image sensors currently inside the iPhone 4. This is supported by an analyst's report from February of this year saying that OmniVision might lose out on supplying cameras for the iPhone 5 because OmniVision's 8-megapixel sensor won't be ready for the iPhone 5's rumored mid-summer launch. Because Stringer was talking about the irony of supplying the company's best camera to Apple, we can only surmise that he was talking about an 8-megapixel sensor. Here's what The Wall Street Journal wrote about Stringer's quote when reporting on its own event this morning: . Early on, he raised the irony of Sony supplying camera components for Apple devices. It ""always puzzles me,"" he said. ""Why would I make Apple the best camera?"" It is unclear what devices he was talking about as Sony isn't known to supply key camera components, known as image sensors, to Apple; A Sony spokeswoman declined to comment and an Apple spokesperson couldn't be reached for comment. Stringer's inadvertent slip also lends credence to the rumors of a delayed release of the iPhone 5. © 2010 MASHABLE.com. All rights reserved."
e30cf6dddefbd1ad60025db0f012c0abed24fe82,US,{'US': 12},"(CNN) -- On January 1, the nation will commemorate the 150th anniversary of the Emancipation Proclamation, which legally freed slaves in the secessionist Southern states. Meanwhile, thousands of theaters will still be presenting the film ""Lincoln,"" portraying the soon-to-be-martyred president's efforts in January 1865 to persuade the House of Representatives to pass the 13th Amendment, outlawing slavery throughout the nation. Coming at a time when many Republicans are seeking to rebrand their party, these commemorations of the first Republican president raise this question: Why not refashion the Grand Old Party in the image of the Great Emancipator? Steven Spielberg's historical drama, as well as the biography upon which it is based, Doris Kearns Goodwin's ""Team of Rivals: The Political Genius of Abraham Lincoln,"" both remind today's Americans that Lincoln was not only a moral leader but also a practical politician. The political identity that Lincoln forged for the fledgling Republican Party -- uniting the nation while defending individual rights -- was a winning formula for half a century, with the GOP winning 11 of 13 presidential elections from 1860 through 1908. Moreover, support for civil rights persisted in the party throughout the last century. Among the Republican presidents of the 20th century, Theodore Roosevelt famously hosted Booker T. Washington at the White House. Dwight Eisenhower ordered federal troops to Little Rock, Arkansas, to enforce school desegregation. Richard Nixon expanded affirmative action. And George H. W. Bush signed the Americans with Disabilities Act into law. Brazile: A turning point for freedom in America, 150 years later . In the U.S. Senate, such prominent Republicans as Edward Brooke of Massachusetts (the first African-American senator since Reconstruction), Jacob Javits of New York and Everett Dirksen of Illinois were strong supporters of civil rights, as were governors such as Nelson Rockefeller in New York, George Romney in Massachusetts and William Scranton in Pennsylvania. Former California Gov. Earl Warren served as chief justice when the Supreme Court issued its decision in Brown v. Board of Education, ordering the desegregation of the nation's schools. As recently as 1996, the Republican national ticket consisted of two strong civil rights advocates, former Kansas Sen. Bob Dole and former New York Rep. Jack Kemp. Unfortunately, by 2012, the Republican Party had veered far from its heritage as the party of Lincoln. Prominent Republicans supported statewide voter suppression laws that hit hardest at vulnerable minorities or called for the ""self-deportation"" of immigrants and their families. While some Republican senatorial nominees needlessly offended women, leading moderates such as Maine Sen. Olympia Snowe and Ohio Rep. Steven LaTourette opted for retirement. In what I hope was rock bottom, 38 Senate Republicans rebuffed their former presidential nominee Bob Dole -- a wheelchair-bound war hero -- to block an international civil and human rights treaty for people with disabilities. 150 years later, myths persist about the Emancipation Proclamation . Not surprisingly, the GOP in the presidential race lost the black vote by 87 points, the Asian-American vote by 47 points, the Latino vote by 44 points and the women's vote by 11 points, according to CNN exit polls. As Republicans reflect on their path forward with minority voters and persuadable whites, there are opportunities to advance civil rights. While the GOP has increasingly promoted diverse candidates, it has not yet begun to reflect the values of our diverse nation. Fiscally conservative officeholders can fight for civil and human rights. Just a few years ago, Alabama Sen. Jeff Sessions championed a reduction in the sentencing disparity between people charged with possession of crack and powder cocaine. These are two forms of the same drug, but crack cocaine is used more by minorities and carried much harsher punishments for possession. Working with Sessions, civil rights advocates pushed to reduce this disparity significantly -- among the greatest advances in criminal justice reform in decades. Looking forward to the 113th Congress, there are several civil rights initiatives that would fit conservative values. They need congressional champions. Conservative lobbyist Grover Norquist and conservative strategist Richard Viguerie have called for criminal justice reforms that would reduce the number of prisoners in U.S. prisons. The U.S. Chamber of Commerce has joined the civil rights coalition's call for federal initiatives to narrow the educational achievement gap between minority and white students. And more Republicans are joining Jeb Bush's support for comprehensive immigration reform that provides a pathway to citizenship for long-term, law-abiding residents. Most importantly, the GOP must embrace one of Lincoln's most enduring legacies, the 15th Amendment, which guaranteed the right to vote regardless of race. The GOP must stop trying to suppress voters and begin to champion electoral reform that shortens lines and helps more people to vote. Opinion: What Obama can learn from Lincoln . I don't expect another Abraham Lincoln or Frederick Douglass from the modern Republican Party -- I'll settle for a few more Jeff Sessions. When Republicans consider the consequences for their party's narrow appeal, they'll try to return to their roots. I'm happy to help. The opinions expressed in this commentary are solely those of Wade Henderson."
eb00dd8b293e113bd631ba2a97e81fa84d8f62b0,AF,"{'AF': 1, 'AR': 1}","(CNN) -- ""I hope you haven't made a mistake,"" Pope Francis told the cardinals at his celebratory dinner after he was chosen to lead the Catholic Church. He then urged the assembled hierarchy to nourish their bodies, and said with a grin, ""May God forgive you for what you've done."" It brought down the house. Pope Francis has already brought surprising changes. He broke with tradition by asking the crowd in St. Peter's Square to pray for him, and then bowed to receive it. This struck at least one young Catholic male, interviewed for the TV cameras, as ""the most humble thing I've ever seen a pope do."" Pope Francis refused to mount the platform previous popes stood on to receive the cardinals, one by one. ""I'll stay down here,"" he told Vatican staff. He shocked many cardinals by choosing the name ""Francis,"" after St. Francis of Assisi, a young man born to wealth, but who lived his life in rags, sitting with lepers and the poor outside the Sistine Chapel. Saint Francis is the patron saint of animals as well as the poor. He is often depicted in art with birds on his shoulder or held in his hands. Some saw it as a sign when a seagull landed on top of the chimney that vents the smoke from burning ballots. What the press began to call ""The Holy See Gull"" sat for 40 minutes on the tin top over the smokestack. It then flew off, but shortly a gull landed again in the same place. The next smoke was white, for Pope Francis. Opinion: Pope Francis is no herald of big changes . Judging from the cardinals I saw interviewed, the new pope is widely considered to be a centrist. He is socially conservative, opposing same-gender marriage, free condoms and abortion, yet he is also known for his care for AIDS patients, washing and kissing their feet, and for baptizing the babies of unwed mothers who other clerics had turned down. He brings a number of ""firsts."" He is the first modern non-European pope. He is the first pope from Latin America (his father was an Italian immigrant) a continent that has 39% of the world's Catholics. He is the first pope who is a Jesuit, a Catholic order that focuses on teaching youth and social justice. But while reporters focus on these firsts, there are other reasons that help explain why the cardinals, in Pope Francis' words, went ""to the end of the Earth"" to find the man to lead the Catholic world, with its 1.2 billion members. Opinion: Pope Francis, open up the church . Four reasons repeatedly came up in interviews with Catholic clerics: They felt it was time to shift the church's geographic center, they like his pastoral centrism, they believe emphasis on ministering to the poor has been missing and they hold a strong conviction that Pope Francis is the man to reform and rebuild a church that has been beset by scandals. That phrase, ""rebuilding the church"" was mentioned by him, according to reports of the pope's first homily. The phrase also comes from the story of St. Francis, who began his ministry by hearing a call to ""rebuild my church."" Pope Francis put his emphasis on the spirituality of the church as being first, lest the church be seen as little more than ""a compassionate NGO"" (non-governmental organization). Navarrette: Pope pick a signal to Latino Catholics . As a practicing Catholic, my personal, fervent hope is that Pope Francis will revive an interest and compassion for the poor. ""We live in the most unequal part of the world, which has grown the most yet reduced misery the least,"" Pope Francis said in 2007. ""The unjust distribution of goods persists,"" he said, ""creating a situation of social sin that cries out to heaven and limits the possibilities of a fuller life for so many of our brothers."" There are indications some cardinals hope this pope will be Christian-friendly to Islam and the developing world. Cardinal Angelo Scola, the archbishop of Milan, heads a foundation to promote Muslim-Christian understanding, and looks after Afghanistan's only Catholic Church as if it were in his diocese. Slamet Effendy Yusuf, a Muslim and head of the Indonesian Ulema Council, told the Christian Science Monitor, ""We believe this is a new chapter in the history of relations between Muslims and Catholics."" I noticed that many cardinals remarked with wonder over the news that Pope Francis, while he was in Buenos Aires, lived in an austere apartment, cooked his own food and took the trolley and subway by himself. That this is a matter of wonder to some who live in stone mansions and have chauffeured cars and chefs is a strong indication change has already arrivedâ€”brought by example. The opinions expressed in this commentary are solely those of Donna Brazile."
71e1cd47154f3ebb03544056b2aebe6f9f917eff,,{},"(CNN) -- The power of any pastor over his or her parishioners is derived from their ""calling"" to minister the Gospel from God, or as some call it, the anointing by the Holy Spirit. But the role of a pastor -- the Bible speaks to being a shepherd of a flock -- also comes from the belief that it is their moral standing as the earthly representative of God to lead their congregations spiritually. If you read the writings of Paul in 1 Timothy 3 (New International Version), he offers the following instructions: ""Here is a trustworthy saying: If anyone sets his heart on being an overseer, he desires a noble task. Now the overseer must be above reproach, the husband of but one wife, temperate, self-controlled, respectable, hospitable, able to teach, not given to drunkenness, not violent but gentle, not quarrelsome, not a lover of money. He must manage his own family well and see that his children obey him with proper respect. (If anyone does not know how to manage his own family, how can he take care of God's church)...He must also have a good reputation with outsiders, so that he will not fall into disgrace and into the devil's trap."" As we witness the salacious and troubling sex allegations leveled this week against Atlanta megachurch pastor Bishop Eddie L. Long, it is clear that many are confused to hear four young men come forward and allege that the man of the cloth, the husband and father, sexually coerced them and used the power of his prophetic position to engage in sex with them. It is even more shocking considering Long has preached with conviction against homosexuality and gay marriage. The details outlined in three lawsuits -- a fourth man stepped forward on Friday -- have rocked the Christian community. Bishop Long isn't just a preacher with a storefront church. He oversees a massive 240-acre complex in Lithonia, Georgia, just outside of Atlanta, a congregation of 25,000 members, schools, and an international ministry that is seen on TBN, Daystar, The Word Network and online. He is widely respected as a strong man of God who ministers annually to fellow pastors, men, youth and a mega women's conference. His influence is tremendous and far reaching, even in the areas of education and politics in Georgia. With all that said, and I fully understand that he has vigorously denied the allegations, there is no doubt in my mind that for the sake of the church, Long and his family, he needs to remove himself from the pulpit as the leader of New Birth Missionary Baptist Church in order for the issue to be resolved to its conclusion. In an interview with me on Thursday on the Tom Joyner Morning Show, Long's attorney, Craig Gillen, said his client would speak for the first time on Sunday at 11 a.m. and address the issue before his congregation. While I disagree with waiting five days since the allegations were revealed -- if someone accused me of doing this and I know in my heart I didn't do it, I would be screaming from the top of Georgia's Stone Mountain -- Long first and foremost owes an explanation to his personal family, and then his church family. If he does indeed stand before the New Birth family, Long should be honest and forthright, not mince words or engage in double talk. And after whatever he says, he should take it upon himself to ""sit himself down."" In the Christian church, when a pastor is accused of wrongdoing, going through a divorce or violating the biblical call to be above ""reproach,"" the senior pastor orders them to be ""sat down."" That means they don't carry out their ministerial duties. The point is to protect the integrity of the Word of God, as well as to allow that pastor to get his or her affairs in order. As the leader of New Birth, there is no human authority above Long. But he has a heavenly father that he has to answer to, and he must not allow his personal travails to interfere with the good and expansive works of the church. Souls still need to be saved, people still need to be healed, the sick still must be cared for, and the naked clothed. Yet I also hope that when Long speaks, he does one of two things: If in his mind and heart he has done no wrong, he will launch a vigorous defense of his name and integrity and vow with every fiber in his body to fight the charges, even if that means spending every dime he has and not settle the lawsuits. But if he is guilty of what is alleged, I pray that Long doesn't stand before his church as its spiritual father and continue the charade of saying ""I didn't do it"" and tear into his accusers. God, Long and those young men know what took place, and as someone who has listened to many of his sermons and read his books, Long has often talked about the need for Christians, especially men, to be accountable for their actions and confess their sins. If guilty, and if he truly cares about his enormous flock, he will stand before them and admit to the error of his ways, and not put them through more pain and heartache. He is a charismatic pastor who has always been known to preach an uncompromising Word, unwilling to say what folks want to hear, but instead, what they need to hear. Bishop Long, your congregation and the world don't want to hear excuses. They don't want ambiguity. Your motto at New Birth for years has been ""Taking Authority."" This is the time for you to live that credo out before your flock, no matter what the outcome will be. The opinions expressed in this commentary are solely those of Roland S. Martin."
26933bdba9f1df5ee3cf0544ba3d5b6da4c3252d,US,"{'CA': 1, 'US': 5}","(CNN) -- In a controversial essay published on his website Sunday, popular British graffiti artist Banksy criticized the design of One World Trade Center, referring to the building as a ""shyscraper"" and a ""betrayal."" The famously anonymous British street artist describes the building, which will be completed in 2014, as ""vanilla"" and ""something they would build in Canada."" He added, ""It looks like it never wanted to be built in the first place."" According to The New York Times, Banksy submitted the op-ed -- entitled ""The biggest eyesore in New York is not the graffiti, argues Banksy, it's under construction at ground zero"" -- and artwork, but the paper declined to publish it. ""We couldn't agree on either the piece or the art, so it was rejected,"" Eileen Murphy, a spokeswoman for The New York Times, told CNN. Instead, Banksy published the scathing piece on his blog, which he has been using to unveil new works of art around New York from his monthlong series ""Better Out Than In."" ""Today's piece was going to be an op-ed column in the New York Times. But they declined to publish what I supplied,"" Banksy wrote on his site. Instead he took his familiar graffiti medium, stenciling, ""This site contains blocked messages,"" on a wall in the Greenpoint neighborhood of Brooklyn. In his essay, Banksy writes the tower is a construction sign that says New York has lost its nerve. ""It would be easy to view One World Trade Centre as a betrayal of everyone who lost their lives on September 11th, because it so clearly proclaims the terrorists won,"" he wrote. New Yorkers who were directly affected by the attacks on September 11, 2001, were insulted by Banksy's remarks. ""I think it's a disgrace to New York City and all the families who lost loved ones on 9/11,"" said former fire department Deputy Chief Jim Riches, whose firefighter son, Jimmy, was one of nearly 3,000 people killed in the attacks. ""The attacks of September 11th were an attack on all of us and we will live out our lives in their shadow. But it's also how we react to adversity that defines us. And the response? 104 floors of compromise?"" wrote Banksy. ""He is looking for publicity,"" Riches said, ""I don't think anyone should care what he says."" Designed by architect David Childs of Skidmore, Owings and Merrill, One World Trade Center is a 1,776-foot tall, 3.5-million-square-foot building that includes office space, an observation deck and high-end restaurants, according to the World Trade Center website. It is one of five skyscrapers to be built at the site. ""To have the marker in the sky is an important thing for people traveling around the city. But as a marker, it also says downtown is back. It now has a place that responds to the midtown of New York that was missing for so long,"" Childs told CNN in April 2012. During his visit to New York, Banksy has also referenced September 11 in a street art stencil of the Twin Towers in Tribeca. He placed an orange daisy near where the planes struck the north tower. Sally Regenhard, a leading voice for families of 9/11 victims, lost her firefighter son, Christian in the attacks. ""To me it wasn't a flower. It looked like an explosion, a fire explosion,"" said Regenhard. Regenhard told CNN she is not against Banksy. ""It's just a PR thing,"" Regenhard said. ""I'm more concerned with the safety of the building than design."" Riches looks forward to the new skyscraper. ""It's part of our skyline,"" Riches said. ""It's what future generations will look at."" Century 21 Department Store had planned to show Banksy's work starting Tuesday, but after the artist's essay, the iconic retailer has reconsidered. ""Due to recent controversial comments, Century 21 Department Store has decided to cancel the Banksy exhibit,"" said spokeswoman Heather Feinmel. The Century 21 in downtown Manhattan is very close to the World Trade Center and had to be evacuated after the building was badly damaged on September 11. The store was closed for five months before reopening at the same location. Banksy was not directly involved with the show."
9c09bb9d59393d3b186dfc883ec9f9f9eda10d37,TD,"{'SD': 6, 'TD': 7, 'GB': 1, 'US': 1}","(CNN) -- An American human rights group documenting widespread sexual violence against Darfuri women in Sudan and Chad has called for ""vigorous prosecution of rape as a war crime."" Sudanese women in a refugee camp in southern Chad in March. Physicians for Human Rights, based in Cambridge, Massachusetts, issued a report Sunday ""documenting the scope and long-term impact of rape and other sexual violence"" experienced by women who fled the war-torn Sudanese region of Darfur and now live as refugees in neighboring Chad. The report -- titled ""Nowhere To Turn: Failure To Protect, Support and Assure Justice for Darfuri Women"" -- is based on interviews with 88 female refugees living in Chad's Farchana refugee camp. The study was done with the Harvard Humanitarian Initiative. ""Many Darfuri women refugees live in a nightmare of memories of past trauma compounded by the constant threat of sexual violence around the camps now,"" said Susannah Sirkin, the physician group's deputy director. ""Women who report being raped are stigmatized, and remain trapped in places of perpetual insecurity. There's no one to stop the rapes, no one to turn to for justice for past or ongoing crimes, and little psycho-social support to address their prolonged and unimaginable traumas."" Dr. Sondra Crosby, a Physicians for Human Rights consultant and expert in refugee trauma, said ""the atmosphere of intimidation was palpable as we listened to women describing their profound suffering and fear, and their yearning to return safely and with dignity to their former lives."" Of those refugees interviewed, ""32 reported instances of confirmed or highly probable rape"" -- 17 in Darfur and 15 in Chad, the group said. ""Among the instances of rape reported in Chad, the vast majority (10 of 11 confirmed reports) occurred when women left the camps to gather firewood."" And just over half of the 88 women interviewed -- 46 of them -- live in fear of sexual assaults around the refugee camp. The group supports the issuing of International Criminal Court warrants against the Sudanese perpetrators. The group also called for ""legal reforms in Chad to end impunity for sexual violence,"" and for ""effective psychosocial support to survivors."" And it said increased protections are needed by police and peacekeepers, including ""effective firewood patrols."" The conflict in Darfur began in 2003 after rebels in the western region of Sudan began attacking government positions. Sudan's government responded with a fierce military campaign that has led to some 200,000 deaths and forced 2 million people to flee their homes, according to the United Nations."
5de8a8c820273b324e1585e2f23fa0fac258cda1,US,{'US': 1},"(EW.com) -- There have been so many shrill, dumb, rinky-dink romantic comedies that it's easy to feel downright grateful when a smart, non-cheesy one comes along. ""Admission,"" a likable breezy campus movie directed by Paul Weitz (""About a Boy""), is blissfully non-insulting. The film is set at Princeton University, and Karen Croner's screenplay, which is based on Jean Hanff Korelitz's novel, crackles with the sound of very clever people trying to out-talk each other — an all too rare and happy thing to encounter in a Hollywood movie. Box office preview: 'The Croods' will oust 'Oz' from top spot . Portia Nathan (Tina Fey) is one of Princeton's elite team of admissions officers. She has the job of helping to choose which of the college's more than 26,000 yearly applicants, all of whom believe they deserve a place in the Princeton pantheon, are going to get in. (Approximate acceptance ratio: 1 in 26.) In this academic seller's market, Portia holds the power. But so much is riding on her decisions that the pressure of sorting through all those high school seniors, with their hilariously overstuffed extracurricular résumés (and their even more obsessive parents), has strung her tight. Fey's sweet-and-sour line readings at first sound like Liz Lemon redux, and I was glad for the moment when her 10-year relationship with a twit of an English professor (Michael Sheen, who also played one of Liz's disastrous boyfriends on ""30 Rock"") crashes and burns. The breakup unhinges Fey's character, and liberates her performance. From that point on, she's falling apart — or at least falling into a pit of desperation — and the neurotic crack-up looks good on her. It gives almost everything she does a shimmer of spontaneity. John Pressman (Paul Rudd), a teacher at a woodsy alternative New Hampshire high school called New Quest, is Portia's opposite: a do-gooding globe-trotter who believes in the kind of excellence that can't always be measured by grades or ''official'' achievement. 'Admission' star Nat Wolff applied early-decision for stardom . He's pushing one of his students for admission to Princeton; the kid, Jeremiah (Nat Wolff), is a prodigy with a troubled background, and John and Portia begin to tussle over his future from the moment they meet. John thinks that Jeremiah may be Portia's son, and the battle, as far as it goes, is lively. But then, just about every character in ""Admission"" has an enjoyably feisty intellectual attitude, from the wily dean of admissions (Wallace Shawn, for once not used as a walking punchline, and all the better for it), to Portia's switchblade-sharp office rival (Gloria Reuben), to the precocious students at John's school who question Portia about Princeton being a ''corporation'' devoted to the status quo. That Portia answers their gripe every bit as tartly demonstrates that the movie holds its traditional-versus-free-thinking priorities in a nice yin-and-yang balance. ""Admission"" has a promising first half, and the movie springs a real wild card in Lily Tomlin's brashly cutting and funny turn as Portia's mother, who wears her die-hard '70s feminism like a suit of burlap armor. Tomlin totally lets go. Her performance is an inspired satire of boomer self-righteousness and, at the same time, an unapologetic celebration of it. Line by line, ""Admission"" is often fresh, yet it's also one of those films that are so diagrammed that a soggy predictability begins to settle in. For a while, Fey and Rudd spark each other, but the bantering flirtation loses heat. I think that's because Portia, as written, has a genuine edge to her, whereas Rudd, with his smiley sincerity, is stuck playing too nice and flawless a guy. John would have been a more logical romantic foil if he'd had a pesky, holier-than-thou side. Kate Winslet confirmed for role in 'Divergent' Even with this soft-boiled romance at its center, ""Admission"" really is a movie about whether Jeremiah, with his lowly grade-point average and astonishing AP test scores, is going to get into Princeton. And here, I'm afraid, the film's values are a bit out of whack. It makes us pine for that ideal of Ivy League opportunity, a dream that it hangs on the issue of Jeremiah's admission. But what if he didn't get in? Surely he could go to some other good college. (He would seem perfect for Oberlin.) For a movie that's out to tweak the control-freak nature of the college-application process, ""Admission,"" in the end, bows down far too slavishly to it. It confuses achievement with acceptance. Grade: B . See the original story at EW.com. CLICK HERE to Try 2 RISK FREE issues of Entertainment Weekly . © 2011 Entertainment Weekly and Time Inc. All rights reserved."
c5071a6c347e638902e7986479384146be0eb535,US,{'US': 2},"(CNN) -- A 23-year-old gunman killed two co-workers early Friday at a Pathmark supermarket in Old Bridge, New Jersey, and then shot himself to death, Middlesex County Prosecutor Bruce J. Kaplan said. The shooter wielded an AK-47 assault rifle and a handgun, and was carrying multiple ammunition magazines, he added. ""I believe everyone in the store was a target,"" said Kaplan, who noted that the gunman fired 16 rounds during his attack. The gunman killed an 18-year-old woman and a 24-year-old man, and may have opened fire just before he walked into the store, he said, citing broken glass in front. There were between 12 and 14 night shift workers in the store, Kaplan said. The man opened fire around 4 a.m. CNN affiliate WABC broadcast aerial footage of at least three police cruisers in front of the supermarket, while several people gathered outside an adjacent restaurant. ""We are terribly saddened by the incident at our Old Bridge Pathmark store this morning,"" The Great Atlantic & Pacific Tea Co. said in a statement. ""We express our deepest sympathies to the families of the victims and our appreciation to local law enforcement."" NJ Transit reported that parking lots for its buses remain closed on the northbound side of route 9 in Old Bridge because of police activity. Old Bridge is in central New Jersey, roughly 30 miles south of Newark. Disgruntled ex-employee kills former coworker ."
94bbc5df14fd2886cd645df2af72b2f1822aadd2,US,{'US': 2},"(CNN) -- A middle-of-the-night fight, a surprise pullout from the Grammy Awards, leaked photos, a police investigation -- new pieces of the puzzle of the alleged assault of pop singer Rihanna by her boyfriend Chris Brown have been emerging since early February. Singers Rihanna and Chris Brown, shown performing in December, are rumored to be back together. Then, nearly three weeks after the alleged battery, the couple was reportedly together again. The reconciliation was reported just days before Brown's arraignment, which is expected Thursday in Los Angeles, California. Update: Chris Brown charged with two felonies . Brown, 19, has issued an apology for ""what transpired"" but neither he nor Rihanna, who just turned 21, has directly addressed the allegations. Many would ask why anyone would return to an abusive partner after leaving, but therapists who treat both abusers and victims say it's common. The effect is like a ""pendulum of pain,"" said Steven Stosny, counselor and founder of the anger and violence management program CompassionPower, which treats people convicted of abuse in the home. Abuse victims will ""leave out of either fear, anger or resentment,"" he said. ""But then, after the fear, anger or resentment begins to subside, they feel guilt, shame, anxiety, and that takes them back."" After a violent incident, there is often a ""honeymoon period"" during which the abuser may apologize profusely, give the victim gifts and persuade the victim to stay, experts say. But when that period is over, the abuser may once again become violent. Blog: The tangles of domestic abuse . The reasons for returning to an abusive partner may relate to the days of early humans, who had to fend for themselves in the wild. The powerful psychological mechanisms that lead people to stay in abusive relationships may have developed for survival reasons, Stosny said. ""To leave an attachment relationship -- a relationship where there's an emotional bond -- meant certain death by starvation or saber-tooth tiger,""  he said. Abuse happens in both low-income and high-income couples, said Joanna Snawder, who counsels students and community members at the Metropolitan State College of Denver in Colorado. A wealthy woman who has never worked may not want to change her lifestyle, while a poor woman may be financially dependent on her boyfriend or husband. Regardless, women may not want to break off an abusive relationship because they are afraid to be independent, don't know how to take care of themselves or don't want to face shame from friends and family, she said. Sometimes the abuser can get his partner to stay with him through manipulation, for instance, telling a woman that he will kill himself if she leaves him, said Mark Crawford, a clinical psychologist based in Roswell, Georgia. Crawford has seen many women stay in relationships because they couldn't bear the guilt of an outcome such as this. ""There are some women who need to be needed so badly they'll put up with anything,"" Crawford said. ""Even if the guy beats the crap out of them, they just feel that responsible for the other person."" The term ""the cycle of abuse"" is often used to describe how coming from an abusive family is believed to make an individual more likely to be an abuser or to stay in an abusive relationship. ""Unless we do a lot of psychological work, we often repeat family structures and dynamics that seem normal to us,"" Snawder said. On the other hand, some people who grow up in abusive households do not repeat the behavior they saw at home, she said. One student Snawder advises voluntarily went back to her abusive boyfriend after having a restraining order placed against him. They are together, but the man is assaulting the young woman again. ""It's really important that a woman reach out and get support from friends, family or a counselor who can help her see that she doesn't have to go back to that relationship,"" she said. Men aren't always the abusers. There are relationships in which the woman is the abuser and the man is the victim, and all of the behavioral patterns happen in reverse. For instance, the woman makes the man feel like it's his fault for being beaten, Crawford said. ""Those men just don't have the sense of self to say 'This is not acceptable,'"" he said. Stosny's celebrity clients who have been abusive to their romantic partners may have been negatively affected by their rise to fame early in life, he said. They see themselves as above others, and feel they are entitled to punch someone whenever they feel like it. ""I had one professional basketball player who sexually assaulted a girl. He really in his heart didn't believe that she didn't want to have sex with him,"" Stosny said. Can there ever be a happy ending for an abusive relationship? Experts agree that it's unusual, but a relationship in which a partner has been violent can become healthy again if, and only if, the abusive person seeks counseling to change his or her mindset. ""If you don't believe that you have a problem, and you believe the person drove you to it, you're going to have a really hard time seeing that you have a problem,"" Snawder said. In practice, however, the victim usually just needs to move on to someone else, she said."
d033882ffc362e58c2be42fad77e6c575c7a08d8,,{},"Producer's note: To put it bluntly, there are not enough proper toilets in the world to keep up with spiraling population growth. Here, we met up with some bright minds on the campus of CalTech to see their ""toilet of the future."""
7f17d974daf27c3c52d889fcb37d3a204e059a8c,ML,"{'ML': 8, 'FR': 2, 'TD': 1, 'ZA': 1}","(CNN) -- Up to 11,200 peacekeeping troops could maintain stability in Mali under a new U.N. proposal. And up to 1,440 police could also participate in a U.N.-led mission there, U.N. Secretary-General Ban Ki-moon said in a report to the U.N. Security Council released Tuesday. Under the proposal, the West African multinational force currently in Mali would eventually become part of the U.N. stabilizing mission. ""The proposed authorized military strength of 11,200, based on seven mobile infantry battalions and a reserve battalion with enablers for the geographic and threat environments, provides for a security presence in the major population areas assessed to be at high risk,"" the report said. France confirms death of senior Islamist militant in Mali . The peacekeeping troops proposal was one of two options Ban floated in the report. Under the other option, the United Nations would focus on political and development activities there. French and allied forces, including Malian and Chadian troops, have made significant inroads in recent weeks combating Islamist extremist fighters in Mali. But fighting continues in the remote northeastern part of the West African nation. French involvement in the conflict began on January 11, the day after militants said they had seized the city of Konna, east of Diabaly in central Mali, and were poised to advance south toward Bamako, the capital. In total, 4,000 French soldiers are deployed in Mali, according to the French Defense Ministry website, alongside 6,300 troops from Chad and the African-led International Support Mission to Mali. French officials have said the country will start withdrawing its troops from Mali next month. France using DNA to identify Islamists killed in Africa . CNN's Richard Roth and Laura Smith-Spark contributed to this report."
41015feaf9304b694a8bbc50af08ca248d2b1b64,MW,"{'AF': 1, 'MX': 1, 'MW': 2, 'US': 1}","(CNN) -- Five million dollars in five years. That's what CNN Hero Razia Jan's foundation is setting out to raise for its girls' school in Afghanistan. The group will begin rolling out its first-ever large-scale fundraising campaign in January. ""It will create a fund so that the girls in Deh'Subz can go to school for free as long as the school exists,"" said Patti Quigley, executive director of Razia's Ray of Hope Foundation. ""This will have a huge impact on their future. It would be like investing in a girl for 13 years with one donation."" The funds will also help the group create a two-year program for the school's graduates to get certified in teaching, midwifery, computer training or tailoring. A year ago, building a campaign of this magnitude would not have been possible for the group. With only Quigley and Jan handling the bulk of the work, they had little time to focus on the foundation's long-term plan. This year, however, they were able to make significant changes thanks to a special training program created by the Annenberg Foundation, a leading supporter of nonprofits worldwide. Last December, Jan and other top 10 Heroes from previous years, along with members from their organizations, attended the three-day intensive training designed to help the Heroes' nonprofits build a strong, sustainable foundation for long-term success. Annenberg provided the training -- known as Alchemy -- for free. ""We're here as a foundation to invest in visionary leaders so they can improve the quality of life for everyone, and these Heroes embody that perfectly,"" said Sylia Obagi, director of operations for the Annenberg Foundation. The Heroes underwent a condensed version of the foundation's multiple Alchemy trainings, which typically take place over 13 months. Annenberg, which has trained more than 700 organizations, tailored the program for the Heroes, who often start small and lack background in running a nonprofit. ""Getting the (CNN) attention internationally, they're given a gift that cannot be allowed to go by the wayside,"" Obagi said. ""Alchemy helps the Heroes leverage the affirmation and public attention of their work to benefit their organizations and put them on a path towards greater sustainability."" David Puckett, who travels to Mexico to provide prosthetic and orthotic care to people in need, translated what he learned at Alchemy into more consistent financial support for his group. ""(It) has broadened my view on how to cultivate and sustain relationships with donors,"" said Puckett, whose group in the first quarter of 2013 raised almost as much as its 2012 annual budget. ""I have learned that sharing our mission's vision is not just about telling the story, but that it needs to go more in depth by telling the story with passion in order to involve the potential donor."" On the last day of the program, the trainers had one-on-one sessions with each organization and helped them develop a customized plan, prioritize their goals and commit to taking necessary actions toward achieving them. After the training, participants worked for 90 days to implement specific goals. Each Hero then had a follow-up phone call with a trainer to review their progress. Obagi said the trainers specifically commented about the ""exceptional motivation"" they experienced with the Heroes and that they worked very hard achieving many of the goals. ""When we compare them with the regular Alchemy group, they're completing their goals at higher rates,"" she said. ""The steps they're taking, and the partnership they've developed with their board, are moving their organizations in the right direction."" Taryn Davis said Alchemy played a strong role in her group's growth this year. She and her American Widow Project nearly tripled the number of workshops and retreats they held for military widows in previous years. ""The training gave us the confidence to know that we can take big leaps,"" Davis said. ""They made us be open in our strong suits and our weaknesses. Hearing from other Heroes that their struggles were similar to ours really helped me and our team realize they're not just an issue in our organization."" Carolyn LeCroy expanded her organization internationally this year, which she attributes to a lot of what she learned at Alchemy. Her Messages Project, which helps children stay connected to their incarcerated parents through video messages, recently filmed messages with mothers in a Malawi prison and delivered them to their children. ""The trainers, speakers and interaction, with the feedback we received, made this one of the best trainings I know I have been to,"" LeCroy said. ""We walked away with stuff that was usable and practical. ... It not only showed us what we could improve on, but how to do it."" For Scott Strode's group, which provides free athletic activities and a supportive community for ex-addicts in Colorado, the training helped them bring on new board members with the experience and background needed to scale the program into new communities. ""In the spring and early summer, we'll be opening in Orange County, and we've tried to do it very thoughtfully,"" he said. ""Without the training, we may have run at a lot of different opportunities and spread ourselves thin."" In addition to the invaluable guidance, many participants were able to build friendships and network with fellow Heroes. ""Just being in a room with present and past Heroes who are making a difference was an honor,"" said Marie Da Silva, whose school in Malawi provides free education for AIDS orphans. ""Apart from working nonstop, we had many laughs and an opportunity to meet each other on a personal level, knowing more about each other's work from their hearts."" This year, Annenberg is again providing its free Alchemy training as part of the award package for the Top 10 Heroes. Along with a group of past Heroes, they will attend the seminar next month at the California Science Center in Los Angeles. The group will be treated to a special evening event under the Space Shuttle Endeavour, which is on display at the Science Center, and an astronaut will address the Heroes. ""The kind of vision, aspiration and dreams the individuals who built the shuttle have to have embodies what the Heroes represent as well,"" Obagi said. ""It will be a fabulous night of inspiration that makes us rethink the importance of community service and how to give back, and how rewarding it is when we do."""
b01c21e1d2ff5809de2f212d6519e03919d0d00d,HT,"{'HT': 9, 'US': 1, 'FR': 1}","(CNN) -- We are all sick at heart to witness the unfathomable suffering in Haiti. Why do bad things happen to innocent people? Why Haiti, again? Even Secretary of State Hillary Clinton said recently, ""It is biblical, the tragedy that continues to stalk Haiti and the Haitian people."" How we make meaning of this suffering will be crucial to how we respond, in the long term, as a global community. My Haitian in-laws, visiting from Boston, Massachusetts, to take some comfort with us, announced that the verse of the day on their favorite Bible Web site is from Revelation 16:18. ""And there were voices and thunders and lightnings; and there was a great earthquake, such as has not been since men were upon the earth, so mighty an earthquake and so great."" The word ""earthquake"" appears sixteen times in the Bible. It was clear to them -- and many other Christians -- that the earthquake was part of God's plan. Why God ordains such disasters is a mystery that is not ours to question. It is only our job to have faith. iReport: Looking for loves ones in Haiti . A friend who barely escaped the collapse of her house in the quake writes that people in her Port-au-Prince neighborhood are living this time as the apocalypse. They are gathering en masse, singing hymns and praying nonstop as they wait for disaster aid -- and Jesus. For them, the meaning of their suffering is clear. How else to interpret the collapse of their entire world, earthquake, famine, death, disease and drought? They are God's children living out the last chapter of the Bible. Fundamentalist Pat Robertson says that the earthquake is the devil's work. Haitians are cursed by a pact with Satan that their ancestors made, he says. Distorting a Haitian national myth, he is referring to a famous Afro-Creole religious service said to have sparked and launched the Haitian War of Independence in 1791. Ironically, historians tell us that such a single ceremony never happened --although surely there were many slave gatherings, and many Afro-Creole religious rituals in the region. Haitians do not mistake African religiosity for Satanism as Robertson does, so for them the ceremony was a spiritually charged political rally. Slaves gathered to plan and inspire themselves for the outrageous feat they would succeed in performing: a slave revolution, the abolition of slavery, and by 1804, national independence. Afro-Creole religion, known as Vodou, still underpins the philosophy of many Haitians, though by no means everyone. A spirit-priest I know reads the earthquake as an allegorical message from the spirits who infuse the land. ""The land is our mother,"" he said. When you abuse the land -- deforest her, plant only one crop, overpopulate her, erode her soil -- she explodes, searching for a way to rebalance. The spirit of the land had become sick with abuse. Her children -- the eldest ones, the ones in charge, the Haitian government -- had no policies, no laws to protect the land or use it wisely. The spirit-mother exploded with fever. ""We know this has a scientific cause,"" said the spirit-priest. ""But look how the government buildings caved in. This tells us something."" In the last several years there has been a saying among Haitians that ""the country is finished."" ""Peyi-a fini,"" they say in Creole. It has been called a dying land, a failed state, a product of irreversible environmental degradation. For social scientists, there is nothing metaphysical about the question ""Why Haiti?"" Longstanding structural reasons have produced a dysfunctional system long in crisis. Beginning as a French slave society, the nation was founded at a severe disadvantage. France demanded enormous payment for abandoned property after the revolution, starting a cycle of debt that was never broken. Deep and abiding racism prevented the U.S. and Europe from recognizing Haiti for 60 years. Trade was never established on even terms. The military ruled the state, culminating in the brutal Duvalier dictatorship, which the U.S. supported. No robust civil society developed -- there's no vigorous tradition of PTAs and town planning boards. A brain drain evacuated top talent from the country, while the U.S.-subsidized farm industry sent surplus crops to Haiti, undercutting local prices there. Farmers abandoned their lands, flocked to the capital, and built the shanty towns that have now collapsed into rubble, burying the innocent and vulnerable, strong and powerful alike. The suffering Haitians are enduring is a natural disaster worsened by human-made conditions. It is a spiritual crucible. But it is also a crisis of meaning. For Christians it is to have faith, hope, and charity. For fundamentalist Protestants, it is to convert all souls, give aid, and wait for Jesus' return. For Vodouists, it is to regain balance with the land and the unseen spiritual world. For many social scientists, it is to strengthen Haitians' capacity for self-government, to relieve the debt Haiti owes, to reforest the land, and to figure out how to divorce aid from dependence. How we interpret the suffering of the good people of Haiti will lay the groundwork for how we walk forward. The opinions expressed in this commentary are solely those of Elizabeth McAlister."
74a4b3a3c7c402b952eee5bf25f804d9030c49fa,,{},"(CNN) -- British actors David Bradley and Mark Gatiss arrived at the party of film ""The World's End"" together last night at Comic-Con to discuss their upcoming BBC film ""An Adventure In Space and Time."" But the pair also have another project in common now. Bradley, who plays Walder Frey on ""Game of Thrones,"" can now cite Gatiss as one of his fellow cast members on the show. Gatiss was recently announced to be joining the hit HBO series, but his role remains something of a surprise. ""I'm not allowed to tell you,"" Gatiss said. ""I've done my filming. I'm glad I didn't tell anyone before this since it's a big secret. The announcement of (my casting) was obviously timed for Comic-Con and I'm rather overwhelmed with the reaction, honestly. It's a great show with so many brilliant people in it."" Gatiss' time on set was short, but that doesn't necessarily indicate anything about the size of his role. ""What's interesting is that it's such a huge, sprawling cast and people seem to be there for ages, but they actually shoot two or three days and that's it,"" he said. ""Once it's put together it looks like everybody must be there for weeks and weeks and weeks."" For Bradley, the past season of ""Game of Thrones"" was the most exciting for him. His character's central role in the infamous ""Red Wedding"" scene depicted in the penultimate episode ""The Rains of Castamere,"" and has drawn an intense fan reaction due to the bloody death of several characters. But Bradley relates more his own character than those the fans have connected with. ""I felt intense pleasure (killing them), which was alarming,"" Bradley said of watching the episode. ""I'd do it all again if I had the chance. They got what was going to them!"" Share your mini-interviews from Comic-Con . Bradley, who said he hasn't read George R.R. Martin's books that the show is based on, is filming the upcoming episodes, but he's uncertain of Walder Frey's fate beyond that. ""I don't know what the future is on 'Game of Thrones,' "" Bradley said. ""I was on Season 1 and I'm just finishing Season 3 and I'm moving on to Season 4 now, but whether I'll be thereabouts (going forward) I just don't know. It would be nice, but I just don't know yet."" Gatiss, best known for his role of Mycroft Holmes on BBC's ""Sherlock"" (he is also one of the creators), noted that he's prepared for the fan obsession that accompanies being on a TV show like ""Game of Thrones."" ""My life is entirely composed of fan obsession -- so this is just another one to add to it,"" Gatiss said. ""It's all a Venn diagram."""
e655da721e3e6b49ca59d6a03f381a40b6475088,US,{'US': 6},"(CNN) -- The information age has made it easier to find instructions for anything -- even how to extract the deadly poison ricin from castor beans. At least 10 ricin-laced or suspected ricin-laced letters have been sent to government officials in recent weeks, including President Barack Obama. Should the public be alarmed? Not necessarily, analysts say. Just because castor beans and instructions of how to extract ricin are readily available doesn't mean this toxin is easy to produce or effective, they say. Fast facts about ricin . ""The recipe for it is easily accessible on the Internet,"" CNN national security analyst Fran Townsend said Thursday on ""Piers Morgan Live."" ""The basic recipe is not so hard; what's difficult is weaponizing it."" Even if a pinpoint of ricin is ingested, it can be fatal within days. And there is no cure. But mailing some poison in an envelope makes for a crude weapon, Townsend said. Former New York City Police Commissioner Bill Bratton put it more bluntly: ""Ricin is probably one of the worst ways to try and kill somebody."" He added, ""It's intended, I think, to attract publicity -- which it certainly is -- and to potentially intimidate."" This week, authorities were interviewing a man in New Boston, Texas, in connection with ricin-tainted letters sent to Obama and New York Mayor Michael Bloomberg, a person with knowledge of the investigation told CNN. Also, the FBI announced Thursday its agents are looking for a letter sent to the CIA that they believe is similar to other letters, mailed from Spokane, Washington, that contained ricin. What is ricin? In April, letters were sent to Obama; Sen. Roger Wicker, R-Mississippi; and Sadie Holland, a judge in Lee County, Mississippi. James Everett Dutschke of Tupelo, Mississippi, has been charged with possession and use of a biological agent in connection with that case. Before this recent spate of suspected ricin letters, eight people had been arrested in the United States since 9/11 for attempting to make the poison with the intent of using it for an act of politically motivated violence, according to terrorism data collected by the New America Foundation. But only two of those individuals succeeded in producing the ricin. In short, ricin is a poor choice for someone trying to inflict mass casualties because it must be directly injected or ingested in some way by the victim, CNN national security analyst Peter Bergen wrote recently. Only one person, a Bulgarian dissident who died in 1978, appears to have been a victim of a successful ricin attack in more than three decades, according to Bergen. It remains unclear what the motivation is behind the recent letters. The letter sent to Bloomberg -- and an additional one sent to a gun control group he founded -- contained what could be described as an overzealous pro-gun position. ""You will have to kill me and my family before you get my guns,"" the letters said, a law enforcement official told CNN. ""Anyone wants to come to my house will be shot in the face. The right to bear arms is my constitutional God-given right and I will exercise that right 'til the day I die. What's in this letter is nothing compared to what I've got planned for you,"" the note inside each envelope said, according to the official. CNN obtained a copy of the letter sent to mayors' gun control group, postmarked May 20 in Shreveport, Louisiana, and the wording matched the account provided by the law enforcement official. The letter addressed to Obama that was intercepted Wednesday appeared similar to these letters. The suspected ricin letters in Washington state appear to be a separate incident. These letters were sent to a federal judge, a Spokane post office, Obama and the Fairchild Air Force Base, the FBI said. The FBI confirmed Friday the presence of ricin on the letter sent to the Air Force base near Spokane, the agency said. There are similarities between these letters and one that authorities are looking for that was sent to the CIA, officials said. Matthew Ryan Buquet, 37, was arrested last week in connection with the letter sent to the judge, which contained a message threatening to kill him. CNN's Greg Botelho, Jim Acosta, Carol Cratty, Dana Bash, Ted Barrett and Alex Mooney contributed to this report."
b043fc7c3aba22c5ddf1fe4a48ca8ce6826d74ad,CN,"{'HK': 1, 'CN': 5}","Hong Kong (CNN) -- A wheelchair-bound man who set off a homemade explosive inside Beijing Capital International Airport over the weekend was a petitioner airing grievances, Chinese state media reported. The man, identified as 34-year-old Ji Zhongxing, was hospitalized after suffering injuries to his arm, which were not considered life threatening, state-run news agency Xinhua said. The agency said Ji set off the explosive at the airport's Terminal 3 on Saturday evening after he was stopped from handing out leaflets ""to get attention to his complaints"" outside the arrival hall. He then warned people nearby to get away before setting off the device. No other people were injured and flights at the airport were not affected. The man from Heze city, in Shandong province, said on his personal blog in September 2006 that he had been attacked and beaten by security guards outside a police station in 2005 after carrying a passenger on his motorcycle. He was paralyzed after the incident and petitioned for official compensation. The attack took place while Ji was working in Dongguan, a factory town in the southern Chinese province of Guangdong. Guangdong provincial authorities said on Sunday that they would look into the alleged unjust treatment, The China Daily reported. However, the newspaper also reported that Dongguan police said Ji was not attacked and was instead injured when he fell off his motorcycle. Police in Ji's home county said Dongguan authorities gave him 100,000 yuan (US$16,290) in compensation in 2010. His family did not know about the bomb plot, Xinhua reported. A witness to the explosion told the Beijing Youth Daily that Ji did not throw the bomb after activating it but held it in his hands. Photos posted on the Chinese social media site Sina Weibo showed a man in a peach shirt holding aloft a white device. Subsequent images showed thick smoke billowing through the terminal. Authorities say the device was similar to fireworks, Xinhua reported. The man's plight attracted some sympathy online. One user of the Twitter-like Weibo with the user name @Daidaibell said: ""He would only do it because they cornered him. If there's other way, he wouldn't go to such an extreme."" In China, people often petition local and national authorities about their grievances. In previous cases, frustrated petitioners have taken violent action. One man, Yang Jia, had tried to file a complaint about his treatment by police. In 2008, he stormed a Shanghai police station and killed six police officers. He was executed later that year. CNN's Zhang Dayu, Feng Ke and Steven Jiang contributed to this report from Beijing."
a036646405f460a7f86c56e7fa4204eb07809190,US,{'US': 1},"MIAMI, Florida (CNN) -- Miami Dolphins defensive end Randy Starks was arrested early Sunday after police said he struck an officer with a slow-moving Freightliner truck, according to a police report. Miami Dolphins defensive end Randy Starks was arrested early Sunday, according to police. Starks, 25, faces a charge of aggravated battery, according to the report. The arrest took place about 12:20 a.m. in Miami's South Beach area. Officers said they saw the Freightliner truck in bumper-to-bumper traffic on South Beach's Ocean Drive with some 13 people inside, including a woman sitting on the lap of Starks, who was driving. The truck's seating capacity is four occupants, the police report said. It was not clear from the police report whether the Freightliner -- normally part of a tractor-trailer -- was connected to a trailer. In the report, the officer recalled pursuing the truck on foot for about a half-block and pounding on the rear driver's-side window, but it kept moving. The officer caught up to the truck again, and it stopped after the officer pounded on the window again, the report said. ""I slowly approached the side door and just as I reached it the vehicle accelerated and started moving forward and slightly to the left,"" the unidentified officer writes in the report. ""The vehicle's path caused the driver's side of the vehicle to strike me in the chest pushing me back and pinning me against a vehicle stopped in traffic in the northbound lane."" Meanwhile, a second officer was pounding on the passenger's-side window, the report said. The truck stopped, and Starks was arrested. A police check showed that the truck's license plate was not assigned to that vehicle, the report said, and Starks faces a charge for that as well. Starks was released from jail later Sunday, according to a records check. The Miami Herald newspaper reported earlier he was jailed on $10,000 bond. Dolphins spokesman Harvey Greene told CNN the club was ""only recently made aware of the situation. Since we are in the process of gathering information we have no comment."" Starks is in his sixth NFL season and his second with the Dolphins."
50408f43b4d0dbec69554e3c081da474955132cb,CN,{'CN': 2},"(Travel + Leisure) -- Hungry travelers are seeking authentic culinary experiences at home and abroad. Steaming bamboo baskets of plump soup dumplings arrive at your table. You could be in Shanghai, China, or even San Francisco's Chinatown. But one thing is for sure: With one taste of their delicate hand-rolled skins and rich, savory broth, you're hooked. Especially when you look around and realize that you're the only out-of-towner in the room. To celebrate the distinct pleasure of being an insider wherever you may be, CNN and Travel + Leisure are joining forces for the delicious multi-platform series ""100 Places to Eat Like a Local."" We will be gathering our intel through iReports, canvassing our network of correspondents and chefs across the globe, and gathering on-the-ground dispatches from CNN reporters. This series will look to the food-obsessed everywhere for their recommendations on their favorite uniquely local spots -- trattorias, noodle carts, clam shacks, taco stands, izakayas, coffee houses, patisseries -- whether in their home towns or farther afield. According to a 2009 World Food Travel Association study of 11,000 self-identified culinary travelers in 37 countries, ""authentic"" and ""localist"" dining experiences rank as top travel motivators -- and the organization predicts those factors rate even higher today. More than ever, food-minded travelers are following the old adage ""When in Rome ..."" (or Memphis, or Moscow, or Melbourne), and seeking out ""only in"" dining experiences they can't get at home. Be it an off-the-beaten-path ribs joint in Memphis or a croissant quest in Paris, there's a measurable return to what's real -- those places and dishes that locals and travelers alike obsess over. Beyond giving a destination a distinct flavor, these places are often also a source of hometown pride -- and with good reason. Whether you're ordering a char-grilled kathi roll at Khan Chacha, a beloved local institution in New Delhi since 1968, or an overstuffed lobster roll laced with lemony mayo at off-the-radar Holbrooks Lobster Wharf in Harpswell, Maine, you are sure to find happy residents -- and a few in-the-know travelers, too. We want to hear from you. Share you favorite local finds with iReport. Some of the best submissions will be featured in an upcoming issue of Travel + Leisure magazine."
67aaa14c94cf9e3f26f5ecc04dfa0f0f34de60ea,SA,"{'SA': 3, 'GB': 3, 'QA': 2, 'BN': 2, 'BE': 1, 'CN': 1}","(CNN) -- Every country competing at the London 2012 Olympics will have at least one female athlete after Saudi Arabia included two women in its team for the first time. Wodjan Ali Seraj Abdulrahim Shahrkhani, a judo competitor, and 800 meters runner Sarah Attar will compete in London after the Saudi Arabian Olympic Committee named the duo in their team inside the official deadline of July 9. They had been invited to take part by the International Olympic Committee (IOC). ""This is very positive news and we will be delighted to welcome these two athletes in London in a few weeks' time,"" IOC president Jacques Rogge said in a statement on Thursday. ""The IOC has been working very closely with the Saudi Arabian Olympic Committee and I am pleased to see that our continued dialogue has come to fruition."" Historic breakthrough or false dawn? The strict Muslim nation had been the last bastion of male-only teams after Qatar and Brunei -- the two other nations that failed to send a woman to the Beijing Olympics four years ago -- announced they would accede to the IOC's desire to end sexual discrimination among its member nations. ""The IOC has been striving to ensure a greater gender balance at the Olympic Games, and today's news can be seen as an encouraging evolution,"" Rogge said. Going to the Games, or watching from home? Send us your pictures and videos . ""With Saudi Arabian female athletes now joining their fellow female competitors from Qatar and Brunei Darussalam, it means that by London 2012 every National Olympic Committee will have sent women to the Olympic Games."" Shooter Bahiya Al-Hamad is one of four Qatari women going to London, and will carry her country's flag. ""I'm overwhelmed to have been asked to carry the Qatari flag at the opening ceremony,"" she said on the IOC website. ""It's a truly historic moment for all athletes."" Weather warning: London Olympics' biggest threat? The London Games officially open on July 27 and run until August 12, with athletes from 204 nations expected to take part. Saudi runner Attar has been training in the United States. ""A big inspiration for participating in the Olympic Games is being one of the first women for Saudi Arabia to be going,"" the 17-year-old said at her San Diego base. ""It's such a huge honor and I hope that it can really make some big strides for women over there to get more involved in sport."" Saudi Arabia's decision is a rare concession for a kingdom where women are banned from driving. They cannot vote or hold public office, though that will change in 2015. Are Saudi women ready to compete? Women in Saudi Arabia also cannot marry, leave the country, go to school or open bank accounts without permission from a male guardian, who usually is the father or husband. Much of public life is segregated by gender. When it came to sports, female athletes were barred from the Olympic Games because they would be participating in front of a mixed-gender crowd. Human Rights Watch, which has criticized the Saudi government's restrictions on women, hailed the decision as ""an important precedent"" but warned that it needed to be backed up by allowing more females to participate in sport. ""Without policy changes to allow women and girls to play sports and compete within the kingdom, little can change for millions of women and girls deprived of sporting opportunities,"" said its senior Middle East researcher Christoph Wilcke. ""Female participation in the London Games will only have impact if it begins to level the playing field for women in the Kingdom. Now is the time for the International Olympic Committee to use its leverage and lay down concrete plans for female sports to girls schools, women's sports clubs and competitive tournaments."" The IOC said female participation at the first London Games in 1908 was 1.8% of all competitors, increasing to 9.5% when the UK capital was next host in 1948. At Beijing four years ago, the ratio was more than 42% -- and the IOC expects that to increase again. The United States will field more women than men for the first time in its history, with 269 of the 530 athletes taking part being female. ""It is a true testament to the impact of 'Title IX,' which in its 40-year history has increased sport opportunities for millions of females across the United States,"" said U.S. Olympic chief Scott Blackmun, referring to the legislation that bans sexual discrimination. Seven of the U.S. team will be taking part in their fifth Olympics. Five of them are women: high jumper Amy Acuff, archer Khatuna Lorig, equestrian Karen O'Connor, shooter Kim Rhode and volleyball player Danielle Scott-Arruda."
42cf52524afd5f0affd27d76e4a9c7ad59544815,,{},"Bowie, Maryland (CNN) -- President Barack Obama interrupted a campaign speech twice on Thursday to seek help for people in the audience who collapsed. ""I think we might have had somebody faint down here, so if we got the paramedics,"" Obama said about halfway through his remarks under bright afternoon sunshine at Bowie State University. ""They'll be all right. Just make sure you give them some space. And if somebody has a bottle of water, you might want to give it to them."" A few minutes later, near the end of his remarks, Obama again noted a member of the crowd in distress. ""Someone up here got a little hot. Let 'em sit down. Let 'em sit down,"" he said to the audience, asking if there was a bottle of water on stage for the stricken person. ""Remember, next time you come out here, eat something and drink something"" beforehand, Obama added. The president was stumping for Maryland Gov. Martin O'Malley, who is seeking re-election. Prince George's County medical personnel said they responded to a number of sick cases at the university on Thursday. Fire Department spokesman Mark Brady said that between 1:45 and 2 p.m., about an hour before Obama's speech, ambulance crews stationed at the campus as part of the White House event responded to reports of people ""fainting, getting dizzy, and otherwise passing out."" Prince George's County Fire Department officials later told CNN they were treating at least two dozen people at the university for fainting and dehydration. Brady said that while the temperatures were mild, ""in that rally area, the sun is extremely hot."" ""In addition, that rally area was extremely crowded and compacted,"" he said. ""You had the rally people shoulder to shoulder, if not closer, and standing for an extended period of time and waiting for the rally to start. A lot of these people that we treated today were senior citizens, so they're probably not accustomed to this type of environment, and those were the people that we found that experienced the fainting, the dizziness issues."" Also, a heckler was heard shouting ""You're a liar!"" early in Obama's remarks. The man was shouted down by others in the crowd, and it was unclear whether the president heard him. CNN's Tom Cohen and Vito Maggiolo contributed to this story."
de66757752f42fca9eac13b029110b7cdf054e95,BR,"{'BR': 3, 'PY': 3, 'AR': 3, 'VE': 3, 'EC': 2}","(CNN)  -- Holders Brazil needed a last-gasp equalizer from Fred to salvage a 2-2 draw against Paraguay in their Copa America Group B match Saturday in Cordoba. It was another lackluster performance from the five-time world champions after being held to a goalless draw by Venezuela in the opening match of their title defense. They took a first half lead through Jadson, but trailed 2-1 with only a minute left when substitute Fred spared their blushes. Jadson replaced Robinho in the starting line up as Brazil coach Mano Menezes rung the changes after the disappointing performance against Venezuela. The Shakhtar Donetsk midfielder repaid that confidence with a fine strike six minutes before halftime in the Mario Kempes stadium. But Paraguay, themselves held by Ecuador in their opener, leveled 11 minutes into the second half through Blackburn striker Roque Santa Cruz. Paraguay then took a shock lead with Dani Alvez losing the ball to Santa Cruz, who found Haedo Valdez. He scored with a deflected shot and a real upset looked on the cards. But Menezes replaced Neymar with Fred and he struck at the death to grab a point for the favorites. The start of the 12-team tournament has been marked by sub-par displays from hosts Argentina and Brazil, with both still looking for a victory after two games apiece. The top two teams from each of three groups of four qualify for the quarterfinals with the two third-placed teams with the best record. Venezuela beat Ecuador 1-0 in the Group B match Saturday night."
654c239aa1e49c6bf4e2fcfe9da07023b9aac978,JP,{'JP': 4},"Tokyo (CNN) -- Japanese Prime Minister Shinzo Abe said Thursday that he has asked Tokyo Electric Power Co. to decommission two more reactors at the crippled Fukushima Daiichi nuclear power plant. Abe called for the decommissioning of Reactors 5 and 6 ""as soon as possible"" as he visited the plant, wearing protective gear, to look at efforts to contain leaks from tanks holding huge volumes of toxic water at the plant. Less than two weeks ago, his government said it would spend about $470 million to try to tackle the contaminated water crisis at the plant, which was damaged by the devastating earthquake and tsunami that struck northeast Japan in March 2011. Life goes on despite uncertainty in Fukushima . It also follows the announcement that Tokyo will host the Olympic Games in the summer of 2020. Abe has promised that the games will be ""safe and secure"" despite continuing concerns about the situation at the Fukushima plant. How did we get to this point? Reactors 5 and 6 were in not in operation when the 2011 tsunami hit the power plant and didn't experience the damage suffered by the other four reactors. They have been in ""cold shutdown"" since the disaster. Meltdowns occurred at Reactors 1, 2 and 3. And concerns remain about the state of the spent fuel rod at Reactor 4. The long road home after 2011 disaster . TEPCO has already said it will decommission the four damaged reactors, but it hadn't clarified what would happen to Reactors 5 and 6. Abe said he also asked the plant operator to fix the problem of toxic water leaks by the end of March 2014. TEPCO is struggling to manage the vast amounts of tainted water stored at the plant and hundreds of tons of groundwater that flow through the area every day. Japan shuts down last nuclear reactor -- for now ."
ec8f7ed959c55d797a6e38985e337f58100643e6,US,{'US': 4},"(CNN) -- The mixed reaction to the conviction of a New Jersey college student of a hate crime, after he spied on his gay roommate while he was having sex, has revealed an interesting generational split in the gay community. Many people my age, who grew up in the '50s and the '60s, when nearly everyone felt they had to be in the closet, seem to be sympathetic to the idea that a conviction that will discourage the kind of behavior Dharun Ravi engaged in is a good thing. The fact that his roommate committed suicide the day after the spying occurred, by throwing himself off the George Washington Bridge, certainly contributed to the climate that made many people satisfied by Ravi's conviction. But quite a few younger gays -- 20-somethings -- seem more interested in a nuanced interpretation of Ravi's behavior, and much more concerned that he faces the possibility of a 10-year prison sentence. It's partly their closeness to the age of the defendant that makes them empathetic to the perpetrator of an offensive prank, which may have sparked a catastrophic outcome. But this is also a generation of gay people who grew up recognizing three distinct groups among their straight peers: supporters, neutrals and committed homophobes. And despite the jury's verdict, they remain unconvinced that Ravi belongs in that third category. They are also more skeptical about the connection between Ravi's spying and the subsequent suicide of Tyler Clementi. ""We don't really know why Clementi jumped from that bridge,"" is a typical assessment. After his conviction, Ravi told the New Jersey Star-Ledger, ""I won't ever get up there and tell the world I hated Tyler because he was gay, or tell the world I was trying to hurt or intimidate him, because it's not true."" Many younger gay men believe him: They say the seemingly anti-gay messages Ravi sent to his friends fall far short of proving the kind of hatred they think is worthy of a hate crime conviction. ""I've seen so much worse,"" Tyler Picone told Ian Parker for a piece about the case in The New Yorker. ""The stuff that Dharun says is understandable, in a sense. If you find you're sharing a room with somebody gay, and you haven't been raised in an open home, you're going to say, 'Oh my God, what am I going to do?' "" Writing in Slate, 24-year-old gay editor and columnist J. Bryan Lowder said that while he certainly was not ""excusing Ravi for his actions,"" he believes that ""these civil rights statutes are being stretched to go after teenagers who acted meanly, but not violently. This isn't what civil rights laws should be for. ... We live in a world that validates adult bullies all the time."" It was also Lowder who said the precise reason for the boy's suicide is ultimately unknowable. ""Based on the evidence that we do have, the image of Ravi as a malicious homophobe getting his just deserts looks dubious at best."" The complex point of view of this younger generation demonstrates how far we have come from the black and white world of the 1950s, when anti-gay prejudice was so commonplace that even the American Civil Liberties Union refused to oppose an executive order in 1953 when the federal government banned gay employees in all of its agencies and all of their contractors. A new generation of gay people believe that Ravi is far from being an outright bigot. They see his acts as immature and unfortunate, but they reject the view of the New Jersey jurors who decided he should be punished for hate. Ravi refused a plea bargain that could have spared him a prison term, but would have required him to plead guilty to a crime that he believes he did not commit. The usual practice in criminal courts across America is to punish someone with a harsh prison sentence when he is convicted by a jury after he has declined such a bargain. But my younger friends have convinced me that Ravi deserves a more nuanced punishment. Since Ravi insists he is without prejudice, he should be sentenced to speak at a different high school every week for a year. The nightmare he has already experienced makes him the perfect person to share a vital lesson: You don't have to hate gay people in your heart to cause misery to others. Just the perception that you are anti-gay can sometimes have disastrous consequences. The opinions expressed in this commentary are solely those of Charles Kaiser."
3a80f7edda270f55ad6593541cd26c61389727e0,SY,"{'SY': 8, 'RU': 2, 'CN': 1}","(CNN) -- The stench of the burnt bodies was so potent, Abu Jafar said, he could smell it from 2 kilometers (1.2 miles) away. ""It smells awful because the regime appears to have burnt so many bodies recently,"" the opposition activist said Sunday from the beleaguered city of Homs. ""Some cars arrived this morning and carried away dead bodies. We are not sure where."" Read more: Deadly day in Syria as diplomats talk . Jafar's account comes a day after what may be the deadliest day yet in Syria's 21-month civil war, according to opposition figures. Lakhdar Brahimi, the joint U.N.-Arab League envoy, gave a dire warning Sunday on the rapidly deteriorating situation in Syria. ""If nearly 50,000 people have been killed in about two years, do not expect just 25,000 people to die next year -- maybe 100,000 will die,"" he told reporters in Cairo. ""The pace is increasing,"" he said. ""A solution is still possible, but it is only getting more complicated every day,"" Brahimi added. ""Had we dealt more carefully with this conflict in 2011, it would have been much easier to resolve it. There is no question that it is much harder today."" Read more: 'Til death do us part: Marriage destroyed by war . Brahimi met Sunday with Nabil Elaraby, secretary-general of the Arab League. On Saturday, Brahimi met with Russian Foreign Minister Sergey Lavrov. Russia and China have used their veto power in the U.N. Security Council to block some of the toughest resolutions proposed against the Syrian regime. Read more: Official: Russia invites head of Syrian opposition for talks . Traveling heavily in hopes of brokering a halt to the war, Brahimi said last week he is pinning his hopes on the formation of a transitional government in Damascus that would hold power until an election. At least 397 people were killed across the country Saturday, the opposition Local Coordination Committees of Syria said. At least 143 deaths were reported Sunday, including 10 children. The LCC said Saturday's death toll included more than 200 people who were captured and ""field executed"" by Syrian soldiers in the Homs suburb of Deir Baalbeh after Syrian forces won a battle there. Read more: As Syria suffering spirals, envoy hopes for political transition . The group's representative in Deir Baalbeh said he could only personally account for 27 deaths, but said a Syrian soldier who had been captured by rebels said government forces killed at least 200 people in the suburb. The group posted video of several men's bodies lined up in a grassy field with wounds to the head, in what it claimed was footage taken by witnesses. Jafar said he believes Deir Baalbeh was targeted ""because it is the main gate to reach the Khaldiya neighborhood, which has been under the control of the rebels."" Syrian state-run TV confirmed there was conflict in the area but said that government forces had been chasing down ""terrorists."" News footage showed bodies that appeared to have been dragged across the floor in a building, leaving long trails of blood behind. Read more: U.S. officials: Syria using more accurate, Iranian-made missiles . The news report said forces had killed ""several terrorists"" in the Deir Baalbeh area. The government frequently refers to rebels seeking to overthrow President Bashar al-Assad as ""terrorists."" But another opposition activist in Homs, Hadi Abdallah, said the situation in nearby Deir Baalbeh ""is only turning from bad to worse."" ""Smoke is rising from Deir Baalbeh this morning, and a stench is coming out of some of its streets due to the burning of some corpses by the regime forces,"" Abdallah said Sunday. ""What is noticeable in the bodies we found yesterday and today in Deir Baalbeh is that they appear to have been slaughtered at the neck and then burned, including women and children. Others appear to have been killed from knife and bullet wounds."" Read more: Syrian military police chief defects to join 'the people's revolution' Syria's state-run news agency SANA said Sunday that the military has been killing many terrorists. One army unit ""killed several terrorists and injured many others"" and destroyed launchers of locally made missiles that the terrorists had used to attack orchards in the Maartamasrin area in Idlib province, SANA reported. CNN cannot independently confirm casualty and other reports as Syria's government has severely restricted access to the country. CNN's Hamdi Alkhshali contributed to this report."
cf356241c98cb140685ec642d2325da8d99ae0be,CN,"{'HK': 2, 'CN': 5, 'JP': 1, 'TW': 1}","Hong Kong (CNN) -- More Mainland Chinese travelers are jet-setting to foreign shores and global luxury brands are cashing in, according to a new survey by KPMG, the global auditing firm. The report also revealed that rising Chinese incomes are fueling demand for luxury goods right at home in the domestic market. The findings from KPMG's ""The Global Reach of China Luxury"" echo reports over the past several months that show Chinese consumers are able -- and willing -- to pay more. An HSBC report in September estimated that 25% of the world's luxury purchases were made by Chinese nationals -- a jump up from a 5% market share in 2007. The global management firm McKinsey & Co. reported in December that Chinese consumers had become the prime engine of growth for the luxury sector, surpassing Japan, which had long been the world's largest. By 2015, McKinsey & Co. predicted China's luxury market would account for one-fifth of global sales with a value of $27 billion. The number of Mainland Chinese consumers polled who traveled overseas in 2012 climbed to 71% -- a ""significant change"" from 53% in 2008, the KPMG report said. Of those travelers, 72% said they bought more high-end products such as handbags, cosmetics and watches. This rising tide of Mainland Chinese travelers means that global luxury brands need to take another look at their business strategies in order to take advantage, said Nick Debnam, KPMG China's Asia Pacific Chairman of Consumer Markets. ""It is no longer just about doing business in China... brands need to therefore align their branding and marketing strategies both in China, and for those rising number of travelling Chinese consumers,"" Debnam said in the report. A majority of respondents -- 60% -- said Hong Kong, Taiwan and Macau were their favorite places to go to pocket perfumes and cosmetics. One-fifth of respondents said they went to Europe in 2012, up from 3% in 2009. Mainland Chinese are also recognizing more global brand names -- 59 in 2012 compared to 34 in 2006 -- and have attached specific sentiments to products based on their country of origin. Most respondents -- 89% -- ascribed ""romantic"" feelings to French products, while 72% said German products were known for being ""precise."" Four out of five respondents linked the idea of ""long history"" to Mainland Chinese goods; just 15% attached the same sentiment to U.S.-manufactured items. The KPMG report noted that ""China is not without its challenges"" but despite the global economic slowdown the country's ""consumer sector continues to grow and also accounts for an increasing share of global sales for some of the world's largest luxury brands."""
7344293c61d7922d2ee210b553f18095d8239209,VA,"{'VA': 2, 'US': 2, 'IT': 1, 'GB': 1}","Rome (CNN) -- Vatican workmen scaled the roof of the Sistine Chapel Saturday, as they installed the chimney which will release the black or white smoke that signifies whether a new pope has been elected. The chimney is the first publicly visible sign of the preparations going on inside the chapel, which is where the Roman Catholic cardinals will gather on Tuesday for the start of the conclave -- the secret papal election. Footage released by the Vatican has shown the installation of two stoves inside the chapel. One is used to burn the cardinals' ballots after they are cast and the other to send up the smoke signal. If no one has won, a chemical is added to make the smoke black. This lets people waiting in St. Peter's Square below -- and the people watching on TV around the world -- know what is happening. White smoke means a new pope has been chosen. If the smoke is released after dark, a spotlight will be trained on the chimney so that it can still be seen, Vatican spokesman the Rev. Federico Lombardi said Saturday. The stove will be tested before the conclave to make sure it can produce smoke, Lombardi said, but privately, so as not to cause too much excitement. The cardinals met Saturday morning for the latest in a series of sessions known as General Congregations. These are open to all the cardinals, not just those aged under 80, and are an important part of the preparations for the election. As well as getting to know their counterparts from around the world, the cardinals discuss the major issues facing the church, including its handling of allegations of child sex abuse by priests and a scandal over leaks from the Vatican last year that revealed claims of corruption, as well as the church's future direction. The final General Congregation will take place on Monday, the Vatican said. More than 130 cardinals have already spoken at the meetings. Once the conclave starts, the 115 cardinal-electors can't leave Vatican City until the process is done and aren't allowed to speak with anyone outside of the conclave. They stay in a Vatican hotel, Casa Santa Marta, for the duration and, in line with tradition, drew lots for their rooms during Saturday's meeting. 'Praying a lot' The cardinal-electors will move into Santa Marta first thing on Tuesday, the Vatican said. They will then attend a special morning Mass in St. Peter's Basilica. The first vote will be held that afternoon, with subsequent ballots cast over the following days until one of the contenders gains the two-thirds majority that means he is elected head of the world's 1.2 billion Catholics. The longest conclave held since the turn of the 20th century lasted five days. The Sistine Chapel, whose famous ceiling was painted by Renaissance artist Michelangelo, has been closed to tourists while the preparations for the conclave are made. Cardinal Timothy Dolan of New York, one of about a dozen leading candidates to become pope, wrote in a blog post Friday that he misses New York after 10 days and is sorry he won't be there on St. Patrick's Day. ""We cardinals sure are praying a lot,"" he said. Contrary to media reports, he said, the focus of the cardinals' meetings is much the same as it was two millenia ago, namely: ""How most effectively to present the Person, message, and invitation of Jesus to a world that, while searching for salvation and eternal truth, are also at times doubting, skeptical, too busy, or frustrated."" This means discussions on such subjects as preaching, teaching the faith, care of the poor and sick, and support for the church's clergy and the families that make up their congregations, Dolan said. ""Those are the 'big issues.' You may find that hard to believe, since the 'word on the street' is that all we talk about is corruption in the Vatican, sexual abuse, money. Do these topics come up? Yes! Do they dominate? No!"" he wrote. Ring destroyed . Meanwhile, the Italian press is full of speculation about which cardinal may win enough support from his counterparts to be elected, and what regional alliances are being formed. The United States has 11 of the 115 votes, making it the second largest national bloc after Italy. Lombardi, the Vatican spokesman, said Saturday that the symbolic Fisherman's Ring and the seal that Benedict XVI used as pope have been scratched to render them invalid. Three other symbols of Benedict XVI's papacy were destroyed in the same way, he said. The next pope will get a new Fisherman's Ring and seal with his own name on it after he is elected. Benedict XVI resigned 10 days ago, becoming the first pontiff to do so in six centuries. CNN's Dan Rivers and Richard Allen Greene reported from Rome and Laura Smith-Spark wrote in London. Hada Messia in Rome contributed to this report."
53ed301546bac29bae89ecc2b0f34047d02a0fa5,IQ,"{'IQ': 1, 'AF': 1, 'SO': 1}","(CNN) -- The wife of al Qaeda's second-in-command has purportedly issued a message urging women to raise their children to love holy war and defend Muslim lands. The message from Omaima Hassan Ahmad Mohammad Hassad, wife of Osama bin Laden advisor Ayman al-Zawahiri, said that since women could not fight, they should dedicate themselves to so-called holy warriors, or mujahedeen. ""I ask you to raise your children to obey Allah and love jihad [holy war] and to defend the Muslim lands,"" she said, in a message released by As-Sahab Media -- al Qaeda's production company. ""Fighting is not easy for women because they need a male guardian by their side. ... But we can place ourselves in service of the mujahedeen and do what they ask of us. We can help by supporting warriors with money or information or even by a martyrdom operation."" CNN cannot independently verify the authenticity of the document, which appeared on multiple radical Islamist Web sites. Hassan also asked that Allah grant her and her Muslim sisters ""patience and persistence until death,"" especially in the Palestinian Authority, and in Iraq, Chechnya, Afghanistan and Somalia. CNN's senior editor for Middle East affairs, Octavia Nasr, said it is not a usual practice for women linked to al Qaeda to release messages. ""It signals that al Qaeda seems to be aggressively reaching out to the female population, whereas in the past their focus was mainly on men,"" she said."
64cd29b5cd46837e1dd7b863fca322b318e0a671,US,{'US': 1},"(The Frisky) -- Yesterday independent film's glitterati bundled up in their sweaters and ear muffs for the start of the Sundance Film Festival. And since we all know that today's Sundance movies are tomorrow's breakout hits and the movies we'll all be betting on come next year's award season, here are eight movies on the lineup that have me salivating. Here's hoping they'll be in theaters soon. ""Project Nim"": Back in the 1970s, scientists conducted an experiment an a young chimp named Nim. If they raised him like a human, would he learn to communicate using sign language? In this doc, brought to you by the guy who made the amazing ""Man on Wire,"" you'll find out how it went down -- and say ""awwww"" a bunch. ""Meek's Cutoff"": We adore Michelle Williams and this movie sets her on the Oregon trail in 1845. It'll be a quiet movie, but we predict that with Michelle in the lead, bonnets will become the new cool girl thing to wear. ""Higher Ground"": Vera Farmiga isn't just one of the most beautiful women in Hollywood, in my humble opinion -- she's also the smartest. This flick is her directorial debut, about a woman who spends 20 years in a fundamentalist commune and finally decides to leave. ""The Future"": We love Miranda July, so will forgive the fact that the plot of her new movie -- a 30-something couple slowly falls apart -- sounds an awful lot like ""Blue Valentine,"" only with brown, curly hair rather than blondes. We also hear that it's narrated by a cat? ""My Idiot Brother"": We're still so glad that Paul Rudd's beard was grown for a movie and not just because. In this comedy, Paul stars as the slacker brother of three uber-ambituous sisters, played by Elizabeth Banks, Zooey Deschanel, and Emily Mortimer. ""The Greatest Movie Ever Sold"": Morgan Spurlock, the man who ate Big Macs for science in ""Super Size Me,"" takes on the world of product placement in this new doc. The twist? The movie is funded by the products you see in it. ""Like Crazy"": Long-distance relationships are rough. Like, really hard. This movie, which already has some great buzz going, tells the story of a young couple that meets in college and then has to split when one of them has to return to the UK. ""Red State"": Kevin Smith's publicity stunt for his new religious horror film is ... that he won't be doing any publicity for it. Oh, and he'll be auctioning off the rights. Put in a bid on Sunday. TM & © 2010 TMV, Inc. | All Rights Reserved ."
3d7c6bcf3f5cfb3727eb04b3757c954220f6417d,US,{'US': 1},"(RollingStone.com) -- Eddie Vedder's second solo album ""Ukulele Songs"" and a live concert film titled ""Water on the Road"" will both be released on May 31st, Vedder announced today. As the title suggests, ""Ukulele Songs"" will feature Vedder performing original songs and covers on his ukulele. Cat Power's Chan Marshall and Glen Hansard of the Frames and the Swell Season will guest on one track each, and the set will include a new recording of the Pearl Jam tune ""Can't Keep."" The album's first single ""Longing to Belong"" will be available in digital stores tomorrow. RollingStone.com: Contest: Choose the cover of Rolling Stone . ""Water on the Road,"" Vedder's first solo concert film, was directed by Brendan Canty of Fugazi and Christoph Green at a pair of shows in Washington, D.C. in August of 2008. That set will include several songs from Vedder's soundtrack for the film ""Into the Wild"" along with early versions of ""Ukulele Songs"" tracks, covers and relatively obscure Pearl Jam numbers such as ""Sometimes,"" ""Driftin'"" and ""Around the Bend."" See the original article at RollingStone.com. Copyright © 2010 Rolling Stone."
b00a1ba435d597f8cc7f8489a71d2db6fbe32dbd,US,"{'US': 5, 'BS': 1, 'CA': 1}","(CNN) -- An animal control officer on disability kept 850 snakes, including two 6-foot Burmese pythons, while running an illegal snake business out of his suburban New York home, according to authorities who made the discovery on Thursday. Richard Parrinello, of Brookhaven, New York, kept the snakes in his detached garage, all neatly stacked in containers and at the right temperature, according to Roy Gross, chief of the Suffolk County SPCA. Burmese pythons are illegal in New York, and Parrinello's were taken from the house to a reptile sanctuary in Massachusetts while the rest of the snakes are still in his garage, according to Jack Krieger, communications director for the Town of Brookhaven on Long Island. Gross said all the snakes appeared to be in good health and there was no animal abuse or neglect. ""It was a well-maintained facility, it was very clean and organized, it was a business,"" Krieger said. By the numbers: Pets . Parrinello kept an online website, ""Snakeman's Exotics,"" which advertised a collection of pythons, boa constrictors and hognose snakes available for sale both domestically and internationally. After weeks of investigation into alleged workers compensation fraud, the town of Brookhaven, the U.S. Fish and Wildlife Service, the New York State Department of Environmental Conservation, Suffolk County Police and the SPCA executed a search warrant in Parrinello's home, where he lives with his wife and 10-year-old son, according to a news release from Brookhaven. Undercover investigators spoke to Parrinello, who claimed to have $500,000 in inventory stored on the premises, including snakes, turtles and turtle eggs, the news release said. Authorities also say they found a few tarantulas and a couple of freezers with frozen mice and alligator carcasses. 40 pythons seized from Ontario motel room . Krieger said Parrinello wasn't arrested or charged with any criminal activity, but he was running a business out of his residence in a residential area, which is a violation of the town code. Town Law Department officials are still investigating and will likely issue numerous violations in the coming days. When reached by telephone, Parrinello declined to comment. ""What makes this case especially egregious is that this individual was allegedly operating this reptile business out of his home, posing an unknown threat to the neighbors of this community,"" said Brookhaven Supervisor Ed Romaine. Peter Constantakes, spokesman for the DEC, said Parrinello was interviewed and issued two summonses for possessing wild animals without a permit and for possessing alligator parts without a permit, each one carrying a maximum fine of $250. The U.S. Fish and Wildlife Service has banned the importation of Burmese pythons, along with three other exotic snake species and their eggs. While the pythons can run to double-digit lengths, University of Florida wildlife ecologist Frank Mazzotti said the average snake runs about 6 to 9 feet. They have no known predators. Florida tackling python problem with hunting contest ."
7ea182f7efde3659ddb767cb4767114730e863fd,US,"{'CA': 1, 'US': 5}","(CNN) -- The U.S. Food and Drug Administration has warned consumers not to eat mamey-flavored ice cream sold under the La Nuestra brand because of potential health risks. Montalvan's Sales Inc. of Ontario, California, which sells the brand, has voluntarily recalled the product, the FDA said. The ice cream was distributed through retail stores and restaurants in Nevada and California. In August, the FDA told consumers not to eat frozen mamey fruit pulp after at least nine people in California and Nevada fell ill with typhoid fever. An investigation by the U.S. Centers for Disease Control and Prevention showed a link between an ongoing attack of Salmonella typhi infections and frozen mamey fruit pulp products. Typhoid fever, which can be fatal, is caused by Salmonella typhi. ""This recall was initiated after Montalvan's Sales, Inc. was notified by FDA and CDC that the affected product was made with La Nuestra Mamey Pulp which was implicated via a strong epidemiologic link to a recent outbreak of Typhoid Fever in several Western States,"" the FDA said in a statement. Mamey fruit is a sweet fruit with a fleshy orange pulp. It is grown in the tropical lowlands of Central America, the FDA said, and is used to make juices and smoothies."
4b65226b8fa315a8e04a17f5735dd4d003c8ae2c,PL,"{'PL': 13, 'TN': 1, 'BY': 6, 'US': 1, 'BS': 1}","Warsaw, Poland (CNN) -- President Barack Obama on Saturday held up Poland's transition to democracy in the 1980s as a model for nations today pushing back against their governments -- from countries in North Africa and the Middle East to some in Eastern Europe. In remarks with his Polish counterpart and member's of Poland's Solidarity movement, Obama said, ""Your actions charted a course for freedom that inspired many on this continent and beyond. And it has many relevant lessons, so we want to encourage all states undergoing similar experiences to learn from Poland."" Obama thanked Poland for its contributions to Tunisia, which saw the ouster of its leader this year, and for sending its foreign minister to the Libyan opposition stronghold of Benghazi as rebels fight the forces of strongman Moammar Gadhafi. The president also pointed to Poland as an example for neighboring Belarus, which has seen an authoritarian crackdown since December. Poland, which was one of the first countries to recognize Belarus, has seen its diplomatic relations strained over the crackdown. Poland has been a leader in pushing for sanctions against certain members of the Belarusian government, and the United States has discussed the same. On Saturday, Obama said that there is an ""unacceptable situation"" in Belarus. His remarks came in a speech in Warsaw with Polish Prime Minister Donald Tusk. Obama said that the president of Belarus, Alexander Lukashenko, has ""a total disregard for democratic values and rule of law."" Lukashenko, once called ""the last dictator in Europe"" by a U.S. official, was re-elected last year in a contest that triggered massive protests and led to hundreds of arrests. More recently, press freedom groups lashed out at a Belarusian court for the two-year suspended jail sentence of a reporter accused of ""organizing and preparing a public order disruption"" in connection with the protests surrounding the election. Pressure must be applied to Belarus to get it to change its practices, Obama said, adding that he was familiar with the case of journalist Irina Khalip. The situation in Belarus was among the issues that Obama discussed with Tusk Saturday. Tusk highlighted cooperation between the two countries on clean energy sources. The two countries agreed to convoke a special session of the Polish-U.S. Strategic Dialogue to promote efforts for new energy sources, including wind, clean coal, shale gas and nuclear power. Obama called Poland one of America's strongest allies, and reaffirmed the strength of their commitment through NATO. Prior to meeting with Tusk, during the last day of a six-day trip, Obama praised Polish leaders and acknowledged the sacrifices Poles have made in wars. Obama spoke after meeting with Polish President Bronislaw Komorowski. Poland's ""incredible transformation"" to democracy over the past two-and-a-half decades has made it a leader in the region, Obama said. He singled out the successes of Poland's Solidarity movement, which in the 1980s led a broad opposition to the country's communist leadership. ""The solidarity leaders and others in this room launched a peaceful revolution that eventually led to a regime's collapse and the downfall of a broader system of Soviet repression,"" Obama said. He added that there was an ""understanding that history was being made because ordinary people were standing up and doing extraordinary things with great courage against great odds."" The president's visit to Poland included a stop at that country's World War II Warsaw Ghetto Memorial and a dinner with Central and Eastern European leaders hosted by Komorowski. Before leaving Poland, Obama stopped at the Field Cathedral of the Polish Army, where he visited a memorial to the victims of a plane crash that killed Polish President Lech Kaczynski, his wife and several military leaders in April 2010. Obama stood before a memorial wall with the names of the victims of the crash. He lit a candle and clasped his hands together and gazed silently at the names. CNN Radio's Ninette Sosa contributed to this report."
0cd2355ae7f7f63ff49607310673fdfe4d03ada8,US,{'US': 3},"(CNN) -- The federal agency that protects the nation's borders is doing a shoddy job protecting the nation's wallet, abusing an overtime fund to the tune of $8.7 million annually, according to a government watchdog. The U.S. Office of Special Counsel, an independent federal agency that receives whistleblower complaints, said offices within Customs and Border Protection and elsewhere within the Department of Homeland Security engage in a ""gross waste of government funds."" Overtime money intended for special circumstances was routinely given to employees who frequently spent that time watching sports and entertainment channels, Special Counsel Carolyn Lerner wrote in a letter to the White House. Employees working in CBP's ""Situation Room"" received overtime 89 percent of the time, Lerner said. ""This case is not an isolated occurrence. Rather, it is part of a persistent pattern of AUO [Administratively Uncontrollable Overtime] allegations raised by DHS employees,"" Lerner wrote. The problem was brought to light, the OSC said, by several CBP employees who were authorized to receive the overtime pay but were troubled by the ethics of the practice and its impact on the federal budget. The DHS said in a statement that Acting Secretary Rand Beers had requested a ""comprehensive, department-wide review of the use of (administrative overtime)."" ""DHS takes seriously its responsibility to ensure proper use of taxpayer funds,"" spokesman Peter Boogaard said. DHS made a similar promise after allegations of overtime abuse surfaced in 2008, the Special Counsel said. In February of that year, a whistleblower alleged abuses at the Office of Border Patrol in Lynden, Washington. After a department report confirmed that employees abused overtime and that senior managers benefited from improperly approved overtime, the agency promised to implement ""an Agency-wide AUO policy directive"" to prevent misuse throughout the agency. ""That commitment was made more than five years ago,"" Lerner wrote in her letter to the White House. ""The lack of progress in implementing plans first outlined five years ago raises questions about the agency's willingness or ability to confront this important problem."" The use of administrative overtime ""functionally [extended] their daily shift by two hours each day, but are not the result of any unpredictable or compelling law enforcement need,"" Lerner wrote. Lerner wrote that DHS must curb the abuse and, if warranted, revise the pay system to ensure fair pay for employees who are legitimately working overtime. The OSC said it is investigating whistleblower allegations of overtime abuse at five DHS locations: . -- CBP's Office of Training and Development in Glynco, Georgia. -- U.S. Citizenship and Immigration Services' Office of Security and Integrity in Washington. -- Immigration and Customs Enforcement facility in Houston. -- CBP's facility in San Ysidro, California. -- CBP's facility in Laredo, Texas. House Homeland Security Committee Chairman Michael McCaul said the revelations the overtime allowance is meant for agents who work unique hours ""often in pursuit of drug smugglers"" and other people ""who pose a threat"" to the nation. ""This money was not meant to be a slush fund for officers or agents at desk jobs who work regular hours and who are clearly taking advantage of the system,"" he said. ""The Committee will continue to investigate abuses such as this."""
84065a8764a66cc8cb7414feca79e87227c473d3,MX,{'MX': 1},"(CNN) -- Julian Juarez Baena, a police officer in Ciudad Juarez, Mexico, had just finished his shift. It was just after 9 p.m. last Saturday, and he was driving home. But the 35-year-old would never reach his destination. At an intersection near his home, he was ambushed and shot to death. Investigators found 34 bullet casings at the scene. Juarez was found facing down with multiple bullet wounds in his head, chest and left side of his body. His death made headlines in the Mexican city across the border from El Paso, Texas. Not only was the victim a police officer, but he was also the eighth member of the force to be murdered in two weeks. In the weeks prior to Juarez's death, banners had appeared in Ciudad Juarez threatening to kill one officer per day unless Police Chief Julian Leyzaola resigned. Leyzaola, some of the banners claimed, was only targeting members of one cartel while its rivals roamed free. Leyzaola, a former military officer who has been on the job for less than a year, says he's not stepping down. ""We have to show them (criminals) that they can't be above the law or above authority. They're criminals and they should be isolated; isolated in jail or buried in the cemetery. They can't keep on intimidating or kidnapping people,"" Leyzaola said the day after Juarez's death. The murders of police officers have taken their toll on morale in the department of 2,500, and forced authorities to take unprecedented measures. Ciudad Juarez Mayor Hector Murguia Lardizabal made the decision to temporarily house most of the police force in hotels, with 24-hour police protection -- the police department protecting its own officers.. ""I had to respond to reality,"" Murguia said. ""I also decided that we were going to allow police officers to keep their duty weapons after their shift ended. We decided to send them to the barracks after the eighth death. We needed to do something about it."" The attacks against officers haven't stopped. A shootout between officers and their attackers earlier this week left three dead gunmen and produced three arrests. According to police, attackers tried to ambush the officers Monday as they were fueling up their cars. Three police officers suffered minor wounds in the shootout. In the blue Ford Explorer the suspects used in the attack, investigators found two high-caliber rifles, two handguns and a fragmentation grenade. Mayor Murguia has stopped short of calling the situation a crisis. Responding to a reporter's question about the recent deaths of police officers, Murguia became visibly impatient. ""It would be stupidly naive not to expect deadly attacks in an open war against organized crime,"" Murguia said. ""What would you have us do? Do you want us to send messages to the criminals asking them to please put their AK-47s (assault rifles) down and stop committing crimes?"" Three years ago criminal groups successfully used the same tactic of killing police officers to force the Juarez chief of police then to resign. Roberto Orduna Cruz stepped down after his assistant chief of police, Sacramento Perez, and two of his bodyguards were gunned down in an ambush. Investigators found more than 150 bullet casings at the crime scene. Just before that incident in February of 2009, anonymous banners had appeared throughout the city of 1.2 million warning that if Orduna didn't resign a police officer would be murdered every 48 hours. By at least one measure Leyzaola, the current police chief, has been successful. The number of violent deaths in Juarez dropped by almost 40% last year compared with the year before. There were 1,933 murders in 2011, compared with 3,117 in 2010, the all-time record. But Leyzaola says he is not done yet. Leyzaola, who also served as chief of police in Tijuana, is credited with bringing a significant decline in crime in that border city. His goal, he says, is to do the same in Ciudad Juarez. Journalist Edgar Roman in Ciudad Juarez contributed to this report."
eb7a04eb6afaacccc503620e48fcac9441399ce2,ZA,"{'ZA': 3, 'CN': 2, 'GB': 1}","(CNN) -- He has yet to compete at the Olympics, but the eyes of the world will be on Oscar Pistorius if he is selected for London 2012. Born with a congenital abnormality, he had both his legs amputated below the knee at 11 months of age, but that has not stopped him competing at the highest level. The South African runs on specially-adapted carbon-fiber artificial limbs, earning him the nickname ""Blade Runner"" and the tag of ""fastest man with no legs."" After winning a legal battle to let him race against able-bodied athletes, the 25-year-old has become one of the most recognizable and popular figures in the world of sport thanks to his inspiring performances on the track. Pistorius certainly is fast, holding the world records in his T44 disability category from 100 to 400 meters, and he has won four Paralympic gold medals. His times enable him to compete internationally against able-bodied runners, and he reached the 400m semifinals at the 2011 world championships in Daegu. He also helped South Africa to the final of the 4x400m relay but was controversially omitted for the medal race. His teammates took silver and -- because he ran in the earlier rounds -- Pistorius was awarded a medal, becoming the first disabled athlete to achieve that feat at a global championships. Early years . Pistorius came from what he describes as a ""sports-crazy family, pretty much obsessed with sport"" and did not allow his disability to restrict his activities. At school in Gauteng Province, he was a keen rugby player and also competed in a wide range of sports from water polo to tennis and even triathlons. A knee injury curtailed his rugby career and he turned to track and field in 2003, quickly discovering a real talent for sprinting. Just a year later and still only 17, Pistorius won gold over 200m at the 2004 Athens Paralympics in a world record and also took bronze in the 100m, beating athletes with lesser disabilities. Using the Cheetah Flex-Foot carbon-fiber limbs, specially adapted by Icelandic company Ossur, it was the start of his journey to global stardom. Legal affairs . Pistorius began to compete in able-bodied competitions, at first in South Africa, but then abroad. ""I was starting to run times which allowed me to compete internationally on the able-bodied circuit,"" he said. But as he got quicker, it brought Pistorius into dispute with the IAAF, the world governing body of athletics, which ruled his artificial limbs gave him an unfair advantage and barred him from the circuit. Employing a top legal team, Pistorius took his case to the Court of Arbitration in Sport, which overturned the ban in 2008. However, he did not reach the Olympic qualifying standards for Beijing, where he took part in the Paralympics. ""Since it was proved my prosthetic legs give me no advantage, I have developed a very good relationship with the IAAF,"" he said. Training regime . Pistorius' success is not only down to his talent, it owes much to a grueling training regime under coach Ampie Louw. Getting up at 5 a.m. at their base in Pretoria, Pistorius puts in up to three and a half hours each day, on occasion more, in preparation for a major championship. He also has a strictly-controlled diet with lots of fruit and vegetables, plus plenty of fish and protein to aid recovery. Pistorius reports ""no injuries"" coming into the all important year of 2012. Sporting heroes . Pistorius has been an inspirational figure around the world with his exploits, while his own sporting heroes both come from track and field: Britain's former 110m world record-holder Colin Jackson and Namibian sprinter Frankie Fredericks. Jackson has become a ""great friend and mentor"" for Pistorius, who has made many trips to the UK in recent years. ""Frankie Fredericks has always been my icon, and someone who has achieved as much as he has is special,"" he said of the former world champion and four-time Olympic silver medalist. 2012 ambitions . Pistorius aims to run at both the 2012 London Olympics and the subsequent Paralympics in the British capital. He is targeting four gold medals in the Paralympics, repeating his Beijing triple in the 100, 200 and 400m, and hopefully earning success in the South African 4x100m relay team. And in the Olympic Games? ""To try to repeat my achievement in Daegu to reach the semifinals of the individual 400m."" Having already achieved the qualifying standard with a time of 45.20 seconds in Gauteng earlier this year, Pistorius is well on the way to achieving selection and will also be pressing for a place again in the South Africa's 4x400m relay squad. Sporting philosophy . Pistorius sets himself high standards, retaining values that were instilled in him from an early age: ""My family always said if you start something, you finish it."" With so much already achieved it is easy to forget he has many years of competition potentially ahead of him, but when Pistorius does eventually retire he wants to have left nothing on the track. ""To look back and know every season I did my best. That I gave it my best with no regrets."""
12ba651f8a47f1a0aca0d22de3f0497ad7d73e1a,US,{'US': 1},"(CNN) -- Former ""Gunsmoke"" actor James Arness, who played Marshal Matt Dillon in the western TV series for 20 years, died Friday from natural causes, according to his website. He was 88. Over the two decades of ""Gunsmoke"" episodes from 1955 to 1975, Arness worked with hundreds of actors, some of them just up-and-comers such as Harrison Ford, Burt Reynolds and Charles Bronson. He also worked with Bette Davis. Arness left behind a letter to his fans, which was posted on his website after his death: . ""I had a wonderful life and was blessed with some many loving people and great friends. The best part of my life was my family, especially my wife, Janet. Many of you met her at Dodge City so you understand what a special person she is,"" Arness wrote. ""I wanted to take this time to thank all of you for the many years of being a fan of 'Gunsmoke,' 'The Thing,' 'How the West Was Won' and all the other fun projects I was lucky enough to have been allowed to be a part of. I had the privilege of working with so many great actors over the years. EW: Why Arness was greatest TV Western lawman . ""I was honored to have served in the army for my country. I was at Anzio during WWII and it makes you realize how very precious life is,"" Arness wrote. ""Thank you again for all the many letters, cards, emails and gifts we received from you over the years. You are and always have been truly appreciated,"" he concluded. Born in Minneapolis, Minnesota, on May 26, 1923, Arness later served in the Army and was sent in 1944 to Anzio, the Italian beach that the Army said was the setting for the largest and most violent armed conflict in the history of mankind. Arness was wounded in his right leg and received the Purple Heart. According to an Army website, during the four months of the Anzio Campaign, the Allied VI Corps experienced more than over 29,200 combat casualties (4,400 killed, 18,000 wounded, and 6,800 prisoners or missing) and 37,000 noncombat casualties. German combat losses were estimated at 27,500 (5,500 killed, 17,500 wounded, and 4,500 prisoners or missing), according to the Army. Arness' acting debut was in a movie called ""The Farmer's Daughter"" opposite Loretta Young. He worked for John Wayne's film production company Batjac and made movies with Wayne including ""Islands in the Sky,"" ""Hondo,"" ""The Sea Chase"" and ""Big Jim McLain."" Arness also acted in the 1951 sci-fi classic ""The Thing,"" and his 6-foot-7 height made the creature more believable, according to his website. After ""Gunsmoke,"" Arness continued acting in television in the mini-series ""How the West Was Won"" in 1978-79 and ""McLain's Law"" in 1981-82. In addition to his wife, Arness is survived by two sons and six grandchildren. The services will be private."
4b9dd67c6410eba6a2cb434478a93eed7103d5f5,AF,"{'AF': 6, 'ES': 1}","(CNN) -- Two Spanish soldiers were among at least six coalition troops killed over the weekend in bombings and attacks around Afghanistan, according to military officials. One member of the International Security Assistance Force, the NATO-led coalition that is fighting al Qaeda, Taliban and other insurgent forces in the embattled southwest Asian nation, was killed Saturday in an attack in southern Afghanistan. The Spanish troops were conducting a reconnaissance patrol in northern Afghanistan, about 20 kilometers (12 miles) north of Qala-i-Naw, when their armored vehicle hit an improvised explosive device, according to a news release from Spain's defense ministry. Sgt. Manuel Argudin Perrino and soldier Niryeth Pineda Marin were killed in the blast. Three other troops were flown by helicopter to a nearby hospital for treatment. Ruben Velazquez suffered various contusions, Jhony Alirio Herrera Trejos had a broken leg and probable broken arm, and Roi Villa Souto a fractured leg. The International Security Assistance Force also announced that one of its members died during an insurgent attack Sunday in eastern Afghanistan. Two service members were killed in southern Afghanistan -- one by an improvised explosive and the other in an insurgent attack. The coalition announced the developments in news releases without additional information, including the victims' nationalities or the circumstances of their deaths. About 271 coalition troops -- most of them from the United States -- have died this year in Afghanistan, with 2,542 killed since the military operation began nearly 10 years ago."
3ac478e9413c70e12f1ab4b5c7f22ca36c0c6bb4,,{},"(CNN) -- The hard-nosed stance taken by Mayor Rahm Emanuel in the Chicago teachers' strike dovetails with the education goals of his former boss, President Barack Obama, but observers disagreed Monday over how well it serves the city's schoolchildren. Critics such as Fordham University professor Mark Naison say Emanuel is slavishly following the Obama administration's educational policies to the detriment of children and teachers. ""It makes teachers look at students as their adversaries,"" said Naison, who works with public school teachers as part of the Bronx African American History Project and is a professor of African American Studies and History at the university. ""It makes teachers hate their jobs and it makes students not want to go to schools, because all you do is study for bubble tests,"" he said, referring to computer-scored standardized tests. But the mayor's supporters see teachers desperately trying to hold on to their jobs amid a challenging environment that mixes rising calls for accountability with falling budgets. ""The only negative consequence, if you think about it as negative, is that some people are going to lose their jobs. And maybe rightly so,"" said Juan Rangel, CEO of United Neighborhood Organization, a nonprofit that manages 13 largely Latino charter schools in Chicago. Chicago's 30,000 school teachers were in the second day of a strike Tuesday after 10 months of negotiations failed to reach a deal. Emanuel came out swinging in his fight with the union -- typically a reliable part of the Democratic base -- saying Monday that educators had opted for what he called an unnecessary strike that could endanger the futures of 350,000 children. The former Obama chief of staff backs Chicago Public Schools administrators who want to evaluate teachers in large part based on student performance on standardized tests and maintain the authority of local principals to hire anyone they choose for job openings. The question of changing how teachers are evaluated -- for the first time in decades in Chicago, according to Emanuel -- has emerged as the central issue of the strike. And Emanuel's position is straight out of the Obama's administration playbook, said Naison, who is critical of the mayor's stance. ""Rahm Emanuel is very faithfully following the strategy for urban school systems outlined in the Obama administration's signature education policy, which is his race-to-the-top initiative,"" he said. Key issues behind the strike . The idea is that by rating teachers on student test scores and closing failing schools, bad teachers will be weeded out and students will get a better education, he said. The Obama initiative attempts to apply a business model to public education, according to Naison. ""They're trying to see if by putting pressure on teachers to raise student test scores, they can reduce the performance gap between schools in poor neighborhoods and schools in more affluent neighborhoods,"" he said. But the results have brought unintended consequences that may be worse than the putative reforms, Naison said. Schools in danger of closing have cut recess, gym, arts and music, he said, and the atmosphere at many schools has been poisoned. ""Basically, all kids do is study for the test all day, which is the only way you have any chance of teachers keeping their jobs and administrators keeping schools open,"" Naison said. ""What the Chicago teachers have done is say enough is enough,"" he said. Voices of the Chicago Public Schools strike . Rangel, the United Neighborhood Organization CEO, said Emanuel has ""done an outstanding job in putting forth a reform agenda for education. ""When you have change, it's going to inconvenience people,"" he said. Rangel, whose organization manages the UNO Charter School Network, dismissed Naison's criticism that schools end up doing little but ""teaching to the test."" ""The reality is this,"" he said. ""At some point, we have to be able to assess the progress of children, and we do that through testing."" Those opposed to the plan ""just don't want to be held accountable to standards,"" he said. ""The only negative consequence, if you think about it as negative, is that some people are going to lose their jobs. And maybe rightly so."" The conflict underscores the Democratic Party's new openness to changes, such as charter schools and teacher accountability, that labor historically has not supported, said Timothy Knowles, director of the University of Chicago's Urban Education Institute. ""You've got three factors -- labor, new Democrats, and you've got no money -- and that, it turns out, is combustible."" Naison said the policies favored by Obama and Emanuel have gained traction among Democrats because they appear to be a low-risk way to bring in campaign donations from the corporate world. Romney, Obama spar over strike . ""It makes perfect sense that Emanuel pushes this, because this policy makes money for the Democratic Party,"" he said. ""The big funders love it. Teachers hate it, but teachers don't have anywhere else to go, right? They're not going to go Republican."" ""So, if you look at this fairly cynically, you can beat on teachers without undermining the Democratic Party base that much and bring in much-needed financing from the corporate sector. Emanuel is at the forefront of both,"" he said. He called teachers ""collateral damage to the Democratic Party's fundraising strategy."" Still, Naison accused Emanuel of hubris for thinking he could impose his plan on teachers. ""When the teachers balked, I'm sure he figured, 'I'm an incredibly popular mayor; teachers are pretty unpopular now; they'll cave.' Well guess what? They didn't."" Emanuel also has faced criticism that he is stretched too thin. He recently stepped down as a co-chair of Obama's re-election campaign to take on a key role raising money for the campaign through the Priorities USA Action super PAC. Rangel said the criticisms are off the mark. ""He certainly knows how to multitask,"" Rangel said. ""I think he can do this -- and more."" In a statement, Emanuel spokesman Thomas C. Bowen implied -- but did not state explicitly -- that his boss was shifting away from his role as a fundraiser for the Democratic super PAC Priorities USA Action. ""The Mayor's first priority is the residents of the City of Chicago,"" Bowen said in the statement. ""He is committed to reelecting the President, but he must focus on his job as Mayor right now."" Emanuel himself addressed the issue Monday. ""Don't worry about the test of my leadership; that gets tested every day,"" he told reporters in Chicago. ""The only test that matters to me is the test these kids take on whether, when you've got a kid going into first grade, do they know the letters? By third grade, can they read? By fourth grade, can they do the basic math? That's the test that matters here."" The battle is being watched closely around the country, Knowles said. ""Mayors want to know if a hard-charging, reform-oriented stance toward labor will prevail,"" he said. ""And, likewise, labor wants to know whether a dig-in-our-heels-and-fight-and-be-willing-to-go-to-the-streets-and-take-job action will prevail."" Teachers: Why do you teach?"
32b29365518df1c7916f75b59e03af95fba59ecb,US,"{'US': 1, 'HN': 1}","(CNN) -- Police have made an arrest in the home invasion slaying last year of a Southern California couple in their beach house, authorities said Monday. Joshua Graham Packer, 20, of Ventura is facing charges including three counts of murder and two counts of robbery, Capt. Ross Bonfiglio of the Ventura County Sheriff's Department said. Packer is accused of murdering Brock Husted, his wife, Davina Husted, and her fetus. The Husteds, who were both 42, were stabbed to death in their seaside home in Faria Beach, California, on May 20. Chief Gary Pentis of the Ventura County Sheriff's Department said it appeared the suspect targeted the victims. ""My personal opinion? This was not a random act,"" Pentis said at a news conference Monday. Until the couple's slaying, the gated community of luxury homes had not recorded a homicide in 15 years, police said. According to investigators, the Husteds were home with their two young children on the night of the slaying. Their daughter was asleep in bed, and their son was watching ""American Idol"" in the living room. About 10:30 p.m., the suspect entered the home through French doors that face the ocean, police said. The killer was dressed in dark clothing and wore a motorcycle helmet, authorities said. He walked past the child who was watching television and stabbed the Husteds. Davina Husted was four months pregnant. The home was not ransacked, and the alleged murder weapon was left at the scene, Bonfiglio said. A sample of Packer's DNA taken after an arrest in Santa Barbara matched the genetic material found at the Husted crime scene, said Pentis the sheriff's department chief. He added that items from the victims' house were found at the suspect's home. Scott Husted, the brother of Brock Husted, thanked the sheriff's department for solving the killings. ""This is a milestone, a very huge milestone in this process,"" he said. ""We're very grateful for the work the Ventura County sheriff's department has put in this case."" ""This in no way takes away the loss our family has had. Brock was our baby brother."" Packer is being held on $2.2 million bail at the Ventura County Main Jail."
2bc209ecae950e254ac90464d2c39fab9d710f73,US,{'US': 4},"(CNN) -- According to a new report from the Centers for Disease Control and Prevention, prescription drug overdose deaths in Florida are up a staggering 265% since 2003. But it's not just the deaths that have Florida officials worried; it's the births. ""We saw the number of crack babies that died, and this is just another version of that,"" Broward County Sheriff Al Lamberti said. ""We all need to be concerned."" According to state health records, nearly 1,400 Florida babies were born suffering from drug withdrawal syndrome in 2010, a fourfold increase since 2003. The state does not track the specific drug the babies are hooked on, but south Florida doctors and neonatal nurses believe the increase is due to a sharp increase in pregnant women addicted to prescription drugs. ""They go through withdrawal symptoms,"" said Mary Osuch, the head nurse at Broward General Medical Center's neonatal intensive care unit. ""They're crampy, miserable. They sweat. They can have rapid breathing. Sometimes, they can even have seizures."" According to the White House Office on Drug Control Policy, prescription drug abuse is the nation's fastest-growing drug problem. Marsha Currant, who runs the Susan B. Anthony Recovery Center near Fort Lauderdale, says prescription drug addiction overtook crack in 2009 as the main problem afflicting the pregnant women who are treated there. ""In the very beginning, it was really 100% crack cocaine,"" said Currant, who started keeping track of drug trends in 1995. ""We see a lot more prescription drugs now."" Currant says new mothers who are hooked on prescription drugs are often reluctant to seek help for fear the authorities will take their babies from them. ""We wanted to have a place where women didn't have to chose between getting treatment and having their children go into foster care,"" she said. Compounding the problem, women who are addicted to prescription drugs and find themselves pregnant cannot safely go off the drugs without medical supervision. They need to be weaned off slowly, or the baby will go into withdrawal in the womb. At the Susan B. Anthony Center, one mother who became hooked on prescription drugs after her husband died says she felt her baby suffering while she was getting clean. ""I know that I'm going through stuff getting off the pills. So what's she going through? She can't talk. She's just a baby,"" Jessica said. Thanks to the center, Jessica was weaned off oxycodone before her baby, Casey, was born. But she fears the long-term effects of her drug abuse on her daughter, who has been suffering from respiratory problems. ""I want to make sure that she doesn't hurt anymore,"" Jessica said. ""She doesn't deserve that, because she's a princess."" Jessica graduated from the center's recovery program last week."
38104636b3b19e552a39a0e8f7769ce7efaad154,GB,{'GB': 6},"(CNN) -- Police in London are lining up a huge police operation for the Notting Hill Carnival in the wake of the rioting and looting that hit the city earlier this month. More than a million people are expected to head to west London over the course of the colorful two-day event, which features music, parades, dancing and stalls serving up Caribbean favorites like jerk chicken and rice and peas. Some 5,500 officers will be on duty at the carnival on Sunday and 6,500 on Monday -- a public holiday in Britain -- with 4,000 additional officers deployed elsewhere across the city on top of usual police numbers, London's Metropolitan Police, or Met, said. Commander Steve Rodhouse said creating a safe environment at the carnival is ""a top priority"" for the police force. Speaking to the press earlier this week, he said police had intelligence to suggest that some gangs intended to cause trouble at the event. ""I want to say to those who want to come to corrupt this magnificent event: You are not welcome,"" he said. ""Please do not come. The Met will do everything in its power to make it as hard as possible for you."" Officers will carry out checks for weapons as people enter the area, he said in a prepared statement. Forty-three people have already been arrested as part of the Met's annual Operation Razorback, which aims to deter suspected troublemakers from committing crime at the carnival. Organizers say the carnival will finish at 7 p.m. on Sunday and Monday -- an earlier time than usual -- in a bid to keep trouble from breaking out. The event started four decades ago as a local festival set up by the West Indian community of the Notting Hill area. Now, it involves a huge costumed parade, live bands, more than 40 static music stations and hundreds of food stands. There had been speculation the carnival, which its organizers say is Europe's biggest street festival, might be canceled after the disorder that hit the capital's streets three weeks ago. Tens of millions of dollars of damage was caused to shops and business in the violent disorder, with the west London borough of Ealing, north London's Tottenham area and Croydon to the south of the city among the worst affected. As of Thursday, there had been 2,006 arrests for a variety of offenses connected with the unrest, with 1,135 people charged so far, the Metropolitan Police said. Some 950 people have already appeared in court and 42 have been jailed. Officers investigating the unrest have about 20,000 hours of security camera footage to watch and are working on more than 1,200 crime scenes, the police said."
3deec7f7db7e8576a6b927327c15825b93e7b864,JP,"{'US': 1, 'JP': 6}","Washington (CNN) -- U.S. regulators are directing 31 nuclear reactors similar in design to the Fukushima Daiichi plant in Japan, where an earthquake and tsunami caused a meltdown two years ago, to take additional steps to help contain radiation and other damage from any accident that is not quickly halted. The Nuclear Regulatory Commission directive on Thursday requires enhancements to systems for venting accumulated pressure from containment structures during an emergency. Vents must also be able to safely handle rising temperatures, hydrogen concentrations and radiation levels. The changes also aim to ensure that plant personnel can continue to operate vents safely if a reactor core melts down, the agency said. Plants in the United States were ordered last year by the NRC to take other steps to upgrade their ""hardened"" venting systems after the 2011 disaster in Japan that crippled three reactors and released radiation into the atmosphere. It was the worst nuclear accident since Chernobyl in 1986. ""Strengthened vents will help these plants continue to protect the public and the environment even if emergency systems can't immediately stop an accident,"" NRC Chairman Allison Macfarlane said in a statement. ""By safely releasing built-up pressure and hydrogen, the plants will preserve the buildings that contain radioactive material,"" she said. U.S. plants covered under the directive are older, boiling-water reactors mainly similar in design to the Fukushima facility. During the meltdown in Japan, containment pressure exceeded twice the design limit, and there was no power or air to vent systems, according to an overview of the disaster by the Institute of Nuclear Power Operators. The goal for completing venting improvements in the United States is 2014, depending on refueling schedules. Additional steps would take longer, if deemed necessary. The directive covers scenarios for structures meant to condense steam generated during an accident and control pressure and for the larger structures that surround the reactor. The NRC also plans to develop a rule to improve the filtering of radioactive material from any vented gases and to improve procedures for preserving the integrity of containment systems. An industry group said the new order is in line with its assessment of the ""most effective means"" to address venting. ""Venting to protect containment integrity and to mitigate the impact of a serious event is among the long-established training responses that are part of these facilities' severe accident mitigation guidelines,"" according to a statement from the Nuclear Energy Institute, a trade group for the industry. The organization said the timetable is achievable but it did not provide a cost estimate. Plant operators may have to spend nearly $3.6 billion over the next three to five years on modifications to the nation's 102 nuclear facilities in response to the Fukushima accident, according to a Platts survey released on Thursday. This includes costs for government mandates to handle threats from flooding and earthquakes as well as related engineering studies, Platts, an energy industry information service, said."
56d591086b5ef5e85f67ba1e7d274074d8e4329a,AR,"{'TR': 1, 'TH': 1, 'JP': 1, 'IN': 1, 'NL': 2, 'AR': 3}","(CNNGo) -- What? A best-markets-of-the-world lineup without Marrakesh, Istanbul's Grand Bazaar and Cairo's Khan el-Khalili in the mix? But you already know about those, and anyway we just mentioned them. If you're still searching for that elusive knockoff, that priceless $20 trinket, that vintage earthenware goblet -- above all, that authentic bazaar experience -- you can bet your top and bottom dollar you'll score big at one of the following, one-of-a-kind markets around the world. 1. FLEA . Rose Bowl Flea Market: Los Angeles . Every second Sunday of the month, 2,500 vendors and 20,000 hagglers gather outside Pasadena's storied Rose Bowl to barter over Eames chairs, Richard Pryor memorabilia, antique dental tools, art deco glassware and that autographed Aerosmith bootleg you've been hunting for. Never mind Hollywood or Venice Beach, here's the definitive L.A. Experience. A tradition since 1969. Best buys: Locals flock here for anti-IKEA home furnishing deals they can stuff into a friend's borrowed pickup. Travelers come for vintage clothing and accessories, cheap 502 Levi's owned by former B-list celebrities and the best people-watching in Southern California. Know B4 u go: Regular admission, starting at 9 a.m., costs $8, but you can pay more to get in earlier, starting from 5 a.m. Rose Bowl Flea Market: 1001 Rose Bowl Drive, Pasadena, +1 323 560 7469; www.rgcshows.com . Also on CNNGo: Quirkiest Souvenirs . 2. FLOATING . Tha Kha Floating Market: Ratchaburi, Thailand . Every beige-pants-wearing Southeast Asian traveler and their posse of touts flock to the far better known Damnoen Saduak Floating Market. A more authentic option: hiding out with your Canon at this far less touristed aqua-bazaar just ten kilometers away -- where the same colorful chaos of flat boats captained by tough-as-nails Thai women awaits, with rather fewer Rough Guide-reading riffraff. Best buys: Go ahead and score that ripe mangosteen or choice bunch of Malacca grapes. The prime takeaway experience is a hired boat ride along the canals -- and an overnight in one of several homestays in the area. Know B4 u go: Consult the heavens before you arrive. The market is only open six days a month (6 a.m.-noon) in accordance with the Thai lunar calendar. 10 kilometers from Damnoen Saduak market, your best bet is to hire a taxi. Open 6 a.m.-noon weekends only. Also on CNNGo: Most sinful cities in Asia . 3. FISH . Tsukiji Central Fish Market: Tokyo . ""Lost in Translation"" is an I-Can-Read book compared to the incomprehensible scene inside Japan's biggest seafood market -- a 1,200-stall, hangar-style building on Tokyo Bay packed to the gills with frenzied fishmongers and wholesalers bartering over 2,000-plus tons of marine meat every day. Can a single ocean actually support this place? Best buys: If you're a local buyer, choose from more than 450 kinds of seafood. Visitors can feast their eyes on these proceedings (after 9 a.m. when tourists are permitted inside the ""inner"" market) and then sample the goods in the ""outer"" market's lineup of top sushi bars. Know B4 u go: The early-morning tuna auction is legendary, and currently restricted to 140 first-come-first-served spectators per day -- who line up at the market's main info center by 5 a.m. Above Tsukiji Shijo Station on the Oedo Subway Line, or a five-minute walk from Tsukiji Station on the Hibiya Subway Line. The closest rail station is Shimbashi, about 15 minutes' walk from the market. www.tsukiji-market.or.jp . Also on CNNGo: Insider's guide to Tsukiji fish market . 4. FRENZIED . Chandni Chowk: Delhi . It's saying something when a shopping district is routinely called ""incomparable"" even by Indian standards. The swarm of spice sellers, masala merchants, paneer pushers, Vishnu figurine hawkers and every other imaginable purveyor and shopkeeper buried in the rickshaw and oxcart traffic of Old Delhi's timeless commercial artery, Chandni Chowk, erases all doubt that roads like New York's Canal Streetor L.A.'s Santee Alley are relatively young and tame. Best buys: Pick your specialized alley for clothes, fabrics, jewelry, leather goods or electronics and let the haggling begin. The real headliner here is Delhi street food -- beginning (and ending) with a deep-fried jalebi at the institutional Old and Famous Jalebi Wala on Dariba Kalan Road. Know B4 u go: Duck into the adjacent Red Fort (a palatial-style stronghold and UNESCO World Heritage Site) or the Jama Masjid (India's largest mosque) to decompress and view two of the subcontinent's most outstanding architectural achievements. Any rickshaw wallah in the city will take you to Chandni Chowk in north New Delhi for less than $5. Also on CNNGo: 50 reasons why Tokyo is the greatest city . 5. FLOWER . Aalsmeer Flower Auction: Aalsmeer, The Netherlands . The most only-in-Holland-experience that doesn't involve a ""coffeeshop"" takes place 16 miles southwest of Amsterdam in the small lakeside town of Aalsmeer -- home of the world's largest flower auction. About 20 million flowers and more than 13,000 varieties are bartered off in a visitor-friendly warehouse that's reckoned -- at 990,000 square meters -- to be the third largest in the world. Best buys: If you're shopping for a cheap spring bouquet, stick with Amsterdam's Bloemenmarkt. Aalsmeer's more of a spectator sport where visitors can watch pros bid on football field-size quantities of tulips, gardenias, roses, lilies and gerber daisies before ending up in the site's souvenir shop for floriculture tchotchkes. Know B4 u go: Get here early. Technically the auction runs until 11 a.m., but the flower bidding wars hit their stride at around 7 a.m. Take bus 172 from outside Centraal Station, near the Victoria Hotel, which stops right outside the auction warehouse. www.floraholland.com/en/AboutFloraHolland . Also on CNNGo: 15 unusual places to spend a night . 6. FESTIVE . San Pedro Telmo Antiques Fair: Buenos Aires . Officially, this Sunday proceeding -- about 270 stalls and 10,000 pedestrians -- held in the main plaza of historic San Telmo is billed as an antiques fair. Fair enough. But it's a Buenos Aires-styled antiques fair -- replete with carnivalesque street performers, musicians and impromptu tango performances. Best buys: Old gaucho bolos and bridles, classic tango art and recordings and other Argentine gems you won't find elsewhere are for sale in Plaza Dorrego and along the Crafts Walk on Calle Defensa. Know B4 u go: After the vendors start packing up at around 4 p.m., stick around for the outdoor Milonga, the city's best free, Sunday evening open-air tango dance party. Dorrego Square, Defensa and Humberto, 1 Buenos Aires; every Sunday from 10 a.m.-5 p.m. Also on CNNGo: 10 islands for every type of traveler . 7. FREAKISH . Sonora Witchcraft Market: Mexico City . These three had been dying to come to this market for years. You can only browse through so many buckets of chilies, cactus paddles and piñata stalls at Mercado de la Merced, Mexico City's top farmers' market, before it's time for a jolt of the occult at the neighboring Mercado de Sonora -- a maze of ritualistic, remedy-filled booths that's collectively been called ""the Walmart of the witch world."" Best buys: It all depends on what you're trying to attract or repel by spiritual means. The range of healing herbs, love potions, Santería charms, voodoo dolls, tarot-reading luminaries, unorthodox dandruff cures and dried critters is staggering. Know B4 u go: Mercado Sonora is held in sacred regard by a loyal local following. While browsing for snake blood, be respectful with your comments and camera. Avenida Fray Servando Teresa, Venustiano Carranza, Mexico City. Also on CNNGo: Worlds coolest nationalities . © 2011 Cable News Network Turner Broadcasting System, Inc.  All Rights Reserved ."
4c9b8420b4581428513e9404e09db12d98279f90,US,{'US': 5},"(CNN) -- A celebrity gossip Web site has caught Maria Shriver a third time apparently violating California's law against using a cell phone while driving. California Gov. Arnold Schwarzenegger says ""swift action"" will be taken on wife Maria Shriver's driving ""violations."" Web site TMZ posted a 17-second video Tuesday showing the California first lady apparently speaking into a cell phone while turning a corner in Brentwood in a black SUV. She puts the phone down part way through the video, but it's not clear whether she did so because she had finished her conversation or because she noticed cameras following her. The site also photographed Shriver allegedly chatting while driving on Sunday and on June 12. Shriver's husband, California Gov. Arnold Schwarzenegger, last year supported and signed into law a ban on using handheld communication devices while driving. Enforcement of the ban began July 1, 2008; it carries a $20 fine for a first violation; $50 for each subsequent offense. A similar law banning texting while driving took effect January 1 this year. Watch Shriver driving while on her cell phone . By the end of September, the California Highway Patrol had issued tickets for about 150,000 cell phone infractions, said Chris Cochran, spokesman for the California Office of Traffic Safety. No one keeps track of infractions cited by county and local departments, he said.  See where laws limit cell phone use in cars » . Shriver has not been cited. In Los Angeles County, where Brentwood is, the Superior Court has set the cost at about $93 for the first ticket and $201 for the next one, meaning Shriver would owe at least $300 in fines and court fees had she been caught by police, CNN affiliate KTLA-TV reported. On Tuesday, Schwarzenegger sent a Twitter message to TMZ editor Harvey Levin: ""Thanks for bringing her violations to my attention. There's going to be swift action."" What that action might entail was not specified. Shriver on Wednesday issued an apology: . ""I'm sorry,"" she said in a statement. ""I will be donating my favorite old cell phone to my Women's Conference partner Verizon through their HopeLine program that helps domestic violence shelters. I invite anyone else who wants to recycle their old phone to join me. That's my version of swift action with a higher purpose."" The traffic office referred questions about Shriver to the governor's office, which declined to comment. ""We don't really think that hand-held bans have a whole lot of impact,"" said Jonathan Adkins, spokesman for the Governors Highway Safety Association in Washington. The association urges drivers not to use phones, including hands-free devices, while driving, but does not support laws banning them, he said. The attention to Shriver ""alludes to a bigger problem, and that's the fact that everybody does it,"" Adkins said. ""Not only are public officials doing it, but we have to educate the highway safety community. ... Cops frequently are on their cell phones when they drive. ""The Shriver case really underscores the scope of the problem. We have a lot of educating to do."" Shriver's most recent alleged violations come on the heels of AAA Northern California's ""Heads Up Driving Week,"" during which the auto club urged motorists to get in the habit of driving without distractions such as cell phones, fast food and tuning the stereo. ""We hope that by driving distraction-free for a week, people can pick up the habit for life,"" AAA spokesman Matt Skryja said in a news release. Seven states and the District of Columbia ban all handheld cell phone use by drivers. Several other states allow localities to set their own limits on cell phone use."
8dce768f47ccc9ab198a2952a57a7b9fd784114a,US,{'US': 2},"Editor's note: Gloria Borger is a senior political analyst for CNN, appearing regularly on CNN's ""The Situation Room,"" ""Campbell Brown: No Bias, No Bull,"" ""AC360°"" and ""State of the Union With John King"" as well as special event coverage. Critics of Sonia Sotomayor point to her 2001 remarks that a Latina woman might judge better than a white male. WASHINGTON (CNN) -- Even before President Obama chose Sonia Sotomayor for the Supreme Court, he let it be known that he was looking for a justice with, among other things, something called ""empathy."" By that, he said, he meant someone who understands ""ordinary Americans so that everybody is heard."" And that quality, we can infer, comes largely from life experience and background. Ipso facto, Sotomayor's up-by-the-bootstraps life story could well make her a more empathetic justice. It's a notion that clearly horrifies conservatives. ""It opens a grand debate of the president's own making,"" Manuel Miranda, chairman of the Third Branch Conference, told me. For conservative purists, empathy is all about feelings, which have no place in the law. It's also about experiences -- even ethnicity -- which should also have no place in the law. As a defiant Justice Antonin Scalia said in 2007, ""Just as there is no 'Catholic' way to cook a hamburger, I am hard-pressed to tell you of a single opinion of mine that would have come out differently if I were not Catholic."" And I'm sure he's telling the truth. But there's more to it than that. ""If empathy means you understand what other people are thinking,"" says one senior White House adviser, ""... you would think you would want a judge with empathy."" That's also true. So here are the questions: Can a justice have empathy and still rule dispassionately on the law? Or does empathy so control -- and even corrode -- our nature that it affects every intellectual argument? Or, conversely, would judicial decisions actually benefit from a dose of empathy? The wrap against Sotomayor on the empathy front is that she's over-the-top. The alleged proof is a statement she made at a symposium in 2001 arguing that a ""wise Latina woman with the richness of her experiences would more often than not reach a better conclusion than a white male who has lived that life."" It was silly, to be sure, and more than a tad self-serving. And when she was asked about it by the White House team, according to a senior adviser, she explained her answer by saying that ""her life experiences"" affect ""how she sees facts that come before her as a judge."" Not to mention the fact that she also pointed out that the landmark civil rights decision Brown v. Board of Education was made by an all-white, all-male court. No one can pretend that using the word ""better"" to describe the Latina woman's legal conclusions was a good idea; it wasn't. But how can anyone argue with the notion that who we are affects -- in one way or another -- how we view things? And on a collegial, multi-member court, isn't that diversity of experience a good thing? Just ask conservative Justice Samuel Alito. When testifying at his own confirmation hearings, he was all about empathy. ""When a case comes before me involving, let's say, someone who is an immigrant ... I can't help but think of my own ancestors, because it wasn't that long ago when they were in that position."" Conservatives found no objection when Alito described his own brand of empathy. And ask the more liberal Justice Ruth Bader Ginsburg, who recently told USA Today of her concerns about the male-ness of the court during a recent case involving a 13-year-old girl who had been strip-searched in an Arizona school when officials were looking for drugs. ""They have never been a 13-year-old girl,"" she said. ""It's a very sensitive age for a girl. I don't think that my colleagues, some of them, quite understood."" And then there's this: Can anyone point to a pattern in Sotomayor's opinions that are based more on ""empathy"" than the law? Of course not. And that's precisely the point: Unless Sotomayor's opponents can succeed in using her judicial record to portray her as a passionate, wild-eyed judge who depends more on emotion more than legal precedent, they're in for a tough time. If they think empathy is a dirty word, they'll have to convince the American public. The opinions expressed in this commentary are solely those of Gloria Borger."
ee7d4a4e6bce7289c24318fd3644531ebb2491b3,US,{'US': 2},"(CNN) -- Cold weather has delayed spring in Washington, but we can detect a clear warming trend in our politics. To be sure, the distance between the Obama administration and congressional Republicans remains vast, executive and judicial nominations remain blocked by an unprecedented number of filibusters and major legislative accomplishments are still months away. But the ice of gridlock is starting to thaw. Evidence of a healthier, more normal politics is beginning to reappear, centered in the Senate, our political institution that has declined the longest and the furthest. Congress has been in session only a few weeks, but the Senate has already passed its first budget in four years, after finding compromises to avoid the fiscal cliff and the ""nuclear option."" Across the range of tough issues, serious legislative work is moving forward, usually on a bipartisan basis. Eight senators, led by Democrat Chuck Schumer and Republicans John McCain, Lindsey Graham and Marco Rubio, have made significant progress toward an agreement on immigration. The Judiciary Committee has reported the first major gun control legislation since 1994, though its fate is far from certain. Democrat Carl Levin, joined by McCain, released a devastating report on the abusive trading practices of JPMorgan Chase. Freshman Democrats Elizabeth Warren and Sherrod Brown have expressed similar views as have Republicans Bob Corker and Chuck Grassley on the dangers of ''too big to fail"" banks. Democrat Max Baucus, Senate Finance Committee chairman, and Republican Dave Camp, House Ways and Means chairman, have accelerated their effort, started two years ago, to enact the first major tax reform legislation since 1986. The atmosphere is palpably better. President Barack Obama's ""charm offensive"" on Capitol Hill won approval from many Republicans. Sen. Pat Roberts of Kansas, who after meeting with the president in 2010, called him ""thin- skinned"" and recommended that he ""take valium,"" praised him generously this time around for the substantive meeting on the budget and related economic issues. Senate Minority Leader Mitch McConnell, who famously declared that defeating Obama was his highest priority, has this year shown much more graciousness, respect and even occasional humor. Two factors are most responsible for the improvement. First, it turns out that elections do have consequences. Obama's decisive re-election, coupled with what amounted to a national landslide won by the Senate Democrats, has forced the Republicans into a period of reassessment and repositioning. Of course, some Republicans still believe that their party lost because its right wing views were did not come through clearly enough. But most Republicans recognize that the party's combination of extremism and obstruction proved to be a losing strategy. They know the Republican brand is in deep trouble. The election results seemed to have convinced at least some of the Senate Republicans that finding areas in which to cooperate with the president is necessary. But the second factor, less understood than the impact of election returns, is just as important. By the end of 2012, for many returning senators and those newly elected, dismay about the Senate has hardened into disgust and determination to change it. Across the political spectrum, senators are fed up with lurching from crisis to crisis, leaders dictating straight party votes, endless filibusters and constant failure to address the nation's problems. Sen. Jeff Sessions, R-Alabama, compared the Senate to ""the Russian Duma ... an endless series of secret conclaves .., with meetings everywhere but in the committee room or the open air of the Senate floor."" Sen. Barbara Mikulski, D-Maryland, took pride in the ""zone of civility"" created by the increasing number of women senators. Sen. Schumer, D-New York, longingly ""looked forward to the good old days when we had major legislation go through committees."" The shorthand for what the overwhelming number of senators want is ""regular order"" -- legislation that results from committee consideration, vigorous debate, the opportunity to offer amendments and hard bargaining to reach principled compromise -- and the Senate is changing as its leaders respond to the members' frustration and anger. Legislating in our diverse, contentious country, with our system of separation of powers, has never been, and will never be, easy. Former Sen. Gary Hart once described the great Senate of the 1970s as ""a kind of controlled madhouse."" The path to major legislative accomplishments is always treacherous and strewn with seemingly insurmountable obstacles. Today, the partisan divide is much deeper and the political culture far more vitriolic than 20 or 30 years ago. Although senators cannot choose the era in which they serve, they can choose the way they approach their work and they can determine the way the Senate functions. It doesn't take much time, or that many people, to change the Senate. Hopefully, day by day, that change is starting to happen. The opinions expressed in this commentary are solely those of Ira Shapiro."
faf4cb5af84e36f9a81f0048ee7534d244ab83bc,,{},"(CNN) -- Sebastian Vettel has at times made his domination of Formula One look effortless, but the triple world champion insists his supremacy is the result of tireless work from his all-conquering Red Bull team. The German has taken the checkered flag at each of the last three grands prix, extending his lead at the top of the drivers' championship to 60 points with just six races of the 2013 season remaining. With a fourth consecutive world title all but in the bag, Vettel has paid tribute to the team which have powered his RB9 car to the front of the grid. ""I have very little information about what others are doing, but I can say that we're one of the hardest working teams and thus deserve to be where we are right now,"" the 26-year-old told F1's official website. ""This is not only a question of quantity -- how many more hours you put in -- but very much about quality."" Vettel's occupation of the podium has led to a backlash from some fans, with the former Toro Rosso driver consistently booed by fans during the season. He was most recently jeered after winning the Singapore Grand Prix. Vettel is unmoved by the negativity, putting it down to fans who are disappointed with him consistently finishing ahead of their favorite drivers. ""I am relaxed about it,"" he said. ""I think the media exaggerate this matter. It is not that hordes of people boo -- it is only a small percentage. ""And isn't it so that every fan has the right to cheer for his own team and show disappointment when the others win? I think those who booed were Ferrari fans who obviously were disappointed that we again finished ahead of them. ""No big deal for us. The thing that matters is to know that we again did everything right -- that you can be satisfied with your performance."" Vettel's nearest rival Fernando Alonso, who drives for Ferrari, hasn't given up hope of clinching his third world championship going into this weekend's Korean Grand Prix. And the Spaniard is urging his team to take heart from Oracle Team USA's incredible comeback recently against Emirates Team New Zealand in sailing's America's Cup. The Americans trailed 8-1 before roaring back to retain the Auld Mug trophy. ""The president (Luca di Montezemolo) and me think anything can happen,"" Alonso told Autosport.com. ""Like the America's Cup, we saw the American team was 1-8 down and they won 9-8. ""We know it would be difficult, but if you have two lucky races, things can change very quickly. But we need a lot of luck; we know that. ""We need to be realistic because we don't have the pace to beat them in normal conditions, so we need luck in all six races. ""If we have luck, everybody can be sure that we will be there to take [advantage]. We will not give up until it's mathematically impossible."""
5b1e32e61e189d65689ef3690fd2ea62d1b54c09,CN,"{'SG': 3, 'RU': 1, 'ID': 2, 'CN': 6, 'US': 4, 'JP': 2, 'MM': 1, 'KP': 1, 'AF': 1}","Singapore (CNN) -- U.S. President Barack Obama, on his first Asia trip since taking office in January, arrived Saturday in Singapore to attend the Asia-Pacific Economic Cooperation Forum. In addition to the meetings with the APEC heads of state, Obama planned to hold three bilateral meetings -- with the leaders of Russia, Indonesia and Singapore. APEC's 21 member nations represent more than half of the world's economic output. The forum sees its goal as ""facilitating economic growth, cooperation, trade and investment in the Asia-Pacific region."" Obama will become the first U.S. president to take part in a summit of the 10-member Association of Southeast Asian Nations (ASEAN) economic alliance. The formal meeting is Sunday. Earlier Saturday, Obama told a packed house at Tokyo's Suntory Hall that all Americans should know that what happens in Asia ""has a direct effect on our lives at home."" The president leaves Sunday for Shanghai, China. The trip, which lasts more than a week, is Obama's first to Asia since taking office in January. In his Tokyo speech, Obama touted himself as America's ""first Pacific president,"" and pledged a renewed engagement with Asia Pacific nations based on ""an enduring and revitalized alliance between the United States and Japan."" He touched on nearly every part of the Asia Pacific region during his speech, and talked about a boyhood visit to Japan with his mother, his birth in Hawaii, a childhood spent partly in Indonesia and the United States' position as a Pacific nation. ""There must be no doubt: as America's first Pacific president, I promise you that this Pacific nation will strengthen and sustain our leadership in this vitally important part of the world,"" he said. He emphasized that the United States was not interested in containing the emerging economic growth in China. Obama also called on Myanmar to make more definitive moves toward democracy, including releasing all political prisoners. He urged North Korea to return to the Six-Party Talks so the reclusive nation can be reintegrated into the world stage and pledged America's support for eliminating nuclear weapons and efforts to reduce the global effects of climate change. In China, Obama will continue efforts to define and strengthen the United States' relationship with the world's largest emerging economy, which has a growing influence in Asia, said Jeffrey Bader, the National Security Council's senior director for East Asian affairs. Bader cited North Korea's nuclear weapons program, the economy, climate change, human rights and Afghanistan as among the top issues for the China swing. On human rights, Bader said Obama is likely to address ""freedom of expression, access to information, freedom of religion, rule of law and, certainly, Tibet."" Obama will make clear to Chinese President Hu Jintao that he intends to meet with the Dalai Lama, the exiled Tibetan spiritual leader, Bader said. China, which rejects Tibetan aspirations for autonomy, opposes such high-level contacts with the Dalai Lama."
b5026aa467b2e9af1531442786652a4025a83021,US,{'US': 1},"(CNN) -- A golfer's bid to raise money for the victims of the Boston bombings was given an unlikely boost when a record-equaling 91 players made the halfway cut at the PGA Tour tournament in South Carolina. James Driscoll is pledging $1,000 for each birdie he makes at the RBC Heritage at Hilton Head, but he was in danger of missing the weekend action. However, a missed putt by Jesper Parnevik meant that a group of 21 players -- including Driscoll -- moved above the cut line and went through to Saturday's third round. ""@JesperParnevik can I buy you a drink or 14 tonight?"" Driscoll wrote on Twitter. Driscoll, who was born in Boston, had a big group of friends at the finish line of the marathon when the explosions went off on Monday but none were hurt. ""I've had tons of players ask if my family is OK and if I knew anybody close by,"" he said on the PGA Tour website. ""The crowds have been good. I can tell they've been pulling for me with what I'm trying to do."" Driscoll carded seven birdies in 36 holes across Thursday and Friday, having set up a pledge site for donations. One of the bombing suspects was killed by police early Friday, while the other was taken into custody in the evening. ""Before the round I was glued to the TV and the news,"" Driscoll said. ""It's crazy when you watch the news, it's like you're watching a movie. It doesn't seem real."" Boston Bruins owner Jeremy Jacobs has pledged to donate $100,000 on behalf of the baseball franchise to the One Fund Boston charity, while the owner of its home venue, the T.D. Garden â€” shared with the city's NBA team the Celtics -- will put in $50,000. The Celtics announced Saturday that the team will seek to raise $200,00 through multiple initiatives. ""I think that's where it gets its reputation as a crazy sports town; people rally so hard around the local teams that it's such a tight-knit community,"" Driscoll said. ""People are quick to support one another and that's what I'm trying to do."" Usually around half of the 140-strong field at a tournament will be cut at the halfway stage, but Parnevik's 18th-hole miss meant that the weekend ranks were swelled to a number not seen since the 1981 Travelers Championship. ""Everybody in the field at +2, put your envelopes in my locker..."" tweeted Parnevik, who was one of 17 players to complete their second rounds on Saturday. Driscoll did not make the third-round cut, which is the top 70 players, having carded one birdie and two double-bogeys in his opening nine holes. He added another birdie to take his pledge total to $9,000 but was left in a tie for 88th after recording a 76. Driscoll was 18 shots behind leader Charley Hoffman, who will take a two-stroke advantage over 2012 U.S. Open champion Webb Simpson into Sunday's final round."
116a6d4e8a65f7c92be15bfec01042bd2d7b60d3,,{},"(CNN) -- Ferrari president Luca di Montezemolo expects the Italian team to improve on their record of just one grand prix win in 2011 when the Formula One season resumes later this month. Montezemolo watched his charges struggle in the opening rounds of this year's championship, with Fernando Alonso's victory at the British Grand Prix in July giving Ferrari their only maximum-points haul of the campaign so far. But the Maranello-based outfit have experienced an upturn in form of late, with two-time world champion Alonso finishing on the podium at each of the last four races -- including a third-place finish at Sunday's Hungarian Grand Prix. Despite recent results Spaniard Alonso, 30, still trails current standings leader and reigning world champion Sebastian Vettel of Red Bull by 89 points and sits fourth in the drivers' championship. Button: ""Red Bull should be worried"" ""I can see the right spirit in the team after a very difficult start to the season,"" Montezemolo, 63, told the team's official web site. ""[Team principal Stefano] Domenicali and his crew seem very determined, concentrating fully on their tasks for the second part of the year which I am sure will feature Ferrari in the role of a key player. ""I expect we will pick up wins to add to the important and historically very significant victory achieved at Silverstone,"" he added. Latest F1 standings after the Hungarian Grand Prix . Formula One is at the start of a three-week mid-season break, with teams required to cease work on their cars for part of that time. The 2011 season will resume with the Belgian Grand Prix at Spa on August 28."
4fb81741cd98d86be9027871cb7a114a2c73507e,MM,"{'MM': 14, 'TH': 1, 'CN': 1}","Yangon, Myanmar (CNN) -- Myanmar security forces used tear gas and water cannons early Thursday to drive away hundreds of people protesting a copper mine project owned by the country's military and a Chinese company, witnesses said. Riot police cleared away all the camps set up by protesters near Monywa township in the northern region of Sagaing, said Khin San Hlaing, a member of parliament in the region for the National League for Democracy, the opposition party led by Nobel laureate and pro-democracy activist Aung San Suu Kyi. Read more: Terrorized, starving and homeless: Myanmar's Rohingya still forgotten . Dozens of protesters -- a mixture of local residents, students and monks -- were wounded in the police raids, Khin San Hlaing said, but some of them were hiding rather than seeking medial attention. So far, 29 people have been admitted to hospitals, she said, while others have been arrested. The demonstrations are an indication of the willingness of citizens of Myanmar, also known as Burma, to test the limits of the greater political freedom ushered in during the past year and a half under President Thein Sein after decades of authoritarian military rule. But the strong police reaction, coming less than two weeks after U.S. President Barack Obama visited Myanmar and emphasized the need to improve human rights in the country, has fueled doubts about the government's commitment to lasting reform. ""The crackdown showed once again that the government, which claims to have turned over a new leaf and to listen to public opinion, is only really protecting its own interests and those of foreign investors,"" said an article by The Irrawaddy, a magazine run by exiles from Myanmar based in Thailand. Read more: Aid group warns of difficulties treating victims of Myanmar violence . Visiting Monywa later Thursday, Suu Kyi said she hoped the situation could be resolved ""peacefully."" Without commenting directly on the early morning violence, she said she had met with representatives of the mine and also planned to talk to local residents and protesters to try to help negotiate a solution. About 500 people had been demonstrating against the mine project near Monywa since November 17, expressing concern about its environmental impact and unhappiness about the way local people's land had been claimed for it. Smaller protests had been taking place for months, and police in Yangon, the former capital, arrested eight activists demonstrating against the copper mine earlier this week. The mine project, in a mountainous area near Monywa, has been operated by the military-owned Myanmar Economic Holding and the Chinese company Wanbao Mining. Covering an area of 3,184 hectares (7,868 acres), it received government approval in 2010. Li Songgang, a spokesman for Wanbao Mining, said the company is ""willing to communicate with residents and protesters, so as to work out practical solutions."" ""We are very concerned about the protests,"" he said, noting the that company has had to suspend construction of the project, which is not yet operational. His tone appeared more conciliatory than that of the Chinese Embassy in Myanmar, which said in a statement that issues related to the mine project such as relocation, compensation and environmental protection had been settled. ""We hope all levels of Myanmar society can create a favorable environment for the project's smooth operation based on respect for laws and regulations of Myanmar,"" the statement said. Journalists Ko Phyo in Yangon and Ma Qian in Beijing contributed to this report."
0ab2c1d0d04904fdc38a81091ddd003012e6a241,US,{'US': 1},"Clearwater, Florida (CNN) -- Jury selection in the Casey Anthony murder trial continued Saturday afternoon following the rejection of nine potential jurors, including one man who posted to his Facebook account that he had a ""title, cover and all"" ready for a book about the case. Attorneys and Chief Judge Belvin Perry Jr. of the Orange County Superior Court had allowed four potential jurors through from questioning by day's end, one a 22-year-old man who said he paid no attention to the news and another a grandmother of a 2-year-old girl who described herself as ""firm and fair."" Anthony, 25, is charged with capital murder in the death of her daughter, 2-year-old Caylee, whose body was found in woods near her family's home in 2008. She has pleaded not guilty. She faces six other charges, including aggravated child abuse, aggravated manslaughter of a child and misleading law enforcement. Jury selection is occurring at the Pinellas County courthouse. Candidates were questioned Saturday about everything from their news-watching habits to criminal records. After questioning and quickly dismissing five jurors Saturday morning for reasons ranging from financial hardship to bias, lawyers and the judge began questioning a 22-year-old man who said he doesn't follow the news ""because it's just awful."" Assistant State's Attorney Jeff Ashton questioned whether the man would be able to bear the grim details of the case. ""You've already told us you live your life avoiding unpleasant things like the news,"" Ashton said. ""Are you absolutely sure you can do it?"" ""Yes, sir,"" the candidate replied. ""No doubt in your mind?"" Ashton asked. ""No, sir,"" the man replied. When asked by lead defense attorney Jose Baez whether his decision would be influenced if Anthony declines to testify on her own behalf, the candidate said ""I can definitely understand not wanting to be up here."" The line elicited laughter from nearly everyone in the courtroom, including Anthony. Anthony's lead defense attorney sought to have the man dismissed for failing to disclose an entanglement with the law over apparent marijuana possession, but the judge refused. He was ordered to stand by for possible duty. Perry later approved the dismissal of a man who posted on his Facebook page what the potential juror said was a joking reference to a ""book coming soon"" after announcing he had been called for potential jury duty on a big trial. ""Already have the title, cover and all,"" Assistant State's Attorney Frank George said in reciting one of the posts. Also dismissed was a woman who said she had lost a son in a car accident that required an extensive police investigation. She said she viewed the charge that Anthony had lied to investigators as evidence of ""guilt by omission."" During the afternoon session, Perry dismissed a man who said he was irrevocably opposed to the death penalty. After extensive questioning by attorneys, he told a grandmother who remembered ""sweet pictures"" of Caylee but said she had no preconceived notions of the case to stand by for duty. The two other jurors who will be contenders for the final jury pool are a woman in her 60s who doesn't own a computer, and a 43-year-old man who said that while he's occasionally seen newspaper headlines that suggest Anthony is guilty, he said he is able to set that aside. ""I've also read that Donald Trump is an alien, and that Elvis is still alive and living in Graceland,"" the man said. At the end of the rare Saturday session around 5:30 p.m., the judge said the court would be in recess until 8:30 a.m. Monday. In allowing the four candidates Saturday to pass to the next phase, the judge and attorneys increased the pool of potential jurors who have not been dismissed for one reason or another to 12, although attorneys still have until the jurors are sworn in to seek their dismissal, according to the judge. Perry said he would begin swearing in jurors once the number of unrejected candidates reaches 15. Coming into Saturday's session, eight people were considered viable candidates for the jury. Twelve jurors and eight alternates will eventually be seated on the jury, which will be moved to and sequestered in Orange County, where the alleged crime happened and where the trial will take place. Jury selection was moved from Orlando to Clearwater amid intense media coverage of the case, which could make it difficult to select an impartial jury. Perry said Friday that it is imperative to seat a jury as quickly as possible before more potential jurors are swayed by the media coverage. ""The longer we wait, the more dangers there are,"" he said. The goal is to have everything finalized for opening arguments Tuesday in Orlando. Prosecutors have said they plan to show Anthony used ""a substance"" to kill her daughter. The girl's skeletal remains were found in December 2008 in woods near the Anthony home after she went missing for six months. In Session's Michael Christian contributed to this report."
4f702f25fe04ef81cb0ca487eeaca7a48b32c452,US,{'US': 1},"(CNN) -- Longtime ABC News personality Barbara Walters was being treated for a cut on her forehead Sunday after a fall in Washington, the network said. Walters, 83, suffered the cut after falling on a stair Saturday evening while visiting the British ambassador's residence, ABC News Senior Vice President Jeffrey Schneider said in a statement. ""Out of an abundance of caution, she went to the hospital to have her cut tended to, have a full examination and remains there for observation,"" Schneider said. ""Barbara is alert (and telling everyone what to do), which we all take as a very positive sign."" Walters spent two decades as co-host and correspondent for ABC's news magazine show ""20/20."" She still reports on occasion. Since 1997, she has been co-host of ABC's daytime talk show ""The View."""
9413f12365648d4c97e7e3f3e583c2f5c2c0f778,US,"{'US': 10, 'GB': 1, 'PR': 1}","Editor's note: Brian Levin is a professor of criminal justice at California State University, San Bernardino and director of the university's Center for the Study of Hate & Extremism. Michael Stoops is executive director of the National Coalition for the Homeless in Washington. Brian Levin says the homeless are excluded from lessons on tolerance and aren't protected by hate crime laws. CAMBRIDGE, Massachusetts (CNN) -- Over the last two calendar years, more Americans in the United States were killed in a little-noticed spate of unprovoked attacks than were killed by terrorists, in large commercial jet crashes or in racial hate crimes. Since 1999, more than 240 vulnerable homeless Americans have been stabbed, beaten, drowned, shot or burned to death in a revolting display of one of the last socially tolerated prejudices, this one based on class. Despite being prime targets of prejudice and violence, particularly in today's youth subculture, the homeless are routinely excluded from lessons related to tolerance, as well as from official data collection and hate-crime penalty enhancement laws. A newly released report from the National Coalition for the Homeless documented 27 unprovoked, apparently bias-related homicides by attackers in the United States last year, down one from the previous year and the second-highest number of killings since 2001. After bottoming mid-decade, the number killed has not dipped below 20 a year since 2005. In contrast, the FBI documented only 12 hate-crime homicides nationally for the two most recently available calendar years combined. According to the NCH and the Center for the Study of Hate & Extremism, nearly 2 1/2 times more homeless people in America have been killed over the past 10 years in apparent unprovoked bias homicides than the total for all the other hate- crime homicides -- on the basis of race, religion, national origin, disability and sexual orientation -- combined. Like other hate crime perpetrators, these attackers are typically young male ""thrill offenders"" seeking excitement, with 58 percent of assailants over the past 10 years falling in the 13-19 age range. In 2006, three teenagers out for fun attacked homeless people in Fort Lauderdale, Florida, with baseball bats, killing one of their victims, 45-year-old Norris Gaynor. One pleaded guilty and the two others were convicted of murder last September after the jury saw graphic surveillance tape of one of their nonlethal beatings from earlier in the evening. These attacks exclude the large number of other types of crimes involving the homeless, such as personal disputes, homeless-on-homeless violence, robbery, drugs or murder for life insurance proceeds. The August issue of Maxim, a youth-oriented magazine targeted at college-aged males, joked about last weekend's National Hobo Convention in Britt, Iowa, in a blurb titled ""Hunt the Homeless."" The journal quipped ""Kill one for fun. We're 87 percent sure it's legal."" In previous violent attacks, some assailants have referenced degrading and violent depictions in popular culture such as ""Bumfights"" either during their crimes or in subsequent interviews with authorities, with some even filming the events. ""Bumfights"" is a popular violent video series that sold hundreds of thousands of tapes and DVDs before going viral on the Internet. The film series sets a new low in American popular culture, featuring fights between homeless men plied by the producers with alcohol, as well as sadistic parodies of the late Australian conservationist ""crocodile hunter"" Steve Irwin. These ""skits"" feature terrified sleeping homeless people who are startled awake and forcibly restrained with duct tape by ""hunters"" narrating their attacks with feigned Australian accents. Samuel Bowhay of Grinnell College found almost 86,000 videos on YouTube last month with ""bum"" in the title, thousands more than videos with other derogatory prejudiced epithets. While homeless advocates lack the political and financial infrastructure often needed to institute policy reform, the frequency and brutality of the bias attacks have renewed focus on the nature of this violent form of prejudice and ways to address it. Last week, District of Columbia Mayor Adrian Fenty signed legislation adding homeless status to the district's hate-crime law. Maryland, an early adopter of such measures in the 1980s, will join Maine in adding homeless status to its hate-crime law on October 1. Other jurisdictions such as Alaska; Puerto Rico; Los Angeles County, California; and Seattle, Washington, also have taken various steps to recognize homeless status in their laws, data collection, educational efforts or procedures. In almost a dozen other states, including California, Texas, South Carolina and Florida, legislation has been introduced over the past three years to add homeless status to their hate-crime laws as well. Nationally, Rep. Eddie Bernice Johnson of Texas has introduced legislation to add homelessness to federal hate-crime laws and data-collection efforts. These efforts are long overdue. A primary purpose of hate-crime laws is the targeted deterrent message to would-be offenders that they face real punishment and social disapproval. Moreover, the key criminological criteria for coverage in hate-crime law apply seamlessly to homeless status as well: . 1. a significant additional risk of violent victimization; . 2. discriminatory selection; . 3. established prejudice against a socially identifiable class; . 4. identical offenders such as bigoted skinheads or young male thrill offenders who share identifiable characteristics and motivations. Arguments against including provisions in hate-crime laws for the homeless are recycled ones that were initially used unsuccessfully against other groups, like gays and lesbians. Too many additional groups dilute the laws, or homelessness is a changeable condition that most people wouldn't want, they argue. The fact is, millions of Americans have changed their religious affiliation and yet, just about all hate crime laws cover faith. Disability is a characteristic that, like homelessness, most people would not seek out, yet it too is covered. Adding the homeless to hate-crime laws, tolerance education and data-collection efforts must not be obstructed. When hate makes a fist, the laws of a civilized society must decisively block the blow in the most forceful and unambiguous way possible. The opinions expressed in this commentary are solely those of Brian Levin and Michael Stoops. Reuters contributed to this report."
813b81ba03340c754f79a4498333d7f363e5dfce,US,{'US': 12},"New York (CNN) -- The New York City Police Department was searching Wednesday for a man who allegedly punched a 33-year-old woman in the back of the head in Brooklyn, in what could be the latest in a spate of ""knockout"" assaults. The incident occurred just before 3 p.m. on Saturday, but police released a sketch of the suspect Tuesday. The unidentified woman and her 7-year-old daughter were walking in the Midwood section of Brooklyn when the attacker approached her and punched her in the back of the head, knocking her down, then fled on foot, according to the NYPD. The woman sustained minor injuries to her knees and hands when she fell, police said. The suspect is described as about 5 feet 7 inches to 5 feet 9 inches tall, with short braids, and was wearing a black wool cap, green jacket, and dark-colored jeans, police said. This latest attack follows a series of assaults known as the ""knockout game,"" where teens try to knock random strangers unconscious with a single blow. At least nine suspected ""knockout"" attacks have been reported since October in New York, but police have said they see no evidence of a trend. A NYPD spokeswoman told CNN on Wednesday that police ""investigate each assault individually"" and that the latest attack was still under investigation. In November, a 23-year-old man was walking in the Bronx one afternoon when he was punched and knocked to the ground by men who continued to punch him after he was down. Authorities have reported similar incidents in New York, New Jersey, Connecticut, Illinois, Missouri and Washington. In New Haven, Connecticut, police said there were seven reported incidents possibly connected to ""knockout"" assaults, but it was unclear if they were carried out by the same person. There were no major injuries in the attacks, which occurred in the same three- to four-block area on November 17-18. The assaults stopped after police questioned a suspect, though no arrest was made. ""We have no reason to believe this is a hate crime,"" said Officer David Hartman, a New Haven police spokesman. Some previous assaults in the region have targeted Jewish people. Hartman said police believe the attacks were copycat crimes spurred by media attention. Youth violence expert Chuck Williams blamed the media and parents for what he called extreme aggression by America's youths. Negative attention, he said, is often rewarded. ""That's America. America loves violence, and so do our kids,"" he said. ""We market violence to our children and we wonder why they're violent. It's because we are."" Williams, a professor of psychology and education at Drexel University in Philadelphia, said some young people are desperate for attention. He called it the ""Miley Cyrus effect,"" where teens will do anything, no matter how unconscionable, to get noticed. ""These kids know the consequences,"" he said. ""They want to get arrested. They want to get caught, because they want that notoriety. They know they won't go away forever because they're kids. It's a win-win all around for them."" CNN's Morgan Winsor contributed to this report ."
362babec9b85d9401d075626bc8ff6931cba22cf,JO,"{'JO': 6, 'SY': 6, 'IQ': 1, 'EG': 1, 'SA': 1}","Amman, Jordan (CNN) -- Even as the world's military chiefs gathered in Jordan to debate their next move on Syria, the host nation is keen to keep the talks under wraps. Official statements have been scant, the precise date, time and location seem secret. Expect no post-meeting press conference either, we are told. The ""why"" is very simple: Jordan fears if it appears in any way to become a spring board for strikes on Syria, it will suffer. How it will suffer and why lies buried in layers of history as complex as the shifting desert sands here. This tiny kingdom has ducked and dived the worst of the regional roiling stirred by the 2011 Arab Spring. Yet the few protests here seem to highlight dissatisfaction with a monarchy the West has come to rely on. A U.S. defense official told CNN no agreements were signed at meetings Monday as ""this was not a planning meeting, where we come ready to discuss a specific way forward."" But he did say the meetings focused on ways the escalating conflict in Syria could spill over into neighboring countries and affect regional security as a whole. King Abdullah of Jordan rules over a population who have seen food and gas prices rise to the point of pain; they endured the arrival of 100,000's of refugees from both Iraq and Syria, pushing up property prices. When they want the hurt to stop they look up to Abdullah. Most still suffer. To say Jordan is not the most stable of Arab States right now might seem to fly in the face convention. Tourists are still safe here and although they don't flock in the droves they used to, the country's fabled historic sites like the Nabataean ruins in Petra are awash with all shades of international sightseers. But scratch the surface and the have-nots far outnumber the haves. Most agree that corruption is at the root of the growing divide. The Muslim Brotherhood, long a latent force for change here, exploits the inequalities. Their brothers in Egypt, now under the heel of the military, serve as both reminder and reason to wait their moment. And the often unspoken tension here between Palestinians and Jordanians finds greater voice today than in preceding decades. An Israeli-Palestinian peace deal, once again under serious debate, could turn once loyal subjects on their leaders if it upsets the careful balance here -- Jordanians in government, Palestinians in business. In short it would not take much for Bashar al Assad whose forces, an hour and a half drive to the north of Amman and well within missile range of the capital, to turn Jordan into turmoil. So no surprise that this meeting, that was, we are told, planned weeks before the alleged chemical attack in Damascus, has shrunk in profile to be almost invisible. Even U.S. officials appeared to play tag over who can say what. One directs us to the other for comment, and so on. One trusted source here told me of his surprise any details of the meeting had been leaked. For Jordan to host this meeting, at the very moment U.N. weapons inspectors in Damascus are being shot at as they try to figure out if chemical weapons were used, invites the Syrian regime to take the view their tiny neighbor is up to no good. The real fear is this. If military chiefs walk away from their secure chambers here leaving even the tiniest inkling that while on Jordanian soil they would precipitate a strike or intervention in Syria, then Jordan could face terrorist attack or worse from Syria. With chemical weapons now apparently freely in play, few would rule out the possibility those same gun barrels could be directed toward King Abdullah's people. All this said, there is no secret here that weapons are being smuggled across Jordan's border to Syrian rebels. Saudi Arabia is quite proud of its role in this, although Jordanian officials deny the help and say they work to block such smuggling. The real secrets are more intangible. For example, on how much of a hair trigger are the chemical weapons? And what about the U.S. and Jordanian special forces here, hidden away on army bases? How quickly could they be mobilized? It's a worry that many Jordanians have: how quickly could their own stability crumble. CNN's Chris Lawrence contributed to this report ."
1f686a1872ac685c3eafde1ba9a75a300be545a5,PK,"{'US': 1, 'PK': 3, 'IN': 3}","Washington (CNN) -- A senior U.S. official is denying allegations that American officials ignored warnings by the Moroccan-born wife of David Headley, a Drug Enforcement Administration informer in Pakistan who was convicted of helping to plan the 2008 terror attacks in Mumbai. ""She expressed concern about individuals that her husband was hanging around with,"" he said. ""She had concerns that they were involved in a terrorist plot. She had no details about who he was associated with or what they might be contemplating."" He added, ""There was nothing specific. There was nothing necessarily to follow up on."" The official, speaking on background because of the diplomatic sensitivity of the subject, said the wife ""walked into the U.S. Embassy in December 2007. There was a follow-up meeting in 2008. That was the last contact that we had with her."" The attack occurred in November 2008. An American former wife of Headley also expressed concern about Headley's activities to U.S. investigators two years earlier, news reports say, but Headley was able to continue his contacts and training with militants in Pakistan. The senior U.S. official denied, however, that the information was ignored. ""We took what the wives told us seriously,"" he insisted. This official said the State Department shared the information with ""relevant"" U.S. agencies. He said he did not know whether that information was shared with Pakistan. He would not say whether the information was shared with India, although he added that, as a matter of course, the U.S. shares intelligence with India and did so both before and after the Mumbai attacks. Asked whether the State Department fully investigated the Moroccan wife's concerns, the official said that since the United States has limited authority in a foreign country it ""checked out what she told us."" He provided no details. Monday, State Department spokesman P.J. Crowley told reporters that if the United States had had specific information on possible planning for the Mumbai attacks it would have shared it with India. ""We would have absolutely provided it to the Indian government, you know, beforehand,"" he said. ""The fact is that while we had information and concerns, it did not detail a time or place of the attack."" Any information she did provide was followed up on, Crowley said. ""We followed up on that information and provided it to relevant agencies across the U.S. government,"" he said at a State Department news conference."
3f97fc381f5953343c634714b8c560c58d50be12,US,{'US': 3},"NEW YORK (CNN) -- On the 16th floor of a nondescript building in lower Manhattan, a group of tech-savvy staffers clad mostly in jeans and T-shirts is changing the way Americans watch TV election coverage. CNN's John King uses the ""Magic Wall"" to illustrate and explain election projections. Perceptive Pixel is a high-tech startup company. You may not have heard of them, but you've probably seen their most famous product: an interactive, Multi-Touch Collaboration Wall better known as CNN's ""Magic Wall."" Throughout the 2008 primaries and the general election, John King, CNN's Chief National Correspondent, has stood before the now-familiar electronic wall map, zooming in and out of battleground states with a few pokes of his fingers. The big map allows King to instantly tally electoral votes, shift swing states from one candidate's camp to another's and highlight red swaths of John McCain turf alongside blue pockets of support for Barack Obama. ""Multi-touch is a whole new way of working with the computer where you can actually use more than one finger at a time. That means both hands, that means all ten fingers, that might mean multiple users in front of a screen,"" says Jeff Han, founder and chief scientist of Perceptive Pixel. ""Never have you been able to manipulate this many objects, with this many degrees of freedom, at the same time.""  Watch the wall in action » . The inspiration for the multi-touch technology came from a decidedly non-digital event: Han was drinking a glass of water. He noticed the way light was interacting with his fingers as they touched the glass, and an 'Ah ha!' moment was born that put him straight to work. ""After you get an inspiration like that you run back to the lab where you have a lot of spare parts and all of a sudden, literally within days, you can start going to prototype, "" he says. ""It was pretty neat."" In 2006, Han became the darling of the tech world after unveiling his multi-touch tricks at the annual technology, entertainment and design conference known as TED. In front of some of the industry's biggest movers and shakers, Han zigged and zagged his way across the screen, using both hands to manipulate images, draw cartoonish figures and toss around digital vacation photos like Polaroids. By the time TED ended, Han knew his technology was a hit. But he never expected that CNN would take his product mainstream. Han was exhibiting his multi-touch screen at a military trade show when he bumped into some executives from the cable news network who saw a groundbreaking use for the technology. That meeting marked the birth of King's eight-foot-long electronic sidekick, which has gotten almost as much air time this year as Wolf Blitzer. In recent months the ""Magic Wall"" has been parodied on Comedy Central's ""The Daily Show"" and NBC's ""Saturday Night Live,"" on which cast member Fred Armisen played with the map like it was a toy. David Bohrman, CNN's Washington Bureau Chief, praises the Magic Wall for giving viewers ""both deep and clear information""  in a visually interesting way. ""Here is a perfect example of how effective it can be: During our coverage of the Indiana primary, we were able to zoom in, county-by-county, to voting returns, and even though some of our competitors had already called the race, we were able to explain why we weren't able to do so,"" Bohrman says. ""John King was able to show the votes outstanding, the votes in Gary, Indiana, and how the race could have gone for Obama or [Hillary] Clinton, with a slight difference in that county's results. We were actually able to show viewers a lot more information and make the story clearer."" On Election Night, Bohrman anticipates the Magic Wall will allow King to display and interpret county-by-county votes for every state across the country. ""So if we're able to project or not project a race, we will explain to viewers why,"" he says. New additions to the Magic Wall also will allow it to illustrate balance of power scenarios in the Senate, Bohrman says. Other television networks have since added similar products to their news coverage. Han declines to reveal the workings of his technology, but he believes the screen will have an impact on much more than the nightly news. ""We're just scratching the surface of what's possible with it,"" he says. ""We see huge growth in diverse areas such as creative applications, architecture, in education, in collaborative brainstorming, ideation processes -- which starts to cover a huge range of companies."" Han is tight-lipped about Perceptive Pixel's current clients, although he tells CNN, ""most of our customers are three-letter agencies, classified work, a lot of secret stuff."" As his touch-screens have risen in popularity -- Han says there are still some obstacles in getting people to understand how they work. Han's multi-touch screens are undeniably cool, with a seemingly magnetic effect on users and audiences alike. One of Han's presentations has been viewed on YouTube over 250,000 times. But he says he doesn't get too caught up in their revolutionary potential. ""I don't see one kind of interface, multi-touch or whatever it is, [replacing] the traditional keyboard and mouse,"" he says. ""When the mouse came about, the keyboard didn't go away."""
fa39408f7284edab83eebd3b33669f9e6e8458d3,US,{'US': 1},"(CNN) -- A 22-year-old man wanted in the shooting deaths of 9-year-old Alabama twins and their elderly babysitter was arrested Saturday morning, authorities said. Deandra Marquis Lee was captured around 11 a.m. in Selma, the Alabama Bureau of Investigation announced. Prior to his arrest, authorities converged on an apartment complex near the Vaughan Regional Medical Center and evacuated residents from his building. Efforts to ""initiate communication"" with people inside the apartment were unsuccessful, the state investigative bureau said in a news release. Authorities then ""made entry into the apartment (and) immediately took Lee into custody."" He is charged with three counts of murder in the deaths of the twins and their 73-year-old caregiver, Jack Mac Girdner. The bodies of Girdner and the twins, Jordan and Taylor Dejerinett, were found Tuesday afternoon on a dirt road near Hayneville, southwest of Montgomery, state investigators said. The children and Girdner, according to the bureau investigators, were last seen Sunday when the twins' mother left them in the care of the babysitter. When the twins' mother returned later that night to pick them up from the suburban Montgomery home of the babysitter, the children and Girdner were missing, investigators said, along with Girdner's car, a 1988 Mercedes-Benz. Authorities did not release a possible motive in the killings, though they confirmed the three victims were shot. State investigators also did not say what evidence connected Lee to the case. Girdner's car was found -- with its doors removed -- Thursday in Minter, they said. Lee, according to state investigators, has a history of trouble with the law. In 2011, he was acquitted of murder in a 2008 shooting that prosecutors say was gang related. Before Sunday, Lee was out on bond following January 2012 charges in Dallas County that he assaulted a police officer and was in possession of gun with an altered ID number, state investigators said. According to court records, Lee was also arrested on a third-degree robbery charge and released on $10,000 bond in Lowndes County in February 2012 for allegedly stealing a Honda Accord in 2011."
d1b7d39cec6a739e515a76935e9a7be5dcc76102,US,{'US': 1},"(CNN) -- A writer commissioned to help launch a new ""Adventures of Superman"" digital comics series is drawing controversy for the comics' publisher not for his perception of the Man of Steel, but for his perception of marriage -- specifically, his opposition to same-sex marriage. Science fiction writer Orson Scott Card has been commissioned by longtime ""Superman"" publisher DC Comics to write a two-part story launching its new ""Adventures of Superman"" digital series. Card is perhaps best known for the classic 1985 sci-fi novel ""Ender's Game,"" but he also has sparked controversy with his outspoken criticism of homosexuality and same-sex marriage. ""Just because you give legal sanction to a homosexual couple and call their contract a 'marriage' does not make it a marriage,"" Card wrote in a 2004 essay titled ""Homosexual 'Marriage' and Civilization."" The essay concluded, "" ... either civilized people will succeed in establishing a government that protects the family...or the politically correct barbarians will have complete victory over the family -- and, lacking the strong family structure on which civilization depends, our civilization will collapse or fade away."" News that Card would be among writers on the new ""Adventures of Superman"" digital comics prompted marriage-equality group AllOut.org to launch a petition drive aimed at DC Comics. ""By hiring Orson Scott Card despite his anti-gay efforts you are giving him a new platform and supporting his hate,"" reads the petition -- now with nearly 12,000 signatures, according to the group. Card is no stranger to comic-book writing. He has written for Marvel Comics, penning series such as ""Ultimate Iron Man"" and comics based on his own ""Ender's Game"" among others. The new ""Adventures of Superman"" is not DC Comics' long-running, flagship ""Superman"" comic books but an ongoing digital anthology series of short stories about the hero that will be written by various authors. DC Comics, a division of Time Warner, the parent company of CNN, issued a statement Wednesday defending its decision to include Card among the writers. ""As content creators we steadfastly support freedom of expression, however the personal views of individuals associated with DC Comics are just that -- personal views -- and not those of the company itself,"" the statement said. Card declined to comment to CNN. Mitch Cutler, whose store, St. Mark's Comics has been open in New York City's East Village neighborhood for nearly 30 years, seemed to agree. ""Someone did tweet to us about boycotting the series, but since the first day (we opened) we have been committed to carrying everything we can in comics,"" Cutler said. ""I'm sure right now on the shelves there is content I might not necessarily agree with. So while I understand Mr. Card may have advocated things that might upset people, it would be very uncharacteristic of us to refuse to carry something for that reason."" Jermaine Exum who manages Acme Comics in Greensboro, North Carolina -- the city where Card lives -- has a slightly different reason for deciding to carry the comics. ""Our main focus is that other creators are working on this,"" including artists like Jeff Parker who has ties to Acme, Exum said. ""The public is running away with the Orson Scott Card story, but I don't want to short-change these other people working on the series."" Phil Jimenez, an openly gay writer and comic-book artist who has worked on ""Astonishing X-men,"" ""Captain America Corps,"" ""The Amazing Spiderman"" and more, is not OK with the decision, and believes Card's stance on homosexuality and same-sex marriage takes away certain people's civil rights. ""I'm encouraging people not to buy his work because when they do they actively support a foully bigoted man who uses his power and influence to affect public policy,"" Jimenez tweeted. Brian Brown, president of the National Organization for Marriage, which has actively campaigned against same-sex marriage efforts and which counts Card as a member of its board of directors, says protesting Card's comics is un-American. ""For a movement that says it's focused on civil rights, it's surprising that supporters of gay marriage want to attack an opposing viewpoint and become violent,"" Brown told CNN. The decision to include Card comes at a time when the world of comics, while sometimes still criticized for over-sexualizing female characters, has moved to make homosexual characters a big part of storylines. In July 2012, in the second issue of ""Earth 2,"" a new series in DC Comics' ""The New 52,"" reimagining of many classic DC characters, Alan Scott, the first Green Lantern is an openly gay man. The series, along with DC's Batwoman, is up for a 2013 Gay & Lesbian Alliance Against Defamation (GLAAD) Media Award. Marvel Comics had its first same-sex wedding in a June 2012 issue of ""Astonishing X-Men"" with superhero Northstar -- the first major comic-book character to come out as gay in 1992 -- marrying his longtime partner, Kyle. CNN's Dominique Debucquoy-Dodley contributed to this report."
0f455b72ed29f32de93ef4e8ea9381adb86edf20,US,"{'US': 4, 'VE': 1}","(CNN) -- Do you know who Fonso was? Or how about Hindoo? Can you tell me what Joe Cotton did? Ben Brush? Judge Himes? George Smith? Paul Jones? I can. Each of them won the Kentucky Derby horse race. (Each of them, by the way, was a horse, not a human being.) OK, now can you tell me what each of them didn't do? I can. Each of them did not go on to win horse racing's Triple Crown. I can also tell you why. Because it is a really hard thing to win, that's why. Animal welfare activists: Horse racing industry needs reform . Bet you don't know Burgoo King. Hahaha, he made Whoppers, I beat you to it. Laughing out loud here. OK, now I will tell you the sweet and sad tale of Burgoo King, and how maybe he could have become one of the most famous racehorses of all time, a Secretariat, a Seabiscuit, a Man O' War. In 1932, when a lot of people were depressed with a capital D, a lot of them were impressed by Burgoo King when he won the Kentucky Derby by three lengths and then the Preakness by a head. He and the 19-year-old boy in his saddle had a nice shot at winning the Triple Crown, which only two other horses (Sir Barton and Gallant Fox) had done. How did he do? Well, he didn't. Burgoo King was a no-go no-show. He skipped the Belmont Stakes entirely. Did not run. He was ""scratched,"" as they say at the track, just as I'll Have Another was turned into I've Had Enough by his keepers on the eve of today's scheduled Belmont race. Overheard on CNN.com: If wishes were horses, 'Another' Secretariat would rise . Would you like to know why? I have no idea. Some horse whisperers spread gossip that Burgoo King's paperwork did not get filled out in time. Others said he must have gotten hurt, but no one confirmed it. All anybody knows for sure is, Burgoo King sizzled, then fizzled. He would not run another race for two full years, and his young jockey was found in Lake Michigan, drowned. Bet you don't know Tim Tam, either. In 1958, when folks were giving thought to buying one of Ford's really cool new cars, the Edsel, a lot of them were impressed by Tim Tam when he took the Kentucky Derby with a tremendous stretch run, then ran first in the Preakness, as well. A few thousand folks laid bets that Tim Tam would do what no horse since the '40s had done: wear the Crown. But, alas, a bone that he fractured during the race caused poor Tim to hobble home in second place. Fame, fortune, immortality ... a kingdom for any 3-year-old horse who could win the big three. Oh, to become another War Admiral, another Whirlaway, another Citation. Bet you don't know Canonero II. He was nothing special, a pretty decent runner in Venezuela, a long shot to say the least when he got into the 1971 Kentucky Derby and sat there in 18th place, going nowhere fast. But then, all of a sudden, here came Canonero II, galloping past them all, winning by nearly four lengths. And after that, why, there he was again, winning the Preakness in a record time. A horse for the ages. That was him. All he needed to do was win that darn Belmont, and maybe he would have, if not for a foot infection that was to blame when he limped home behind Pass Catcher and two others, out of the money in fourth place, then out of sight, then out of mind. Secretariat came along two years later and stole his thunder, not to mention his book and movie deals. I went to the Belmont for the 2004 race. So did a throng of 120,139, the largest crowd in history for a New York sporting event. And why were we all there? To see Smarty Jones. He was going to do it. The first Triple Crown since 1979 and Affirmed was about to be his. Silver Charm was going to do it in 1997, but he ran out of steam in the Belmont at the wire. Funny Cide was going to do it in 2003, but he slogged along in the mud and ran a hard-luck third. News: No shot at Triple Crown as favored colt is scratched from Belmont Stakes . Ah, but sweet little Smarty, he couldn't miss. He was undefeated. He could run in the rain, as he demonstrated at Churchill Downs while taking the Derby by nearly three lengths. He could run Secretariat-style and leave everyone else gagging on his dust, as he showed at the Preakness while winning by more than 11 lengths. A lock, that's what he was. ""I got the horse right here,"" I sang that June 5, 2004, day, doing my ""Guys and Dolls"" bit, slapping a Racing Form against my palm. My old crony Mark Kram, the great Philadelphia sportswriter, was by my side. ""Who else do you like,"" he asked. ""Nobody else,"" I said. ""Come on,"" he cajoled, not liking the favorite's short odds. ""Who else?"" I sized up the tote board, consulted the handicappers, studied my charts, played my hunch. ""Birdstone,"" I said. He was 36-to-1. My poor pal Kram gave me the evil eye. He had a $20 bill that he didn't want to waste. We put down a double sawbuck each. We waited for the trumpet to play, 10 minutes to post time. We observed a minute of silence for President Reagan, who passed away that same day. I said aloud that Birdstone definitely had a shot. I said to myself, ""Smarty Jones could outrun that nag with three legs."" Smarty Jones ran second that day. He was caught in the final few strides by some four-legged history-wrecker called Birdstone. I would see no Triple Crown won that day. Nor would I in 2008, when the 3-to-10 favorite Big Brown was a sure thing, can't miss, easy money. He finished ninth. Dead last. Horse racing. I have had good days. I have had bad days. I'll have another and another. I thought Saturday would be a great day -- an unforgettable day for an unforgettable horse. But you know what? I've forgotten him already. The opinions expressed in this commentary are solely those of Mike Downey."
8bfcbf14f9e2bdac43c36aec77f572b8f27b0933,GB,"{'US': 1, 'AU': 2, 'GB': 3, 'GR': 1, 'FR': 1}","Sydney (CNN) -- When winter hits, Sydney becomes something of a ghost town as its 4 million or so residents retreat indoors to acclimatize to the cold. Yet for the past five years, they've been beckoned outside by Vivid Sydney, an 18-day festival of light, music and ideas that takes over after dark May 24 to June 10. At the core of the carbon-neutral festival is Vivid Light. From 6 p.m. every evening, local and visiting artists use light installations and 3-D projectors to transform the 1,056,000 tiles of the Sydney Opera House, the Museum of Contemporary Art and other category-killing buildings into giant canvases of color and light. Check out this incredible Sydney Opera House timelapse . Headlining Vivid Live, the festival's ticketed live music program, are German electronic music pioneers Kraftwerk. Other acts included Joy Division and Vangelis from the UK and homegrown acts Cloud Control and Empire of the Sun. Bobby Womack called in sick. Vivid Ideas, the festival's third and final arm, comprises more than 100 lectures, workshops and debates. Led by global leaders in the fields of fashion, film, publishing, architecture and design, it underlines Sydney's standing as a global epicenter for creative arts. ""Vivid now leads the world in sheer number and size of buildings projections -- no other city lights up its famous landmarks and skyscrapers the way we do,"" says creative adviser Ignatius Jones, who co-directed the 2000 Sydney Olympics' opening ceremony. ""This year we're going to have 60 light sculptures -- nearly twice as many as last year. It's going to be really, really big."" A complete list of events and shows, plus ticketing details are accessible here: Vivid Sydney . In sync with the colder clime, Sydneysiders stray from the city's beaches and harbor to find fun in the retail and entertainment precincts of the inner city and beyond. Here are three of the hippest. Insider guide to Sydney . Surry Hills . During the Great Depression, Surry Hills was a Dickensian slum known for brothels and razor-wielding street gangs. But demand for city-fringe housing has seen the suburb embark on a journey of gentrification that transformed it into Sydney's Soho district. Starting at the junctures of Oxford Street, Sydney's celebrated gay district, vintage clothing stores like Grandma Takes a Trip, Wheels & Dollbaby and Strawberry Hills (+612 9380 8809) make Surry Hills Sydney's capital of alternative fashion. For contemporary threads, check out Japanese-Danish boutique Mushu, Via Alley Shop and Gallery and Flight 001, a travel store shaped like the inside of a jumbo jet. New York-style warehouse bars like Toko, The Winery and Shortgrain buzz with life on wintry weekends, while neon green spirits are served with aplomb at The Absinthe Salon. The home of Australia's most innovative theater company, Belvoir Street Theatre is where Hollywood heavyweights Cate Blanchett and Geoffrey Rush cut their teeth. From May 28 to July 14, Belvoir presents ""Angles in America,"" a two-part Pulitzer Prize-winning play featuring Marcus Graham of David Lynch's ""Mulholland Dr."" To get a sense of Surry Hills's working-class past, order a beer on tap or at The Cricketers Arms, Hollywood Hotel or any of the suburb's un-renovated pubs. Adherents of the if-it-isn't-broken-don't fix-it school of design, they are windows into Surry Hill's indissoluble bohemian heart. The Inner West . When it comes to noisy and unsightly motorways, Parramatta Road, Sydney's major east-west artery, takes the cake. But a select number of its side streets and adjoining suburbs are vibrant hubs for food, fashion and art. At the very start of Parramatta Road, the castle-like buildings of Sydney University were modeled on London's Westminster Abbey. Walk though its neogothic sandstone quadrangle to King Street, Newtown, an eclectic meeting place for students, rockabillies and steampunks. Lined with old pubs, cinemas and multicultural eats like Rowda Ya Habibi (+612 9557 5368), Sydney's best kebab joint, King Street is a people-watchers' paradise and then some. Across from Sydney University is Glebe Point Road, home to Gleebooks, Sydney's most popular independent bookstore. On Saturday mornings, Glebe Markets provides a showcase for emerging artists with recycled fashion and bands on the side. A mile west of here on Parramatta Road is Deus ex Machina's House of Simple Pleasures. A hanger-size oasis of retro style, it combines a custom motorcycle showroom, the Deus boutique and a pseudo-industrial function space that hosts everything from weddings to rock concerts. Continue another mile and a half and you'll find Sydney's Little Italy on Norton Street, Leichhardt. With around 50 restaurants and cafÃ©s, the strip stakes a claim as one of Sydney's great ethic culinary hubs. Discover your favorite Leichhardt eatery on a Buon Appetito walking tour. Run by Italian-Australian advocacy group Co.As.It, it visits Leichhardt's best food outlets, teaches the history of Italians in the area and culminates in a cooking demonstration and Sicilian lunch. Woollahra . An Aboriginal word meaning 'camp', Woollahra is one of the eastern Sydney's most affluent suburbs. Its streets are lined with elm trees, grand Victorian terraces and a village-like retail hub home to some of Australia's most prestigious art galleries. The Gallery Walk starts near the corners of Oxford and Queen Street at The Art of Dr Seuss for limited-edition prints by the author of the ""Cat in the Hat"" series. Continue along Queen Street to Bewoulf Gallery for exotic and ethnographic ceramics. A detour through Hallis Lane leads to the Tim Olsen Gallery and Richard Martin Art on Jersey Road, where Sydney's art cognoscenti attend regular exhibitions. Tucked behind rows of square hedges around the corner on Ocean Street is Chiswick, a glasshouse-inspired eatery with shaded outdoor seating. TV chef Matt Moran sources herbs from Chiswick's own vegetable patch, lamb from his own farm and small goods from Victor Churchill, a Woollahra butcher of distinction established in 1876. Back on Queen Street, across the road from luxury perfumery Jo Malone, is Life.Style -- the boutique-gallery hybrid of global cosmetics tsar Napoleon Perdis. Trading from the heritage-listed original Woollahra Post Office building, it stocks IONIA porcelain dinnerware from Greece, Lucite and Perspex accessories from France plus lithographs and garments from the US. ""Woollahra is a micro cosmos that epitomizes the idea of Sydney as a city of villages,"" Perdis says. ""It's not just a tourist attraction, it's the way we live."""
fd360c5a0c276f105df25d6ef11979a62738fbb2,,{},"(EW.com) -- Fifteen songs on one record? It's a bold move â€” more potential hits, but more potential misses, too. Hard-rockin' Georgia native Jason Aldean, who prides himself on not fitting in a square country box, did it on his 2010 crossover monster, ""My Kinda Party,"" and scored three No. 1s, including the rap-laden ''Dirt Road Anthem'' and the Kelly Clarkson duet ''Don't You Wanna Stay.'' On ""Night Train,"" his fifth album, he aims high and wide again with tracks ranging from ''1994,'' a hip-hoppy tribute to '90s country artist Joe Diffie that asks you to chant ''Joe! Joe! Joe Diffieee!'' (laugh, but then, ugh, you will), to ''Black Tears,'' the ballad of a sad stripper who dulls her pain with cheap sex and cocaine. Enjoy, country radio. 'Walking Dead': Huge premiere ratings . While Aldean can pull off his wilder detours, he's at his best when he hews to traditional themes. There's an urgency in his voice that gives every driving chorus added heat, whether he's singing about a woman (''I Don't Do Lonely Well,'' ''Staring at the Sun''), his country-boy work ethic (''The Only Way I Know,'' with Luke Bryan and Eric Church), or a water tower (literally, ''Water Tower''). And man, does he know how to turn a simple date-night drive into something epic. When he pleads, ''I don't want to waste that moon/And the heat on the hood of this Ford'' on the parkin' ballad ''Talk,'' well, you may not want to waste it either. A- . See the original article at EW.com. CLICK HERE to Try 2 RISK FREE issues of Entertainment Weekly . © 2011 Entertainment Weekly and Time Inc. All rights reserved."
4b815dad50b5e40f0d5372320ddbaff432ef5e7c,ID,"{'ID': 9, 'AU': 3}","(CNN) -- Australians are demanding a ban on cattle exports to Indonesia after an investigation revealed brutal treatment that included animals getting flogged, kicked and bleeding to death in some cases. The call comes after an investigation by an Australian animal rights group, which followed the cattle from the docks to 11 abattoirs in Indonesia. Animals Australia conducted the probe after a livestock industry report revealed mistreatment, according to Glenys Oogjes of the animal rights group. It openly filmed inside 11 abattoirs, including at night, with the help of Indonesian workers at the slaughterhouses, Oogjes said. ""Our primary goal was to have a look and see what we were reading in industry reports and to find out if it was as bad as it sounded,"" she said. ""Our goal was to expose to the Australian community what's happening to our live stock in Indonesia, and to stop our animals from being treated badly and to halt the trade to Indonesia."" ""It was really unfortunate if it really happened,"" said Djajadi, director of the Veterinary Health Department of the Indonesian Ministry of Agriculture, adding, ""Australian cattle is different from Indonesian cattle. They're big and wild."" But, he said, ""We already have plans to put the slaughter houses in order, to ensure the animals' welfare, by giving restraining boxes for slaughtering, stun guns for slaughtering houses, training and education for the workers."" The footage, broadcast on Australian television, showed cattle being flogged and taking minutes to die after their necks were slashed, according to the rights group. In addition to the mistreatment, the cattle are not treated in accordance with the Muslim practice of halal, Oogjes said. ""Animals are supposed to be treated well and should be facing Mecca when they are slaughtered. Our investigation discovered that neither of these things were happening,"" Oogjes said. She said the rights group ""filmed animals being slaughtered and cut up in front of other animals -- that's certainly not halal."" The footage sparked angry calls to the agriculture department and tens of thousands of signatures in an online petition. Opposition parties, farmers, animals rights groups and outraged citizens have demanded a ban on Indonesian cattle exports,  Oogjes said. On Wednesday, the Australian veterinary association joined calls for a suspension of trade to Indonesia until humane slaughter practices are established. Australia's agriculture minister has appointed someone to look into the situation,  Oogjes said. ""He has said this week the cattle won't be sent to the 11 abattoirs investigated by Animals Australia,""  Oogjes said. ""But it's ridiculous. There are thousands of abattoirs in Indonesia and we don't have any control over where our animals go in Indonesia."" Animal rights groups called on Prime Minister Julia Gillard to urgently halt cattle exports to Indonesia. ""While the government could deny knowledge of what's going on in Indonesia this time around -- if we have to go back and document further evidence -- the public will not be so forgiving,""  Oogjes said in a statement. CNN's Kathy Quiano contributed to this report."
f570c08f3bdef3505927e87c3a249fccfc534151,GB,"{'GB': 3, 'IE': 1, 'ES': 1, 'ZA': 1}","(CNN) -- World No. 1 Rory McIlroy lost his cool in the midst of a heatwave at the BMW PGA Championship as Luke Donald stepped up his challenge to usurp the 2011 U.S. Open champion at the top of the rankings. McIlroy, from Northern Ireland, struggled to a two-over-par round of 74 on the opening day at the Wentworth course while Donald, the defending champion, sits within striking distance of the leaders on four-under. Donald can regain the No. 1 spot with victory at the tournament and must finish in the top eight to have a chance of overtaking McIlroy. His six birdies helped him into a tie for eighth place. Scotland's David Drysdale and Ireland's Peter Lawrie lead on six-under after day one with England's Justin Rose and Alavaro Quiros, from Spain, in a group of five players one shot back. Donald targets No. 1 spot after European Tour award . McIlroy's round included a run of four bogeys in five holes and at one stage he hurled a club to the floor in frustration after a poor shot. ""It's a bit of deja vu from last year,"" he told reporters. ""I kept getting off to good starts and sort of making a few bogeys around the turn and not getting any momentum back. ""Two under through seven, feel like I'm playing well, then I make four bogeys in five holes. It's pretty disappointing and I feel like I'm playing pretty well, I just need to go out there and shoot a score."" McIlroy's compatriot Graeme McDowell's round turned sour shortly after he'd walked off the 18th green as his ball was shown to have moved prior to hitting his second shot from the rough on the closing hole. The 2010 U.S. Open champion was unaware the ball had moved and he was penalised two strokes -- one for not replacing the ball into its original position and one for striking it from the wrong place. It turned his round of level par into a round of two-over. He told reporters: ""How are you supposed to attempt to place the ball when you're not sure it's moved in the first place? It's just a harsh one -- one of those freak scenarios in golf. ""It's my fault. I probably should have called for a referee. That would have saved me one shot, but what are you supposed to do -- the whole area was sort of bouncing. ""I was aware of it and asked for it to be looked at. The rules are there for everybody's protection."" Three-time major champion Ernie Els, from South Africa, is on four-under and compatriot Charl Schwartzel, the 2011 Masters champion, finished on three-under. Former world No. 1 Lee Westwood, who was beaten by Donald in a playoff at last year's tournament, birdied the last to finish two-under."
b23a52586fb962d8b8f9ccdcfd8c5f8065140c5b,CN,{'CN': 5},"Beijing (CNN) -- A dolphin who died in the southern Chinese city of Sanya Monday has sparked nationwide anger after pictures surfaced of tourists near the shore mistreating and posing with the dying animal were spread on Weibo, China's most popular social network site. The dolphin died off the shore in Dadonghai, a resort in Hainan Province, due to injuries to its tail, likely from a collision with a fishing boat, according to state news agency Xinhua. The injured dolphin was found on a beach Sunday. A witness surnamed He said the animal was still alive when tourists start to take pictures with it, according to local portal news hinews.cn. Photos on China's microblogs showed that tourists -- instead of helping the dolphin -- were lifting and mistreating it before rescuers arrived. One of the pictures showed a man flexing his muscles in front of a group of swimmers holding up the dolphin soon went viral on the social network sites. Irritated netizens criticized harshly for the tourists' cruelty. A writer posting by the name @Justin_joe called the tourists ""a group of animals."" Netizen outrage after Chinese tourist defaces Egyptian temple . ""China is now filled with people lacking moral values, ignorance, and decreasing civility of the citizens,"" added @Jiangxiangsiyi. While many showed their anger, others say Chinese netizens have overreacted to the incident. ""I think people have focused on the wrong thing. They don't care when people die, but to care about dolphin,"" wrote @Woaijialin. China instructs its citizen on how to behave abroad ."
88080efaeb51dffa57038d4228f7b97416a2711e,IQ,"{'US': 1, 'IQ': 2}","(CNN) -- The man authorities believe was responsible for the New Year's Day shooting death of a national park ranger in Washington state was a former soldier who owned many knives and guns despite an emotionally unstable, vindictive and anger-prone mind-set, the mother of his toddler daughter said in court documents. Authorities on Monday found Benjamin Colton Barnes' body face down in a creek in Mount Rainier National Park, not far from where investigators believe he fatally shot park ranger Margaret Anderson. Investigators say they believe Barnes shot the ranger after he blew through a checkpoint set up to check vehicles to make sure they had the proper winter gear necessary to travel the park. Anderson and another ranger had set up a second roadblock to stop him when he jumped out of the car and opened fire. She was struck before she was able to get out of her vehicle, authorities said. Anderson, 34, was the first Rainier park employee to be a homicide victim, and the devastated staff needed a few more days to recover before the park reopens Saturday, officials said Tuesday. While investigators said they had little insight into Barnes' mind-set or motivations, the woman with whom he was in a custody dispute over their young daughter said in court documents filed last year that she was frightened to be in the same state with him. ""The weapons are harmful, and I don't know if he will try to use them against myself or my family,"" the woman wrote in a filing for a temporary restraining order filed with the Pierce County Superior Court on May 24. She wrote in other documents reported on by CNN affiliate KIRO that Barnes might be suffering from post-traumatic stress disorder after a deployment to Iraq. Barnes, 24, served as a radio and communications repair specialist with 2nd Squadron, 1st Calvary Regiment, a unit of the 2nd Infantry Division located at Joint Base Lewis-McChord near Seattle, according to Army spokesman Troy Rolan. He joined the Army in February 2007 and was deployed to Iraq from that year to shortly before his discharge in 2009, Rolan said. Details of his discharge were not immediately available, Rolan said, and Army policy prohibits release of information about a soldier's medical condition. Despite photos of a muscular Barnes, shirtless, tattooed and brandishing two guns, Barnes wasn't a combat soldier. Instead, he was responsible for fixing radios and other communications equipment, Rolan said. The weapons in the widely circulated photo didn't appear to be government-issued, Steven Dean, an assistant special agent in charge at the FBI's Seattle office, said Monday. And he didn't appear to have any special wilderness or survival training, Dean said. Barnes was found face down near a creek in a T-shirt, jeans and one shoe. Before the shooting at the national park, Barnes was wanted in connection with a shooting early Sunday in the Seattle suburb of Skyway that left four people wounded, two critically, according to the King County Sheriff's Office. ""There was kind of a show-and-tell with guns in the evening at a party,"" spokeswoman Sgt. Cindi West told CNN. Shortly before 3 a.m. Sunday, one of the males at the party asked to see a gun belonging to another person, West said. When asked to give the gun back, the male refused. ""A fight ensued, and at one point at least two people pulled guns, and a shootout ensued. Witnesses said that Benjamin Barnes was one of the subjects that pulled a gun and fired,"" West said in a statement. Barnes left the scene with two others. ""It is unclear at this point who shot first and who was shot by whom,"" West said. Authorities contacted Barnes' family after the incident in a bid to have him come in for questioning, according to authorities. Meanwhile, a woman who said she had spurned Barnes' romantic advances said he visited her on Sunday morning, before Anderson's shooting, to wish her a happy new year, according to CNN affiliate KCPQ. She told the station that she thought Barnes was a nice guy when they first met, but that he ""seemed sketchy"" after she got to know him better. That he turned to violence in his final days wasn't shocking to her, she told the station. ""It doesn't surprise me, honestly. He is a loose cannon. If he doesn't get his way or something makes him upset, he goes all the way out of control,"" she told the station. The park remained closed Tuesday, as authorities continued to investigate the shooting and Barnes' death. ""We are still dealing with the loss,"" said Mount Rainier National Park spokesman Kevin Bacher. ""Everybody is just devastated and exhausted by this, trying to get back on an even keel."" The last ranger fatalities at the park was in 1995 when two climbing rangers died during a rescue, officials said. About 125 employees at Rainier are being offered counseling and other measures. ""A very large number of our staff are very shook up by this event,"" said Bacher. Anderson was one of about a dozen commissioned law enforcement officers at the park. They assist motorists, firefighters, campers and search-and-rescue personnel. ""Our rangers are trained to be prepared for anything,"" Bacher told CNN. Condolences continued to pour in Tuesday to the Officer Down Memorial Page; 955 messages had been posted as of Tuesday evening in praise of Anderson's service and offering comfort to her family, including her husband Eric Anderson, who also worked as a ranger at the park, and their two children, 1 and 4. ""Everyone is talking about her,"" Patty Wrzesien, a waitress at Cruiser's Cafe, told CNN affiliate KING on Monday. ""She was such a sweet, sweet lady."" Anderson had always liked the outdoors, and she liked helping people, her father, Paul Kritsch, told KING. And that is why she loved her job as a ranger, he said. Her family is planning a memorial service, according to Bacher. CNN's Patrick Oppmann contributed to this report."
bef2693eadaa68afa74cfdbcac58bbccd136331b,US,{'US': 1},"Miami, Florida (CNN) -- They're at the top of the ocean's food chain -- but it is still a mystery how the oil disaster is affecting the shark population in the Gulf of Mexico. Even if sharks never touch the oil slick, their sources of oxygen and food are at risk. And a reduced shark population could impact the entire Gulf ecosystem, according to Neil Hammerschlag, a researcher at the University of Miami, who has been studying sharks for a decade -- tagging them to determine their migratory patterns and other behaviors. Today, his research focus has changed. ""The oil spill opens up a whole new avenue for critical research,"" says Hammerschlag. As with most weekends, Hammerschlag leads a university research team packed into a boat with interns and high school students, to fish for sharks. They research the impact of the oil on sharks and other species of fish in the Gulf of Mexico. Because sharks eat nearly everything beneath them on the food chain, they provide a lot of information about the ecosystem. ""If you see high levels of oil in a shark, you better believe it's in the whole food chain,"" says Hammerschlag's assistant, Austin Gallagher. In order to take biological samples from the sharks, first they must be caught. Ten lines are baited in areas believed to be attractive to sharks. ""Sharks don't chew their food they swallow it,"" Hammerschlag says. The lines are equipped with special circle-shaped hooks to prevent the sharks from harming themselves when they swallow the bait. Swallowing a circle hook, with an inward point does not hurt the shark, Hammerschlag says. The shark swallows the bait and, as it starts to swim away, the hook turns and catches the animal's jaw. He compares it to a lip piercing. ""It heals very, very quickly,"" he says. Once a shark is on the line, it is pulled up to the side of the boat. Larger sharks are kept in the water. The researchers lean over the side of the boat and gather tissue and blood samples, before attaching a tag to the fin. The process usually takes just a few minutes from the time it is reeled in until the shark's release. The information has been used for creating protected marine areas, as well as medical research. Large sharks that migrate long distances -- bull, hammerhead, and tiger sharks -- are outfitted with satellite tracking devices with sensors. When the shark breaks the water's surface, its location is sent to a satellite. Hammerschlag then receives an e-mail containing the coordinates. The data on the sharks' movement -- published on the University of Miami's website -- will tell researchers whether the sharks encounter the oil in the Gulf of Mexico. Hammerschlag thinks the odds are high that sharks will swim through water filled with oil, but he can't be certain because there's no precedent. He's hopeful the sharks can outsmart the environmental disaster. ""There is a possibility that these animals might be able to anticipate the oil and sense the oil and actually move away from it,"" he said. Swimming through the oil could be deadly for sharks. ""Sharks breathe through the water,"" says Hammerschlag. ""They take in the water, the water goes over their gills and they extract oxygen out of the water."" If the water is mixed with oil, it would hinder their normal breathing pattern, he says. It's still too early in Hammerschlag's research to determine whether sharks are swimming through the oil. ""Hurley"" the hammerhead shark had transmitted a signal nearly every day for three months, until just a couple of days after the rig explosion that caused the oil spill. ""The tag could have failed or it could have headed off somewhere else into deep water and just not come up in the last few months,"" Hammerschlag says.  ""But that's very unlike the shark's characteristics."" Either way, as long as there are fish in the oiled area, Hammerschlag and his team will be looking at the effects on sharks. ""You know, there's fishing areas closed in the Gulf of Mexico because they don't want people catching and eating that fish,"" he said.  ""But I don't know if the sharks got the memo."""
f46d856baad30707b790debddc70a73e5ac8b3e7,US,{'US': 2},"(CNN) -- Two months after a California mall was closed following a devastating fire, authorities had to close it again Monday night after Christmas singers clogged the shopping center. ""The enthusiasm for the Halleluiah event tonight was far greater than anticipated by organizers,"" said a statement from the Westfield Galleria at Roseville. ""Out of an abundance of caution, the center was evacuated. We apologize for this inconvenience."" The Sacramento Choral Society was holding what police called a ""well-publicized"" event to sing the ""Hallelujah Chorus"" in the mall's food court, scheduled for 7:30 p.m. ""Come join our large Chorus of area Singers as they burst into Handel's Hallelujah Chorus much to the surprise and delight of Shoppers in the Food Court of the recently reopened Westfield Galleria at Roseville,"" the society's website trumpeted ahead of the event. But less than an hour beforehand, too many people had crowded into the mall. ""At 6:45 p.m., the Roseville Police and Fire communications center received reports that people in the food court heard popping noises and felt floor movement,"" a police statement said. Engineers later checked the structural integrity of the mall and found it to be safe. The holiday crowd and choral singers eventually got to raise their voices in song, but in the parking lot. Police said the mall, located about 18 miles northwest of Sacramento, will reopen Tuesday at 8 a.m. A large section of the mall burned on October 21, after a man set it on fire while barricaded inside a video game store, during a standoff with police. An investigation later showed that the sprinker system was shut off for more than an hour during the blaze. The damage was so severe that California Gov. Arnold Schwarzenegger declared a state of emergency at the time. The governor's order suspended the normal one-week waiting period for mall employees to seek unemployment benefits."
1e2706fecba89b3ad9fa1cef67cf936c8b87ed19,US,{'US': 1},"New York (CNN) -- Lady Gaga met with me this week about the launch of her new fragrance, Fame, but as is often the case with this pop mega-star, it is hard to determine what is marketing, what is performance and what is her reality. ""Fame has a very interesting prospect with dangerous encounters around the corner.....Fame is ultimately about the cycles of desire and how to do away with them or manage them well,"" the 26-year-old superstar said. ""Vanity can create a very cruel space for you if you don't know how to manage it."" One thing you are sure of -- she is passionate. Unlike other celebrities who license their name to use on products other people make, Gaga was heavily involved in the entire process, she says, including the idea of making the actual liquid black -- a perfume first. At first, her collaborators tried to talk her out of the dark tint ""so you don't have to explain to everyone how it won't get on your clothing,"" she recalled. ""And I said, `I don't want to do it unless it's black'."" She is certainly someone who knows how to walk the fine line between shock value and mass appeal -- as when I asked about what she wanted from Fame's scent. ""I wanted it to smell slutty, to be totally honest,"" she said. ""I don't think that women need to smell interesting. I have an interesting mind but I want to smell like a slut ... I mean it in a lovely way like the way your husband makes you feel when you've had a really long day and he knows exactly what to say to you to make you feel sexy."" Does she think of herself as a businesswomen? ""Well, I guess we'll find out,"" she said. More: Before she was Gaga: The unseen photos . The young performer is certainly in the black: Forbes estimates Gaga earned $52 million between May 2011 and May 2012 -- a drop from the $90 million she earned the year before, the magazine reported. But Forbes expects that figure to balloon next year, as she launched her 2012-2013 ""Born This Way Ball"" world tour in late April with more than 100 concerts planned. Will that passion translate into commercial success for the perfume? Some fans are turned off when their favorite artists hawk products, but as Gaga quipped during our interview, ""I already am a product."" Prices for the Fame products range from $19 to $79 for a 100 milliliter bottle, and the line also include soap, shower gel and body lotion. She joins a long list of celebrities who have launched their own perfume or cologne lines, from Beyonce and Brittany Spears to Pavarotti and Michael Jordan. ""The most exciting thing about this fragrance is that is was collaboration between myself and two lifelong friends of mine, incredible photographers and creators,"" she said. ""Steve Klein shot the ad campaign the amazing images for the fragrance and Nick Knight designed the bottle with me. It's been an amazing time for me. I've been enjoying myself because I get to work with people I really love and respect and give something back to the fans. ""We really spent a lot of time creating this for you because we love you and we appreciate that you love the aesthetic that we created through our music and TV performances,"" she added. Gaga has dismissed the idea of a fashion line in the past, saying the Haus of Gaga, the creative team behind often controversial couture, ""was not a commodity, not something to be sold."" But that may be shifting. When I asked her if this experience has made her open to the idea of other products she coyly responded, ""Anything is possible."" As for the woman herself: She was punctual, polite, fabulously turned out but I can honestly say by the end I had no more insight on Stefani Joanne Angelina Germanotta the person, than I did at the start. And I suspect that is just how Lady Gaga likes it. She is in it for the long haul and very much in control of every aspect of her Fame."
4ee21d37c1e73c0025118134c7d9f5288aa9d1c4,LY,"{'US': 1, 'LY': 5, 'ET': 1, 'IQ': 1, 'SY': 1, 'AR': 1, 'KW': 1}","Washington (CNN) -- Obama administration handling of the terror attack on the U.S. diplomatic compound in Benghazi, Libya, that killed four Americans, including Ambassador Christopher Stevens, sparked outrage from certain Republicans, but none of that was evdident at the confirmation hearing of his successor. Only three members of the Senate Foreign Relations Committee attended the hearing on Tuesday for Ambassador Deborah Jones, President Barack Obama's nominee to take over in Tripoli. She mentioned the armed assault last September 11 in her opening statement and in answering questions. Jones, a career diplomat, said stopping the flow of weapons through Libya's porous border will ""enable the defeat of volatile and deadly rogue militias, and prevent a repeat of the tragedy in Benghazi."" She said that she ""will work closely with the Libyan government to see that justice realized"" in the Benghazi attacks. In an interview with CNN's Dana Bash afterward, Jones said she was pleased with the substance of the meeting and that her focus was on looking forward in Libya, not looking back. ""I was pleased that there was focus on the substance of Libya we got a lot of work to do there,"" Jones said. ""There are a lot of serious issues there that require having an ambassador on the ground. And I think that this town ... the politics is something completely different. I'm really focused not on the forensics but on the future."" Tuesday's muted atmosphere was a prelude to Wednesday's House Oversight Committee hearing on the Benghazi attack. Panel Chairman Darrell Issa has released testimony from three whistle blowers who plan to discuss what they feel were security failures at the compound during the attack. The testimony of Greg Hicks, a former top U.S. diplomat in Libya, has been the focus of Issa's hearing. Hicks is expected to discuss how the American military could have done more to protect those in Benghazi. Democrats on the House committee charge the hearing is a charade. The committee's senior Democrat, Maryland Rep. Elijah Cummings, said members of Congress have an obligation to actually investigate claims before coming to conclusions and making public accusations. ""Unfortunately, House Republicans have taken the opposite approach,"" he said. Despite being nine months removed from the terrorist attack, the tragedy has maintained a steady drumbeat on Capitol Hill, particularly with Republicans, who claim to not yet know the full story of what transpired. But only three of the 18 members of the Foreign Relations Committee attended Tuesday's hearing for Jones -- Sens Bob Corker and fellow Republican John McCain and Democrat Bob Menendez. Senators paid tribute to those lost in Benghazi. ""We can never forget Ambassador Chris Stevens and the three other American public servants, Tyrone Woods, Sean Smith, and Glen Doherty, who tragically lost their lives on the attack on the U.S. mission in Benghazi last September,"" Menendez said. Jones said she would take responsibility for personnel security if confirmed as ambassador. ""On security -- and again this is something that is, well, as we know it is deadly serious for us,"" she said. ""It is the role of the ambassador -- the ambassador is the principal security officer at post. And it is the ambassador who has to decide whether to allow people to travel here or there, whether to ask for additional assets, whether to insist on additional assets."" She added that if you don't get the answers you need then ""pick up the phone and you speak to the people"" responsible for that information. ""That is what I intend to do. That is what I have always done,"" she said. Jones is a respected career diplomat who has held consulate and embassy posts in Turkey, the United Arab Emirates, Ethiopia, Iraq, Syria and Argentina. Most recently, she served as U.S. ambassador to Kuwait from 2008 to 2011. There has been a great deal of tension between Democrats and Republicans on Benghazi, partly stemming from televised comments after the attack by U.N. Ambassador Susan Rice, who said it was a spontaneous act that grew out of a demonstration over an anti-Islam film made in the United States. Later, the administration called the Benghazi matter a terror attack. Rice and other officials said that her comments explaining the incident publicly relied on official talking points. Still, the initial statements and the resulting controversy cost her a likely nomination to succeed Hillary Clinton as secretary of state. Certain GOP members also sharply questioned Clinton over the administration's explanation of events and the state of security at the compound prior to the attack. Clinton said she took responsibility for the deaths, stating that as secretary of state, she was ""in charge of the State Department's 60,000-plus people all over the world."" In January 2013, Clinton testified for more than five hours before the House and Senate Foreign Relations committees. In her testimony, she acknowledged a ""systematic breakdown"" on Benghazi and said her department was taking additional steps to increase U.S. security at diplomatic posts. Critics have questioned the validity of continued congressional scrutiny, especially Democrats who say Republicans are only interested in discrediting the administration and hurting Clinton's chances of running for president in 2016."
7fd14210b1d7d1806cb6daf98912116d679d6922,,{},"(WIRED) -- In less than a week, Google announced an operating system to compete with Windows, while Microsoft announced that Office 10 will include free, online versions of its four most popular software programs -- a shot at Google's suite of web-based office applications. The fight between Microsoft and Google is over who'll be seen as the world's most important tech company. And not more than a month and a half ago, Microsoft unveiled its new search engine Bing, which it hopes will steal market share from Google and finally make it real money online. From the news of it, it's a full-blown tech battle, complete with behind-the-scenes machinations to sic government regulators on each other. It is, however, not a death match -- it's more of an fight to see who will be the King of Technology, since both companies pull in their billions through completely different siphons and are unlikely to severely wound one another any time soon. Google pulled in $22 billion in revenue in 2008, 97 percent of which came tiny text ads bought by the keyword and placed next to search results or on pages around the web. Google makes a negligible amount of money bundling its online apps for businesses, charging $50 a head annually -- but mostly it just gives its online text editor, email and spreadsheet programs away. By contrast, Microsoft sold $14.3 billion worth of Microsoft Word and PowerPoint and other business applications over the last nine months, making a profit of $9.3 billion. It made a further $16 billion in revenue in 2008 through sales of its operating systems, which range from XP installations on netbooks, to Vista, to Windows Mobile to its server software. Google now plans its own range of operating systems, starting with Android, an open-source OS for small devices like smartphones, and Chrome OS, a browser-focused, open-source OS that will run on notebooks and desktops. Clearly top executives at each company look over at the others' pots of gold and dream of ways to steal them, or at least make it harder for the other guy to make money. In fact, they even dislike each other enough to spend money to make the other one lose revenue -- take for example, Microsoft's behind-the-scenes campaign to scuttle last year's proposed Google-Yahoo advertising deal or its ongoing attempts to derail the Google Book Search settlement. But in reality, the competition is really about creating universes or ecosystems that it hopes consumers will want to live their technology lives inside. And it's about ego -- a fight to be recognized as the world's most important technology company. Microsoft would love for everyone in the world to be using its Internet Explorer browser to search through Bing to find a story from its MSN portal to email via Hotmail or Outlook to a friend. Add in a smartphone running Windows Mobile and an Xbox in the living room for the kids, and you have a Microsoft family. And though it is much joked about, Microsoft is the dominant platform for software developers of all types, whether they are making small business software, massive online role-playing games or photo-editing utilities. Google's ecosystem looks different. It starts with a Google Chrome browser (oddly running only on Windows) with a default homepage set to Google News or a customized Google homepage. From there you might go to Gmail and then click on a Word document sent to you as an attachment which Google will quickly -- and safely -- open for you in its online word processor. But most importantly, Google wants you to search and travel around the web, hitting web pages that run Google-served ads and Google tracking cookies. You might think that Google is a really cool company to give away all this free technology, while never thinking about the persistent and silent data collection Google is undertaking to profile you in order to deliver you to advertisers for a premium. So how do the two stack up in four key areas of competition? Browsers: Internet Explorer in all its variations still retains close to 70 percent of the market (depending on who is counting and how). That dominance remains, even though Microsoft's latest offering IE8 lags behind all the other major browsers in features and advanced web capabilities. Firefox, Opera, and Apple's Safari have all driven browser innovation over the last five years, but most people have not been convinced to leave IE behind, despite other alternatives being safer and more advanced. Why does it matter? Well, IE installations come with a default home page, don't they? Google's Chrome browser, on the other hand, is a handsome, whiz-kid of a browser. It's sleek and nimble, and it revolutionizes how tabs are handled. The address bar is the search box (Google as default, naturally). Each website opened runs as its own browser instance and has very low permissions to read and write to files. The sandboxing of tabs means that if a single website hangs or crashes, the rest are unaffected. Meanwhile, lower permissions make it harder for a hacker to bust into your computer through your browser. Chrome also has less than 2 percent of the browser market share. Online Search: Google's name now means search to most users. Google's search engine means money to Google. In June, it delivered 78.5 percent of search results pages delivered to U.S. web users. In the first three months of 2009, Google pulled in $5.2 billion in revenue, a majority of which came from AdWords, an auction-based service that triggers ads based on the keywords in a search query. Microsoft recently debuted Bing, a new search engine it hoped would fare well in comparison to Google. It's got some fine innovations, and shows the company is thinking very hard about better ways to present information to users by finding ways to synthesize data, rather than just retrieving links. Still, despite these improvements, a $100 million ad campaign, and generous press coverage that treats Bing like an underdog, Bing gained only a point in June to get Microsoft 8.2 percent of all searches. Operating Systems: Microsoft has been making operating systems since 1979 and has spent 28 years perfecting MS-DOS and Windows NT, the frameworks that Windows have been built around. Microsoft is estimated to run on about 90 percent of all laptops and desktops in the world. By copying its competitors' best features, leveraging questionable licensing arrangements and using its base of accustomed users to buy it time against innovators, Microsoft has held on to its lead in the OS market for almost 30 years. That's despite challenges from Digital Research, Apple and IBM. Microsoft's newest version, Windows 7, will be available in the fall. Early reviews say the OS boots quickly and sleeps fast, and avoids much of the confusing interface decisions that have made many dislike Vista, the successor to Windows XP. Microsoft also dominates in the business world, where nearly every medium to large company standardizes around Microsoft Office. Microsoft is also at work on version 6 of its operating system for handheld devices, which it first launched in 2000. Its OS advantages are immense. It has millions of users who know nothing else and who like Windows. There are millions who are attached to games or the thousands of desktop apps that are only available on Windows. Thousands of devices just plug in and work on its hardware. And familiarity with Microsoft software is a requirement for a huge number of office jobs. By contrast, Google first stepped into the OS game in 2007 when it announced its Android operating system for small devices. Google estimates that some 18 phone models will be running its system by the end of the year. Last week, Google announced, but did not show off, a new OS to compete with Windows, dubbing it Chrome OS. That name signifies that Google's OS will be for the web and browser-based. It hopes to convince developers to write software that runs inside a browser, instead of on top of the OS as developers for Windows and Apples' OS X do. It will also let web developers extend the power of their websites by expanding the capabilities of the browser, allowing websites to lean on the browser for storage and processing help. Advertising: Google is largely powered by its innovative auction-based text ads on its own site, but then expanded into serving ads on other people's sites with the Adsense program. It bought the ad-serving and behavioral-profiling giant Doubleclick in 2007 for more than $3 billion, and has ventured into mobile, print, radio and television ads. Microsoft has struggled to replicate Google's online advertising success. Despite owning MSN.com -- a portal that is second only to Yahoo as a destination -- Microsoft has not made money on the internet. To turbocharge its ad-delivery technology, it paid more than $6 billion in cash in 2007 for aQuantive, a full-service online advertising concern. Instead, Microsoft's online ad business lost $1.2 billion in 2008, double what it lost in 2007. The company expects 2009 revenues to be higher than the $3.2 billion it took in last year, but has not said it would make a profit. Contrary to what some might have you believe, the benefits of the Google-Microsoft competition are immense. Microsoft had largely grown complacent until Google came along to shake up categories. Gmail's massive online storage capability and fancy programming made Microsoft hustle to upgrade its popular, though not user-friendly, web e-mail service. Google Maps led to Microsoft's Live Maps, which now bests Google's efforts in some ways. Google has been winning the fight for the last few years, showing that it is still nimbler than the software giant from the Northwest. But the pendulum may be slowing, or even poised to swing the other way. With the innovations in Bing and the promise that Microsoft's online Office offerings will be free and more fully featured than the Google equivalent, Microsoft is taking on Google where it matters for users: on the field of innovation. And that will make for an interesting race, no matter which horse you prefer to ride. Subscribe to WIRED magazine for less than $1 an issue and get a FREE GIFT! Click here! Copyright 2009 Wired.com."
269e5efffbe674609b9dd78dc49d7f96bed0e6f4,US,{'US': 2},"(CNN) -- A couple of years ago, my daughter and I were playing the classic board game ""Life,"" and her little car reached the roadblock at which everybody -- absolutely everybody -- gets married. Needless to say, given a new set of striking statistics last week that showed a record low of 51% of American adults are married, ""Life"" was designed many decades ago. The study by the Pew Research Center further found that 40% of births these days are to unmarried mothers, and a similar percentage of Americans say marriage is becoming obsolete. My daughter Liliana, who was 8 when we were playing the board game, tossed off this remark as she stuck the tiny blue husband pin into her car: ""When I grow up, I don't think I'll get married. I think I'll just get some sperm."" How we reap what we sow! Liliana was old enough to know the story of her own origins, and it goes like this: When I turned 39, still single, I resolved to become a mother on my own and bought eight vials of donor sperm. But then I met her father, Sprax, and he agreed to help me have a baby the old-fashioned way. We went through many ups and downs, even splitting up for a couple of years, but finally realized that we loved each other, got back together and went on to have her baby brother. When Liliana was almost 4, we got married. So there I was -- the former single mother by choice, the typical Massachusetts type who deeply believes that there are a hundred great ways to make a family and that life can also be wonderful without one -- and I found myself responding to my daughter: ""That would be fine if you just get some sperm, sweetheart, but you know, being married is actually really nice, too."" What happened to me? What happened to the independent woman who, by the time she married for the first time at age 44, felt no particular need for a piece of paper from City Hall? It is this. Day in and out, through lunch-packing and play date-making and bath-running, I am struck by a surprising truth: Though the raising of our children constitutes the central activity of our family, it is the love between Sprax and me that constitutes its ineffable core. That sounds like a traditional religious point of view, but we are not religious. I've come to this understanding simply as an observer of my own heart and the family dance. It is, apparently, just an emotional fact of life -- at least, of our life. What baffles me is that I was perfectly able to have Liliana without being in a committed, loving relationship with Sprax, and our semi-family life was really quite happy in that formation. We all got along; Sprax would visit two or three times a week; Liliana got plenty of love and structure. But since he and I reunited, our bond has become the family's invisible center, the axis of its spokes. I did not need a husband. But I need him. LZ Granderson: Love and marriage are not the same thing . So fine, but what difference do the formal ""bonds of matrimony"" make? Usually you hear people talk about commitment, but I can't imagine any greater commitment than sharing children who are still going to need raising for quite a few years. No, what marriage means to me is acceptance, an ""absolute yes"" that makes it bearable to be seen at your worst -- exhausted or flu-ridden or carried away by an ugly bout of selfishness. That ""yes"" launches the creation of an entity, a union, that exists apart from the daily ebb and flow of difficulties and joys. It is nothing but an abstraction, but, to my amazement, it is the most beautiful thing in our lives. So this is my marital equivalent of ""Yes, Virginia, there is a Santa Claus"": . ""Yes, Liliana, you can definitely stay single and you'll have loads of company. You by no means have to get married. You can definitely have a fabulous life without marriage, and it would certainly be a huge mistake to rush into anything. ""But I cannot lie: I wish you all that is best in life, and marriage, when it's good, can be one of those things. And if you do get married, at your wedding I'll cry tears of joy -- because I'll know that you're about to enter the gates of one of the most magical places in the world."" The opinions expressed in this commentary are solely those of Carey Goldberg."
d65ff8bcad85f8da2234b7048582dbf3fb93c99d,,{},"(CNN) -- There are guy movies and girl movies, the latter of which the guys label ""chick flicks"" and often only ever see under protest. In ""Sleepless in Seattle"" the late Nora Ephron had fun with the idea that for a typical guy, the definition of a tearjerker would be ""The Dirty Dozen"" (because that's about as emotional as we fellas want to get). Is ""Magic Mike"" a chick flick? If it is, it may the first of a new breed. It's a crisp, unsentimental story, with none of those lingering sunset shots you find in Nicholas Sparks' adaptations (well, OK, almost none), and a heroine who spends most of the movie tutting her disapproval on the sidelines. But for sure, women are going to be this film's primary audience. Why? Because Magic Mike (Channing Tatum) is a stripper, and so is his mentor, club owner Dallas (Matthew McConaughey), and his 19-year-old protÃ©gÃ©, Adam (Alex Pettyfer). Just a hunch, but I reckon a lot of guys are going to hold out for ""The Amazing Spider-Man"" next week. Director Steven Soderbergh's last movie was the female action film ""Haywire,"" which didn't click with audiences of either sex. But he may be on to something this time. It's a good year to be Channing Tatum . From the opening shots of a buff, naughty McConaughey teasing the audience in tight leather trousers (""What can't you touch?""), it's clear that Soderbergh has the measure of what his audience wants. He's going to give it to them, too, but not too much, too soon because the tease is as important as the strip. A college dropout who draws the line at taking any job that requires him to wear a tie, Adam is living with his big sister Brooke (Cody Horn) when his new buddy Mike ushers him into the delights of the Xquisite Male Dance Revue. In time-honored backstage musical tradition, ""the kid"" gets thrown on stage when one of the stars can't go on. Next thing he knows, Adam is shopping for a stars and stripes thong for the Fourth of July special. Scripted by Reid Carolin and inspired by Channing Tatum's own experiences as a Tampa stripper in the 1990s, ""Magic Mike"" is honest about the attractions of the job (money, girls, fun) without pretending it's a smart choice in the long run (too much fun, too many girls, not enough money). I liked the brightly lit, casual camaraderie of the dressing room scenes, while on stage the routines here are sexy, playful and (I'm guessing) much better choreographed than you're likely to see downtown on a Saturday night. Brawny and bruised, Tatum doesn't look like it but he is a heck of a dancer. If the movie was in 3-D you'd probably be stuffing bills into his briefs, bills like the ones we see Mike flattening under a heavy book in one of the film's numerous truthful touches. Less interesting is Mike's haphazard courtship of Brooke. Is it a coincidence that Cody Horn is the daughter of Warner Bros. President Alan Horn? I have no idea, but she's a bland performer and the weak link here (Olivia Munn blows her away as a slumming psychology student who is Mike's substitute girl)."
d1720ec6c9905d6fbe023a2e940d45bb86a21546,ZA,"{'ZA': 8, 'GB': 5, 'IE': 2, 'NZ': 5, 'AU': 3}","(CNN)  -- Forget World Cups. For many rugby union players the ultimate accomplishment is being selected to appear for the famed British Lions on their overseas tours. Giant Munster lock Paul O'Connell is leading the 2009 Lions in South Africa. The Lions are comprised of the best players from the four home unions of England, Scotland, Wales and Ireland and competition for places in the squad is fierce as club and country loyalties are put aside. In the modern professional era, Lions tours take place every four years, visiting the southern-hemisphere Tri-Nations powers of New Zealand, South Africa and Australia in rotation. A typical tour will see a series of matches against provincial or regional sides, interspersed with international or Test matches. Midweek fixtures are normally against weaker teams, with the Lions giving all their squad members a chance to play, with stronger opposition for the weekend matches which would include the Tests. The 2009 Lions are touring world champions South Africa, looking to improve on the dismal performance of the 2005 side, which visited New Zealand. Under England's 2003 World Cup winning coach Clive Woodward, the 2005 squad were expected to prosper, but slipped to defeat in all three Test matches against the All Blacks. The team was captained by Brian O'Driscoll, but his tour ended after just two minutes of the first Test when he was controversially 'spear' tackled by Tana Umaga and Keven Mealamu and dislocated his shoulder. O'Driscoll, who led Ireland to the Six Nations Grand Slam this year, was expected to captain the Lions to South Africa, but coach Ian McGeechan gave the job to Munster lock Paul O'Connell. McGeechan has already gone into Lions history, playing on the 1974 and 1977 tours, and coaching winning teams to Australia and South Africa in 1989 and 1997. He also took them to New Zealand in 1993 where the Test series was lost 2-1. The Lions enjoyed their most successful period in the early 1970s with the 1971 team -- inspired by the Welsh half-back pairing of Gareth Edwards and Barry John -- triumphing against the All Blacks in New Zealand. The 1974 Lions were arguably the best-known and most successful of all time, winning three Tests and drawing one in South Africa and going through the tour unbeaten. Under Irish captain Willie John McBride, their uncompromising forward play set up the victories, with their now infamous catch phrase ""get your retaliation in first"" leading to brutal early exchanges in most games. The modern era is a far cry from the first Lions tour back in 1888 which visited Australia and New Zealand with just 21 players from England, Scotland and Wales. They played provincial and local sides without formal Test matches. But it had established a precedent, and the 1891 side was sanctioned by the sport's ruling body the Rugby Football Union (RFU) and played three Tests against South Africa. The 1924 tour to South Africa was the first trip when the term ""the Lions"" became common currency and it has grown from strength to strength since, despite the growing influence of international rugby competitions such as the Tri and Six Nations and the World Cup."
a6c932d12c7b8192d04c740b6bc0f87e3e3a94e6,ES,{'ES': 12},"Madrid, Spain (CNN) -- Spain on Sunday marks the eighth anniversary of the Madrid train bombings, this year embroiled in controversy over a decision by unions to hold nationwide protests over the economic crisis. Some of the usual anniversary observances will be held on Sunday to remember the 191 people killed and more than 1,800 wounded in the terrorist attacks on morning rush-hour commuter trains on March 11, 2004. But other observances, usually held on the day of the anniversary, will this year be pushed back a day, until Monday, due to the union protest. Spain's anniversary observances in recent years have been subdued, without the King or prime minister attending, and without speeches or music. Authorities have said that's in keeping with the wishes of the victims associations, who want the nation to remember but without undue fanfare. The ceremonies include placing of floral wreaths and long moments of silence. But for the first time, Spain's two main unions have scheduled dozens of protests nationwide on the anniversary and that has prompted criticism from some conservative leaders who accuse the unions of disrespect for the victims. The unions have countered that some conservatives have repeatedly shown a lack of respect for the victims -- which included many workers and students killed or maimed in the attacks -- by fomenting unfounded conspiracy theories about the bombings. Spain's two main unions -- the Socialist-leaning General Workers Union (UGT) and the Communist-leaning Workers Commissions (CCOO) -- scheduled the demonstrations on March 11 to protest against the new conservative government's labor reforms, which unions say make it cheaper and easier to fire workers. The March 11 demonstrations follow union protests last month which drew large crowds nationwide. On Friday, the unions announced a general strike for March 29. Spain's jobless rate is nearly 23 percent overall, and nearly 50 percent for youth. Nearly 5.3 million Spaniards are out of work and the government has announced deep austerity cuts. The unions said the protest in Madrid will take a different route on March 11 than the protests last month, out of respect for the victims. The route on Sunday will avoid the Atocha train station, which took the brunt of the casualties, and the emblematic Puerta del Sol square in the city center. The UGT union has announced that Pilar Manjon, a leader of the largest victims association whose son died in the attacks, will join union members at the Atocha station on Sunday morning for a memorial observance, before the protest march. Nearby, in the Retiro Park, at a grove of trees planted in honor of the victims, the Association of Victims of Terrorism will hold a memorial. But Madrid's regional government and Madrid's city hall, both governed by conservative administrations, have decided to delay until Monday their annual observances. They will include a memorial ceremony in the Puerta del Sol, followed by a memorial in the monument to the victims at Atocha station. Spanish courts already have convicted 14 Islamic militants for their roles in the train bombings, along with four Spaniards convicted for trafficking in explosives used in the attacks. Additionally, seven other prime Islamic suspects in the attacks blew themselves up three weeks after the train bombings as police closed in on their hideout in a Madrid suburb. That explosion also killed a police officer and wounded various others."
37788ceb710388498d991803a8d3c746850499d1,,{},"Los Angeles (CNN) -- Representatives for ""Glee"" star Lea Michele said Sunday that the news of her boyfriend and co-star Cory Monteith's sudden death is ""devastating"" to the actress. Monteith, 31, was found dead Saturday in a Vancouver hotel room. Michele, who had been dating Monteith for about a year, has not yet given a statement about his death. Her representatives asked Sunday ""that everyone kindly respect Lea's privacy during this devastating time."" While the ""Glee"" actors had been co-stars since 2009 when the show premiered, they didn't begin dating until 2012. Celebrities react to his death . Monteith played heart throb Finn Hudson -- on-again, off-again love interest to Michele's Rachel Berry -- on the hit Fox series. Most recently, Michele, 26, voiced support for Monteith as he announced in April that he was seeking treatment for substance abuse. ""I love and support Cory and will stand by him through this,"" she told People magazine. ""I am grateful and proud that he made this decision."" Monteith in his own words . CNN's KJ Matthews contributed to this report."
e92ccd7fca8e9a1209b2e0ef9d95a7091637db53,IQ,{'IQ': 10},"Baghdad, Iraq (CNN) -- Iraqi parliament members adjourned on Saturday without reaching an accord on a controversial new elections law, and the lawmakers could make another try to forge and pass legislation tomorrow. Abdul Bari al-Zebari and Mahmoud Othman, Kurdish members of the Council of Representatives, told CNN that the session is adjourned until Sunday because lawmakers didn't forge an agreement. Passage of the law on Sunday is expected to ensure that national elections would be held on January 16. Al-Zebari said several Sunni Arab parliament members boycotted the Saturday session and doubts there will be a Sunday vote. Othman told CNN that lawmakers couldn't reach an accord over the issue of Kirkuk and said some Sunni Arab and Turkmen members left the session. But the biggest roadblock to a new election law is the question of how balloting should unfold in the ethnically diverse, oil-rich province of Kirkuk, where Kurds displaced during Saddam Hussein's rule have returned to claim their land. The power struggle among Kurds, Arabs and Turkmen has been a political hot potato. Kurds have long regarded Kirkuk -- the province and the city of the same name -- as an integral part of Kurdistan, and many want it to be part of Iraq's autonomous Kurdish region. Arabs and Turkmen also lay claim to the city and province, and all the groups want their voices and votes to be adequately represented in the political system. Disgruntled Arab and Turkmen residents say many more Kurds have moved into Kirkuk than were displaced, and that allowing them to vote would create an unfair advantage. Arabs and Turkmen want special measures to adjust for the increased numbers because they believe many of the Kurdish immigrants are there illegally. The Kurds insist there should be no special voting procedures and reject a United Nations' proposal that singles out Kirkuk for special treatment. The disagreements among the groups spurred the postponement of provincial elections in Kirkuk last January because officials there could not agree on how to apportion seats among the ethnic groups."
616d64291ccdbc45742a1db99bce3452df0e3f8d,US,{'US': 3},"(CNN) -- The Lonely Island isn't quite so lonely these days. Even though its members -- Andy Samberg, Jorma Taccone, and Akiva Schaffer -- are often apart because they live on different coasts, they're still united in the studio as well as a series of Wack Wednesday videos -- seriously, how many artists drop a video for just about every song on the album anymore? They also have a bevy of guest stars to keep them company on the tracks, in the clips, and in televised performances (check out Alanis Morissette covering Solange's part on ""Semicolon"" -- which is, as they say, ironic). The band's latest release, ""The Wack Album,"" out this week, features not only Robyn (""Go Kindergarten,"" with Paul Rudd and Diddy weighing in on the video) and Pharrell (""Hugs""), but also Hugh Jackman and Kristen Wiig (""You Got the Look"") and Green Day's Billie Joe Armstrong (""I Run NYC""). And that's not counting the guest stars who turned out for the video of ""Spring Break Anthem,"" in which Zack Galifanakis, James Franco, and Ed Norton gamely step up and make a gay marriage statement with their Lonely Island lovers. And yet, the guys still lament not being able to fit more friends in. But as Samberg said, laughing, ""There's only so many spots on one fake rap album!"" And there was one icon he really wanted. ""Sheila E. would be the s**t,"" he enthused. ""I saw her at the Forum, and she was awesome. She's on the wish list."" The group's previous albums, ""Incredibad"" and ""Turtleneck & Chain,"" were enriched by access to ""Saturday Night Live"" guest stars. These days, scheduling is a bit trickier. ""When we made albums in the past,"" Samberg said, ""it wasn't always because someone was on the show when we asked them, but in their minds, they were like, 'There's a chance this is for the show.' People came to 'SNL,' and we plugged them into songs."" ""They just walked into our office,"" Schaffer said, ""and it was easier to get everything done. Now we may get a yes just as fast, but there's logistics to consider: 'OK, but where are you?'"" So for the new album, some participants were recorded in New York (such as Solange and Kendrick Lamar, who guests on ""YOLO"" with Adam Levine), some in Los Angeles (Pharrell and Too Short, who guests on ""The Compliments""), and some on Skype. Jackman, who was in the middle of doing press for a film, accommodated the guys during his promotional junket. ""We rented a room adjacent to the hotel room he was doing it in, and we had an engineer there, and I was on Skype,"" Samberg said. ""He just walked in, and I watched him record for a good 45 minutes to an hour. He did a bunch of great takes, and then he asked if there was anything else I needed -- and there was not. It was great. It was Jean Valjean meets Cameo."" How comfortable the guests get with being raunchy or silly also plays a part in the recording, Schaffer said. ""We're very conscious of the different personalities, if someone doesn't want to curse as much, or if someone doesn't want to play with their image too much,"" he said. ""Hugh Jackman was very comfortable, but sometimes people will be like, 'Yeah, I'm not that comfortable.' It helps to be given parameters."" Sometimes a guest's point of view may shift a bit. Michael Bolton, for instance, at first asked the group to give him something ""even crazier"" than what they originally came up with for ""Jack Sparrow."" Then he passed on that version, deciding it had become ""too filthy."" But later, he added his own F-words to a separate digital short. ""We were like, 'Dude! Totally!'"" Taccone said. ""And now there's a Michael Bolton character that only exists in the world of our videos,"" Samberg said. To make it easier on some guests, Samberg will sing a temp vocal track, doing both the highs and the lows, ""so they can hear an almost finished version,"" Samberg said. ""Then, somebody like Solange, she did her own countermelodies,"" Taccone added. ""They come in with harmonies, and the talent,"" Samberg said. With rappers, however, the Lonely Island guys are less likely to write a verse until they know who will be doing the part, and even then, they invite them to rewrite it. ""For rappers,"" Schaffer said, ""we'll leave open which bars of music they're going to do, and give them bullet points of joke ideas that they can put into their own words. We want the rapper to feel like himself, and not like he's doing someone else's lyric."" ""It has to be in their voice,"" Samberg said. ""The style is so specific."" Soon the guys will start to juggle their nonmusical projects with the idea of a Lonely Island tour. Taccone, who co-wrote and directed the film ""MacGruber,"" will be locking himself in a room with Will Forte and writing partner John Solomon to get to work on a script for ""MacGruber 2."" And Samberg will soon be decamping to Los Angeles to start shooting his new television comedy, ""Brooklyn Nine-Nine."" ""Other than 'Girls' and '30 Rock,'"" he noted, ""I defy you to name a show set in New York that doesn't shoot in LA! I wish we could have shot it in Brooklyn -- I still love New York. But the irony of television production knoweth no bounds."" Speaking of ""Girls,"" will Taccone -- who played Marnie's lover Booth Jonathan -- be back for another round, since the HBO comedy is shooting its third season this summer in Brooklyn? ""Dude, if you talk to Lena (Dunham), tell her I'm totally down!"" Taccone pleaded. ""Maybe they can squeeze me in. But I don't know what more you can see of me on that show -- except for the front part, and nobody wants to see that."""
098374731d92834f30e85e29558e123aca65e65a,IN,{'IN': 6},"New Delhi (CNN) -- In an attempt to curb runaway inflation, India's central bank raised its benchmark interest rates for the tenth time in sixteen months on Thursday, despite a slowdown in economic growth. The Reserve Bank of India said in a statement that inflation had reached ""uncomfortable levels"" and increased the repo rate at which it lends to commercial banks by 25 basis points to 7.5 percent. The reverse repo rate at which the central bank pays commercial banks for deposits was raised to 6.5 percent. These measures come as government data this week showed Indian's inflation climbed to a higher-than-expected 9.06 percent in May from a year earlier, driven mainly by an increase in prices of manufactured goods. But the central bank's previous rate hikes have made little difference in the cost of living in India. ""If India is to grow in a fast pace then demand must increase and an approach for controlling demand by hiking interest rates will not exactly increase the growth rate or the development of this economy,"" economic adviser to the Federation of Indian Chamber of Commerce and Industry Anjan Roy said. India now has the highest inflation rate of any large Asian economy. Analysts say the government's priority is to tame inflation even if its at the expense of economic growth. Reserve Bank Governor Duvvuri Subbarao said in a statement last month that bringing the current elevated rates down should ""take precedence even at the cost of some growth in the short run."" The government has delayed a decision to hike diesel fuel prices fearing it would further stoke inflation. ""Inflation is a very important factor in India, in fact the fortunes of governments depend on the course of inflation particularly food items, so it is predictable that the RBI will take this course,"" Roy said ""but to be honest inflation in India has proven to be insensitive to interest rate hikes. Inflation is going up and interest rates are going up."" Roy said the Indian government must now take a supply side management approach to curb rising prices. Asia's third largest economy grew 7.8 percent from January to March, the slowest pace in five quarters. Analysts say the slower growth is making it harder for the second-fastest-growing major economy in the world to pull hundreds of millions of people out of poverty."
4176a86aa514be86c8824ce2ec306eec356cd4c0,US,"{'US': 2, 'MX': 2}","(CNN) -- Texas Gov. Rick Perry found himself standing apart from his GOP rivals on a pair of immigration issues during a CNN/Tea Party Debate in Tampa, Florida, Monday night. Sounding more like a previous Texas governor who brought ""compassionate conservatism"" to the White House, Perry staunchly defended legislation he signed that aids the children of illegal immigrants even as the audience at the debate roundly disagreed. The Texas governor was asked about a measure he approved in 2001 that grants in-state tuition rates and financial aid to the children of illegal immigrants. ""The bottom line is it doesn't make any difference what the sound of your last name is. That is the American way,"" Perry said. ""I'm proud that we are having those individuals be contributing members of our society rather than telling them, you go be on the government dole."" Several people in the audience of tea party activists booed Perry's support of that policy, which is anathema to hard-line conservatives. They argue it provides an incentive for immigrants to enter the country illegally. Perry said he did not favor amnesty for illegal immigrants. ""The American way is not to give taxpayer subsidized benefits to people who have broken our laws or who are here in the United States illegally,"" said Rep. Michele Bachmann, who used the opportunity to tout her conservative credentials.  Perry has overshadowed her campaign since entering the race last month . Perry also made waves when he said the key to securing the border would be to deploy enough ""boots on the ground,"" which he contended the federal government had failed to do. Several of his opponents disagreed, arguing that the correct approach to tamp down illegal immigration would be to build a border fence between the United States and Mexico. Perry has called the notion -- especially in rural areas -- ""preposterous"" and, at the debate, asserted his authority as the candidate with the most experience dealing with border security and immigration issues. On both issues, the governor is out-of-step with much of the conservative wing of the Republican party.  How much it may hurt him during the primary process is unclear. As the governor of a state with a large Hispanic population, Perry's ""reasonably moderate"" approach to immigration policy is simple pragmatism, said James Henson, director of the Texas Politics Project at the University of Texas at Austin. ""I don't think anyone's going to walk around and say Rick Perry's pro-immigrant, but he's been a moderate on the issue for strategic reasons,"" Henson said. ""He's had to manage a different political environment than many of his opponents."" Latinos make up almost 40 percent of the population in Texas, and Perry carried 38 percent of their vote in his gubernatorial contest against Democrat Bill White in 2010. In addition, business owners in the state benefit from a large immigrant labor force and cross-border commerce with Mexico, Henson said. The in-state tuition measure was not the governor's only gesture toward Latinos. Last year, Perry opposed Arizona's tough immigration law, SB 1070, which orders immigrants to carry registration documents at all times and requires police to question individuals who they suspect may be in the United States illegally. But he also moved to appeal to conservatives on the contentious issue. Earlier this year, the governor supported a bill to ban ""sanctuary cities"" in the state. The legislation would have punished cities that shielded criminal suspects from having to answer questions about their immigration status. Though it initially received enthusiastic Republican support, the bill did not pass. As the GOP presidential primary race continues, some candidates may choose to focus their attacks on Perry's perceived softness on illegal immigration. Henson believes Perry is conservative enough on other key issues to weather attacks from his rivals on immigration. ""It's one of the areas where he doesn't fit into the conservative mold,"" Henson said. ""[But] I'd be surprised if the dynamic of this race turned around immigration."""
796e65af501f043c64b736be4b696a5663173eac,,{},"(EW.com) -- ""Harry Potter and the Deathly Hallows"" features one of the more soul-destroying death orgies in Fantasy-lit history, with a whole cavalcade of Potter supporting players winding up as casualties in the climactic wizard battle. The series never shrank from death -- Books 4 through 6 each end with a major character dying, and the whole saga begins with Harry as a newly orphaned baby. But in a new special feature on the ""Deathly Hallows 2"" DVD, author J. K. Rowling notes that she'd planned one fatality that would have probably scarred a generation of young readers. As reported by the Guardian, Rowling says, ""I did seriously consider killing Ron."" Apparently, she briefly thought about killing off Harry's red-headed sidekick around the middle of the series, when she ""wasn't in a very happy place."" It's an interesting piece of what-might-have-been trivia. In some ways, it reminds me a little bit of the mythic notion that Han Solo was supposed to die in Return of the Jedi -- an idea which was supported by original Star Wars producer Gary Kurtz and Harrison Ford. Kurtz told the Hollywood Reporter that Solo lived because George Lucas didn't want to kill off any of his main characters. It's hard to accuse Rowling of any such anxiety, given the ""Deathly Hallows"" bloodbath. Still, it's fun to speculate on how such a major change would have altered the book series. Rowling doesn't specify in what context she was picturing Ron's death, but it's easy to imagine that he might have bit the dust relatively early. Lots of people were shocked when Rowling killed off Cedric Diggory in ""Goblet of Fire,"" but Diggory was a minor character who, in hindsight, was always kind of a handsome readymade corpse -- think of how much freakier the latter Potters would have felt without good ol' Ron around to relieve the tension. Conversely, imagine if Ron had sacrificed himself in Deathly Hallows' climax. It certainly would have changed the tone of the ending, which was a pretty upbeat Happily Ever After, all considering. See the full article at EW.com. CLICK HERE to Try 2 RISK FREE issues of Entertainment Weekly . © 2011 Entertainment Weekly and Time Inc. All rights reserved."
cc20951d60ea6557bb72a5e6227c2baad152e830,,{},"(CNN) -- Aah, Christmas Eve. A time for family and friends, eggnog and mistletoe, carols and cookies ... and catching up on ""Downton Abbey""? Apparently, that's what legions of us had in mind when -- humbug! -- the Netflix Instant streaming service went down. The outage, caused when some Amazon servers used by Netflix crashed, lasted more than 20 hours. Like many companies, Netflix pays to rent space on Amazon's massive banks of servers. The outage, which affected devices such as tablets and smartphones, began at about 3:30 p.m. ET Monday. Many Netflix users had to scratch those plans to gather around the laptop for ""It's a Wonderful Life,"" ""A Christmas Story"" or ""Santa's Slay"" (the 2005 classic starring former wrestler Bill Goldberg as a deranged Santa demon). Although for the desperate, ""Shrek the Halls"" was available on ABC. Netflix said service was restored Christmas morning. ""Special thanks to our awesome members for being patient. We're back to normal streaming levels. We hope everyone has a great holiday,' said the company on Twitter. Still, the Internet was not amused -- which didn't stop some social-media users from trying to be amusing. Here are some of our favorite Twitter posts from the long winter night of our discontent: . Chris D'Elia ‏(@chrisdelia) ""So @netflix is down? Great. Now everybody has to talk to their annoying family."" Razzle Dangerously ‏(@MyNameisRazzle2) ""Netflix is down, most likely overloaded... Which means I'm not the only one bored as hell at his parents house.."" Jess Dweck ‏(@TheDweck) ""So depressed about Netflix being down that all I wanna do is lie on the couch and watch Netflix."" Aaron Zamost (‏@zamosta) ""Amazon Web Services crashes on Christmas Eve, taking out Netflix but not Amazon Video. Somewhere, (Amazon CEO) Jeff Bezos reads ""The Grinch"" to his kids."" Tyler (@TylerWards) '""Twas the night before Christmas and all through the house, not a @netflix was streaming, not even Mickey Mouse."" Jane McGonigal (‏@avantgame) ""Netflix streaming, please come back online, I need to stream my Fireplace in the Home/Yule Log on my TV while we make gingerbread xoxo"" Sophia Van Elsberg ‏(@sophiavanelsber) ""Netflix being broken is forcing me to get up and do something with my life #notcool"" Sassy in Slumberland ‏(@SassyinSlumberl) ""Netflix is down. Bc bad things happen to good people."" Joel Braverman (‏@joelbrave) ""Thanks to @netflix outage we can likely expect a moderate population explosion in nine months."" Lauren McLaughlin ‏(@lauren_mclaugh) ""How the Grinch Stole Netflix..."" #Vanityreloaded2k13 ‏(@GeorgeJalloh) ""Some kid probably asked Santa for #Netflix to be down so his parents would pay attention to him. Leave me out of your problems, kid."""
c47d907ff62fb11dfc736aea003d52a476131621,US,"{'ID': 1, 'HT': 1, 'US': 3, 'MX': 2, 'ZA': 1}","(CNN) -- Inspired by a CNN Hero and want to help? You can make a tax-deductible donation to any of the top 10 Heroes through Google. The Heroes' nonprofits will receive 100% of the funds, and all transaction fees will be waived. To learn more about each nonprofit and their causes, here are the top 10 Heroes in alphabetical order: . Eddie Canales . Nonprofit: Gridiron Heroes . What it does: Provides emotional and financial support to high school football players who've sustained life-changing spinal cord injuries . Eddie says: ""Gridiron Heroes is not about deterring anyone from playing football. ... (But) these kids need help, and the families need help."" Exploring the issue: When a high school athlete gets seriously hurt, the pain isn't just physical. There are also emotional and financial consequences. Donate to Gridiron Heroes . Taryn Davis . Nonprofit: American Widow Project . What it does: Connects military widows online and in person, providing a network of support and inspiration . Taryn says: ""Our main form of communication with our husbands (was) Skype and Facebook. The Internet ... it's a safe haven, in a way. ... It lets (the widows participate) at their own pace. ... It allows other women who maybe are kind of afraid to step forward ... (to) be like ... 'You know, they look like me.' "" Exploring the issue: It's not just widows who need support. The changing landscape of the U.S. military has created a tiny fraternity of men: the widowers of war. Donate to American Widow Project . Sal Dimiceli . Nonprofit: The Time Is Now to Help . What it does: Provides personalized assistance, whether it be groceries, rent money or other necessities, to people who need help getting back on their feet . Sal says: ""With this recession right now, there are a lot of people in extreme desperate need. People who are homeless, we'll help them get shelter; people who are hungry, we're going to feed them; people who have utilities off, we're going to turn them on; people that need transportation, we'll help fix their cars."" Exploring the issue: About 46.2 million Americans are considered in poverty, 2.6 million more than last year. Donate to The Time Is Now to Help . Derreck Kayongo . Nonprofit: Global Soap Project . What it does: Collects partially used hotel soap in the United States, reprocesses it and then sends it abroad to save lives in impoverished countries . Derreck says: ""Because of our work, this world is going to be a better place than we found it -- with no soap being thrown away and with no child or woman ... or any vulnerable populous left without a bar of soap to fend off disease."" Exploring the issue: In developing countries around the world, millions of children lack access to soap and clean water. Donate to Global Soap Project . Diane Latiker . Nonprofit: Kids Off the Block . What it does: Gives young people in Chicago a place to hang out and learn valuable life skills so they can stay off the streets and away from rampant gang violence . Diane says: ""What I want people to know is that the work that I and so many others do can literally be the difference between life and death for a generation that seems to have lost all hope. ... If I can make a change in a generation, then my community's going to get better -- because they're going to be the ones that take it over."" Exploring the issue: In several cities around the world, streetwise ""interrupters"" are trying to stop teen violence before it starts. Donate to Kids Off the Block . Robin Lim . Nonprofit: Yayasan Bumi Sehat . What it does: Offers free prenatal care, birthing services and medical aid to low-income women in Indonesia . Robin says: ""Because the cost of childbirth often exhausts the family's income, the poor and even the middle-income people of the world find themselves in a downward spiral of suffering and loss, just when they should be celebrating the births of their babies."" Exploring the issue: Many women in the developing world do not have access to contraception or maternal care. Donate to Yayasan Bumi Sehat . Patrice Millet . Nonprofit: FONDAPS youth soccer program . What it does: Provides free equipment, coaching and food to hundreds of poor Haitian children and teaches them to become responsible citizens . Patrice says: ""When you live in the ghetto, you don't see the world outside. I try to bring hope for them ... to show them that (their) life is not only the reality."" Exploring the issue: Malnutrition is a major problem in Haiti, but ready-to-use therapeutic foods are helping children recover faster. Donate to FONDAPS . Bruno Serato . Nonprofit: Caterina's Club . What it does: Serves free pasta dinners to children, many of whom are poor and live in motels with their families . Bruno says: ""In America, in our own backyards, we have kids who go to bed hungry. If we do something about it, we will have no hungry children in America."" Exploring the issue: Food insecurity is spreading in America, and it's particularly hard on one group: children. Donate to Caterina's Club . Richard St. Denis . Nonprofit: World Access Project . What it does: Collects discarded wheelchairs from the U.S., refurbishes them and then sends them to people living with disabilities in rural Mexico . Richard says: ""In many rural, impoverished, uneducated areas of Mexico, people don't even know what a wheelchair is. They don't know what their disability is or why they can't walk. They have no hope, no expectation for the future, and no resources to change their situation."" Exploring the issue: Wheelchairs aren't the only useful medical supplies being discarded in the United States. Donate to World Access Project . Amy Stokes . Nonprofit: Infinite Family . What it does: Finds online mentors for South African teenagers, many of whom have lost their parents to HIV and AIDS . Amy says: ""We all learn best from each other, which is why growing up in families and communities of caring adults is so important. More than 50 million children in sub-Saharan Africa do not have this opportunity."" Exploring the issue: Online mentoring is starting to grow as an ""effective and viable"" alternative for young people, experts say. Donate to Infinite Family ."
b68739639fbeae0c179b5c318d50c64aee159454,IR,{'IR': 5},"(CNN) -- The rats die hard in Iran. Sharpshooters in Tehran are training their air gun scopes on the country's longstanding rodent problem. Rats are reportedly running rampant in 26 districts in the capital. Iran has the biggest beef with Norwegian rats, Mohammad Hadi Heydarzadeh, a top environmental official, told CNN. He said the critters have ""entered Iran from abroad by cargo ships."" Though it's unclear if the rats come with paperwork, a search of ratbehavior.org shows that that particular kind of rat can grow 16 inches long. And they are very aggressive, ""fighting, chasing, biting and boxing."" While the Iranians have used poison to kill the rats during the daytime, at night the teams of sharpshooters use infrared lenses to hunt them down. ""We have identified the rats' places of congregation by using (computer) software,"" Heydarzadeh explained. By the end of 2013, the Iranians hope to have 40 teams of shooters working, he added. So far, 2,205 rats have been killed. Their bodies are carted off and incinerated or buried in special dumps, the environmental official explained. University researchers are working with the government to assess whether their newest plan of attack is working. But Heydarzadeh feels good. ""The number of these rodents in Tehran,"" he said, ""is on the decline."""
aaab2f7f09db649cf5252cad16a94694945cfe23,CN,"{'CN': 2, 'ZA': 1, 'ES': 1, 'DE': 1}","(CNN) -- Global basketball icon Dwyane Wade is making a concerted effort to get his head around an altogether different ball game which he admits is the ""number one sport in the world"". And it is parental responsibility that has piqued the eight-time NBA all star's interest in soccer. ""I'm trying to get into it,"" the Miami Heat star told CNN. ""My youngest son Zion is playing soccer now, so I've got to learn the sport. ""So this season I'm really diving into soccer, learning the rules of the game. With Zion, and also my lady, they both love soccer, so I got to get into it."" Dwyane Wade's best advice . Wade is yet to pick a football team to support, but the 30-year-old is keen to sample the atmosphere of the planet's favorite sport. ""I need to learn about it first, but I do want to go to a game,"" he explained. ""I want to feel the crowd and the energy -- it's the reason that soccer is the number one sport in the world."" It is football's global appeal that has prompted the NBA to make a strategic marketing push in targeting key markets like China, Africa and the Middle East. That campaign has been boosted by the success of players like China's Yao Ming, whose nine-year stint with the Houston Rockets raised the profile of the league in Asia. Meanwhile Spanish brother Pau and Marc Gasol, who play for Los Angeles Lakers and Memphis Grizzlies respectively, helped their country to a silver medal at the recent London Olympic Games -- when the U.S. beat Spain in the final to take gold. ""It's made (the NBA) very global,"" said Wade. ""The international players are very talented, and it's been getting better and better. The game is so big, around the world now, as big as it's ever been. ""We take some pride in that. But we got a lot of work to do over here, because they keep getting better and better around the world because of this game. We're just happy to be the guys that are able to take this game globally."" Of all the overseas arrivals that have made their mark in the NBA, Wade singled out for special mention Germany's Dirk Nowitzki, who was named NBA finals MVP as the Dallas Mavericks beat the Heat to the 2011 championship. ""You look and say Dirk is probably the one that has the most of the respect from the standpoint of what he's done for so many years in the NBA. ""Obviously they beat us in the finals and winning the championship really put him up there in his place where he should be in our time. But there are other players that have been there before I played that could be named as well."" Despite the NBA's growth, it has some way to go before it can rival football's worldwide appeal given the last soccer World Cup final saw global television audience figures peak at 530.9 million. ""It's very big,"" said Wade on basketball's continued expansion. ""We got a way to go to catch up with soccer, but I think our game is doing very, very well. We can be very proud of that but we have still got a lot of work to do."" Dwyane Wade: A father first ."
1fd4ee8c93bc89e1e114c2574f8e9efa9f624562,AF,"{'US': 1, 'AF': 2}","Washington (CNN) -- As many as 2,000 additional troops -- including a number of U.S. forces -- may be headed to Afghanistan in the coming weeks under a plan backed by Gen. David Petraeus, CNN has learned. Petraeus has not commented publicly on the need for more troops, but a U.S. defense official and a senior NATO official directly familiar with his thinking and the entire matter have confirmed details to CNN. The proposal for more troops has been briefed to NATO officials behind closed doors. According to the NATO source, it calls for an additional 2,000 troops including at least 750 personnel to serve as trainers for Afghan forces. The trainers specifically would work to teach Afghan units how to support their operations in the field. The balance of the forces would work largely to counter the still significant threat posed by improvised explosive devices (IEDs). Another NATO official tells CNN ""it's highly likely"" many of the additional forces will be U.S. troops. Some NATO member countries are politically ambivalent about the war, he noted. And practically, it is only U.S. forces that have the most advanced equipment to counter roadside bombs . In May, Defense Secretary Robert Gates sent 850 U.S. military trainers on a temporary deployment when European countries could not pledge enough of their own forces. This latest need for 2,000 forces goes beyond that to include counter-IED forces, although some small number of the at least 750 additional trainers could replace those already there. No final decisions have been made on any additional U.S. troops. NATO military authorities are scheduled to meet in the coming days to try to get specific troop commitments from member nations. The goal is to get the matter resolved before a November NATO summit in which U.S. and NATO military commanders are expected to discuss progress in the war. It is not clear whether the new effort will bring the troop levels above the 30,000 additional U.S. forces authorized by President Barack Obama earlier this year, as it will depend on how many troops the NATO countries contribute and the potential re-assignment of existing forces. The president also authorized the Pentagon at the time to deploy 3,000 forces, but more than half of those 3,000 have already been earmarked. NATO sources emphasize they believe the bulk of the additional 2,000 will likely have to come from the US. The potential for yet another troop increase, even a relatively small one, is already being defended by NATO. The senior official told CNN ""this relatively small uplift -- less than 2 percent of the 150,000 in theatre from the coalition -- reflects the direction of the campaign: training the Afghan security forces to prepare for transition, as well as protecting our forces."" A U.S. military official also confirms that in recent weeks the discussion of the ""withdrawal"" of forces from certain areas of Afghanistan beginning in July 2011 has taken a bit of a twist. The official said the withdrawal in some areas will signify that those areas may be turned over to Afghan control, but that may not mean troops will come home. The latest options call for taking those troops not needed and sending them to other areas where security is still poor."
e7720e0e187ef4fea94d667404a00cd54edc5b46,US,{'US': 2},"(CNN) -- A bored U.S. marshal using Google connected an alleged scam artist arrested this year under an alias to a lawyer who disappeared decades ago before he was indicted on federal fraud charges. The suspect in a fake charity scam that stole millions in donations intended for Navy veterans is also wanted by the FBI for questioning in a spy case, federal officials said. When U.S. marshals arrested ""Bobby Thompson"" five months ago, they said they knew he was using a fake name. He's been held in the Cuyahoga County, Ohio, jail since then. ""We always knew there was a reason that 'Thompson' signed his name as 'Mr. X' and did not want to be identified,"" U.S. Marshal Pete Elliott said Monday. ""We now know why."" His real name John Donald Cody, who graduated from Harvard Law School in 1972, served as a captain in the U.S. Army's military intelligence unit, worked as a lawyer in Arizona and speaks ""many, many different foreign languages,"" Elliott said. Cody, now 65, disappeared in 1984 as IRS agents were investigating him in a case that led to his indictment in 1987 on four counts, including making false statements to an investment brokerage firm, taking stolen funds across state lines and lying on a loan application, according to court documents. But time and technology caught up with Cody when Elliott opened his web browser and began a series of Google searches. ""I happened to be a little bored that Friday afternoon,"" Elliott said Monday. ""Thank goodness for Google."" He searched for cold-case fraud fugitives with ties to military, he said. Google images yielded a 1969 photo of a man with a pompadour hairstyle in a military uniform and several later photos of the same man with a similar haircut, he said. Both Cody and Thompson favored the pompadour, he said. ""In our profession, one and one always equals two, and I believe man is always a creature of habit, no matter what identity he takes,"" Elliott said. He also found an FBI wanted flyer for a cold-case fraud fugitive wanted since 1987. It was from 1987 when the FBI began searching for Cody. Since Cody fled before he was arrested, the FBI had no fingerprints to compare to Thompson. But the military did, and they matched, Elliott said. The ""Thompson"" case drew a lot of attention in May when ""Thompson"" was arrested in Oregon after a two-year nationwide manhunt during which he was placed on the list of ""America's Most Wanted"" fugitives. Investigators found almost $1 million in a storage unit the arrest. Cody allegedly founded a fake charity -- the U.S. Navy Veterans Association -- through which he collected nearly $2 million from donors in 41 states in a telemarketing scam between 2005 and 2010, authorities said. While the government acknowledged a possible connection between Cody and a FBI espionage investigation, no other details have been disclosed. CNN's Carol Cratty contributed to this report."
165abdcf120b51cb1f013138cc783f1754f70ca5,US,{'US': 1},"LOS ANGELES, California (CNN) -- Holly Williams is one of the only artists in country music male or female who doesn't have a stylist. But then again, she might be the only entertainer in Nashville who owns a clothing boutique. Holly Williams is daughter of musician Hank Williams Jr. and granddaughter of musician Hank Williams Sr. The chic women's store is named H. Audrey after her maternal grandmother, who was the first wife of the late country music icon Hank Williams. Holly's father is Bocephus -- the legendary hellraiser and three-time CMA Entertainer of the Year otherwise known as Hank Williams Jr. She got her height from him. With heels on, she's about 6-foot-3 -- all tanned legs and long, blonde hair. She looks like a star. And at 28, she wants to earn the right to be one. Williams just released her sophomore album, ""Here With Me"" (Mercury Nashville). Most of the 11 tracks are self-penned, and she sings them with emotional honesty in a smoky, soulful voice. The characters in her lyrics are friends, family and lovers from the past. She also has a man in her present: On July 24, she became engaged to Chris Coleman, the drummer in her band.  Watch Williams show off her talents » . Williams spoke with CNN about her new album and her family's legacy. The following is an edited version of the interview. CNN: Your new album was released the same day as your dad's new album. Was that planned? Holly Williams: It wasn't planned at all. About three weeks before my release, I was looking over to see who else was coming out that day, and it said, ""Hank Jr."" -- and I'm going, ""Is this something my manager planned?"" And it's just so random, because out of the 52 weeks of the year, it just happened. CNN: What did he think about the album? Williams: Well, this is embarrassing, but I haven't sent him a copy yet! I need to. He's heard two of the singles. He's always been a huge supporter of the songwriting, and just been a great encourager with me. CNN: What was it like when you were growing up? Williams: Well, my mom raised my sister and me. [My parents] split when we were 3 and 5, and he was touring 300 nights a year. We'd see him every few months when he was off the road, and we'd go up there and hunt and fish and be on the farm. But my mom did all the rules and curfews and all that. CNN: Your mother doesn't seem jaded by the music industry at all. Williams: Oh, she doesn't at all. They split in '83, so when they first got married in '77, he was still a struggling artist and doing small theater shows. My single out right now is called ""Mama"" that I wrote ... is kind of a thank-you song, because she was always the most positive influence -- had so much light. My dad always talks about what a great mom she was, and they're still close friends. CNN: What was it like for you going into the music industry? Was there a lot of pressure? Williams: The songwriting hit me at a very young age. Eight, 9, 10 is when I started writing. Went away from it for a few years, and at 17 picked up a guitar and it was just on from there. I'm 28 now, and I've been doing it for 10 years nonstop. I put out an EP myself when I was 20, and paid 200 bucks for my Web site, and traveled over in the U.K. alone with a backpack. And in the U.S., I just took my mom's Suburban and followed everyone from Train, John Mellencamp, Billy Bob Thornton -- everyone's bus -- and just did any show I could, whether they paid or not. Just played, played, played. CNN: Do you remember the first song you wrote when you were 8? Williams: I do. The first song I wrote was called ""Who Am I,"" and it's funny because it was very serious. I had a very happy childhood, but it was very introspective about this broken marriage, and I wanted Tiffany or Debbie Gibson to cut it. I remember just telling my mom, ""Just please call the publishing company. ... ""I was so ambitious. I remember making cassette tapes and mailing them to Music Row. CNN: What was the reaction from those tapes? Williams: I'm sure there was never any response. I'm sure people just laughed. I was not as talented as Taylor Swift when I was 15, 16. I could write a decent song, but I couldn't sing that well at that age. CNN: You have a love for rock 'n' roll. Why did you go into country with this album? Williams: Growing up in my house, you would assume I was growing up around country music with my dad being Hank Williams Jr. But he did not bring music home. He always said, ""I'm not Bocephus to you. I'm Daddy."" So I was really left to my own devices to find music on my own. And I really fell in love with the singer-songwriters of the '70s -- Tom Waits, Neil Young, Jackson Browne, Bob Dylan, Joni Mitchell, Carole King -- that whole era really struck me. And when I heard Hank Williams Sr.'s name mentioned from those people -- from Leonard Cohen to Bruce Springsteen -- that's what really brought me back around to learning more about my grandfather. My music is still based in that singer-songwriter tradition. Adding a fiddle and steel guitar makes it more country, and adding blazing electric guitars makes it more rock. I'm on a country label now. CNN: You also own a clothing boutique in Nashville called H. Audrey. Williams: Everything I have on, except my shoes, is from there. ... It's a struggle in this economy, but we make enough to pay our payroll and buy the clothes. And it's nice to fold jeans every now and again, and get my mind out of myself. CNN: When you're writing down your goals on your wish list, what is it you really want? Williams: I would love to sell a million records. I would love to play in arenas -- but what I really want to build is a core fanbase, and just hopefully build a place in the Williams family."
d2e6cf424fef4238396e56788d43d3b7e82d5f05,US,{'US': 7},"Princeton, New Jersey (CNN) -- President Obama's 2012 campaign is gradually starting to take shape. Rather than focusing on the record from his first term and his competence as the commander in chief, the president is promoting himself as a revived populist, anti-establishment Democrat fighting for the unfulfilled goals of his 2008 campaign. Referring to the announcement that Bank of America would charge a debit card fee, the president argued that this justified the need for a consumer bureau. ""You can stop it,"" he said. ""You don't have some inherent right just to, you know, get a certain amount of profit, if your customers are being mistreated."" During a press conference, Obama expressed some support for the protests taking place on Wall Street. The protest ""expresses frustrations American people feel,"" he said. Through statements such as these, the president hopes to recapture some of the energy that fueled his dramatic run for the White House. In some ways, Obama is looking back to President Harry Truman's 1948 campaign against Republican Thomas Dewey. In a stunning come-from-behind campaign, where most of the pollsters were wrong in their predictions, Truman railed against the ""Do-Nothing Congress"" and appealed to core Democratic constituencies such as organized labor to win re-election. But this style of campaign poses many risks to the president in 2012. Obama does not have the same kind of huge foreign policy record that helped Truman neutralize the GOP in 1948, a campaign that came one year after the Truman Doctrine and the same year as the Marshall Plan. Yes, Osama bin Laden was killed and Moammar Gadhafi was ousted during Obama's presidency. But Truman presided over the end of World War II and was the president who oversaw the shaping of America's containment policies to combat international communism. Foreign policy also loomed much larger in the minds of voters as the Cold War was taking shape; today the war on unemployment has overtaken the war on terrorism in the public mind. Rather than repeating the election of 1948, Obama could end up facing some of the problems encountered by President Jimmy Carter in 1980 or, in a different context, Vice President Al Gore in 2000. A populist, anti-Washington campaign is at odds with the Obama whom the nation has seen up close since January 2009. While the president clearly shares many concerns with the left wing of the party, it's also clear that he is much more comfortable staying close to the center. He governs much more like President Bill Clinton than one might have expected from his 2008 primary campaign. Obama is a pragmatist and a politician, less concerned about ideological purity than about political outcomes. The president's relationship with the left has been extremely tense. During a series of legislative battles, including the one over health care reform, Obama kept his distance from the base of his party in an effort to find legislation that could win over the handful of centrists in his own party and the GOP. Some members of his administration, including former press secretary Robert Gibbs, have made tough statements about the need for liberals to be more realistic about their goals. Unlike Truman, who had his own problems with the left, Obama cannot point to a huge record from his party of successful policies that have bolstered the security of America's middle class. When Truman ran in 1948, FDR and the New Deal were still fresh on the minds of most voters. The danger with running too strongly as a populist is that it can quickly appear disingenuous. If Obama pushes too hard on the populist theme, he could sound a bit like Gore in 2000, who fell flat -- after years of standing as a voice of centrism -- when he railed against the wealthy. In certain respects, Obama's efforts to win over the left could backfire, causing activists to feel that they are being used rather than being given an honest choice about whom they would rather have in office -- a Democrat who compromises or a Republican who will be under immense pressure from the tea party. To be sure, the liberal base won't vote for Mitt Romney or Rick Perry. But many could decide not to vote at all. Another problem with Obama's emerging strategy is that the anti-Congress campaign would be hard to pull off. When Truman turned to this theme in 1948, Congress was under Republican control. The nation had divided government, not a divided Congress, which is currently the case with a Democratic-controlled Senate and a Republican House. When Obama lashes out against Congress he is taking shots at his fellow Democrat, Senate Majority Leader Harry Reid, not just at House Speaker John Boehner. Voters will have trouble seeing how one party is to blame for the performance of Congress when neither party controls everything. Moreover, it is harder to run an anti-establishment campaign when you are the face of Washington. Carter learned this in 1980. The heart of Carter's campaign in 1976 had been to clean up government and regain the trust of voters who were disillusioned with Washington as a result of Watergate. When Carter ran in 1980, he couldn't pull off the anti-Washington stance. Like Obama, Carter was no longer a fresh voice and he was deeply tied to events in Washington. If Obama is too tough on the political establishment, it is possible that some moderate and independent voters might very well agree with his analysis of the problem, but then decide to vote for the Republican nominee who does not carry the same kind of baggage from the capital. The final challenge for Obama is that the focus on anti-government populism will prevent him, or dissuade him, from talking about his legislative accomplishments. In the end, most of the presidents who have successfully run for re-election have defended and championed what they accomplished in Washington. They explained to the voters how they improved the nation. Until now, Republicans have been able to control the narrative of Obama's presidency. They have depicted everything he has done -- from the stimulus to financial regulation -- as ineffective, and they are now developing an argument that he is not only failing to fix the economy but responsible for the worsening of the situation. At some level, Obama needs to explain to voters what he has done and how he has strengthened the nation -- even in difficult economic times. If he simply ignores his own record and allows Republicans to define what happened in his first four years, he risks leaving himself open to a tough attack from his opponents. President Obama must be true to the kind of Democrat he has been -- not trying to reinvent himself in a media culture that constantly reminds voters of who he really is -- and he must define and champion the record that he has accomplished. If the president wants to persuade voters to support him, he has to convince them that his style of politics and his legislative record are the basis for four better years ahead. The opinions expressed in this commentary are solely those of Julian E. Zelizer."
43e55aef1ebc9cfa825a1ce91f3ab0edb27a7a11,FR,"{'FR': 3, 'ZA': 1}","(CNN) -- Former French national coach Raymond Domenech is suing the French Football Federation (FFF) for unfair dismissal, demanding 2.9 million euros after his sacked in the wake of France's disastrous World Cup campaign. Domenech was fired by the FFF in September for ""serious error"" and -- under French law -- a person dismissed under such circumstances has no right to severance pay, although they can dispute the charge before an employment tribunal. Domenech's lawyer, Jean-Yves Connesson, told AFP: ""We are requesting 2.9 million euros spread over two payments. ""The first is for 400,000 euros and includes compensation for dismissal. The second is for professional and moral prejudice and is worth three years salary,"" He added: ""You don't manage a collective crisis by sacking one individual. An amicable parting of ways was a possibility. ""The federation came up with totally unfounded reasons for the sacking, and went through with it in an irregular, brutal and aggressive manner."" Domenech lost his job after France failed to qualify from the group stages in South Africa, amid player unrest that saw his squad boycott a training session. However, Connesson believes his client has a good chance of winning his case. He told AFP: ""We can't forget Domenech is the only coach to have qualified France for three consecutive major international tournaments (two World Cups and one European Championships). ""And we sack him for a serious error! Those are not valid reasons and we want to prove that in front of a judge. ""It is difficult for him to bounce back. Stained by the accusations of serious error means that 17 years of his career has been erased by the stroke of a pen."""
98134ebce4e4c87603d11bad800869b63347320a,US,"{'US': 4, 'AU': 1}","(CNN) -- Dating a supermodel. Becoming an astronaut. Simultaneously being struck by lightning and attacked by a shark. The chance of any or all of that happening to you is probably greater than winning Wednesday night's Powerball drawing. Still, someone might have hit the jackpot. The winning numbers were 7, 10, 35, 32 and 22 and Powerball 19. Before the drawing, millions bought up tickets, thinking more about the dream than the odds. ""I do it because I have a slight chance,"" said Fabrizo, a New Yorker who gave only his first name. ""I think if I won, I'd quit my job for sure, even without notice."" It's a safe bet that Fabrizio will be at work Thursday. Powerball fever is back in a big way, with Wednesday evening's jackpot estimated at $400 million, with a cash value of $223 million, the Multi-State Lottery Association said. Sandy victims among the 'Ocean's 16' Powerball winners . It's the fourth-largest lottery prize in U.S. history. The biggest in American history was $665 million in the Mega Millions game in March 2012. The greatest Powerball jackpot was the $590.5 million won with a single ticket in Florida this past May. Powerball is played in 43 states, Washington and the U.S. Virgin Islands. Sonya Georgieva, who lives in Queens, New York, purchased her Powerball ticket Tuesday. ""It's just a little hope,"" she says. ""I think you have to believe you will win, and then it will happen."" That's one strategy. And statistically speaking, it doesn't add up. The Multi-State Lottery Association said the odds of winning the grand prize are one in 175,223,510. Consider that number for a moment. And then consider that you probably have a much better chance of dating someone like Kate Upton. According to the ""Book of Odds,"" the chances of having a romantic relationship with a supermodel are about one in 88,000. Here are some other interesting probabilities: . From the Harvard School of Public Health: . • Dying from a bee sting: one in 6.1 million. • Dying from a lightning strike: one in 3 million. From U.S. Hole in One, which insures golf prizes for holes in one: . • A golfer hitting a hole in one on consecutive par-3 holes: one in about 156 million. From a 2011 State Farm study on collisions between vehicles and deer: . • Hitting a deer with a vehicle in Hawaii, the state where State Farm says deer-vehicle collisions are least likely: one in 6,267. From the National Weather Service: . • Being struck by lightning over an 80-year lifetime: one in 10,000. From the Florida Museum of Natural History, based on U.S. beach injury statistics: . • Drowning and other beach-related fatalities: one in 2 million. • Being attacked by a shark: one in 11.5 million. Woman who won portion of $448 million Powerball comes forward ."
3527cf35fe12badfe319214a8a66aa4e76552fba,ZA,"{'ZA': 2, 'LY': 2, 'IQ': 1, 'AF': 1, 'SY': 1}","(CNN) -- Susan Rice, who has been named President Barack Obama's third national security adviser, probably should have been his first. Rice, the U.S. ambassador to the United Nations and a former assistant secretary of state for Africa during the Clinton administration, was among the first national security figures to join the Obama campaign. She led the national security team during the campaign and the transition. Few others in the administration are as close to the president as she is. The last few months have also shown that Rice has the deep and unwavering loyalty of a president who is often seen to be too cool and aloof for his own good. After her television appearances in the wake of the Benghazi, Libya, attacks made her a lightning rod for criticism, he nonetheless drove forward in his attempt to name her secretary of state. When that didn't work -- the opposition was too heated, the timing wasn't right -- he didn't give up, but instead set in motion the events that led to her being named his top national security aide Wednesday. Of all the things on Rice's resume -- her blue-chip academic background, time at the National Security Council, the State Department, the Brookings Institution and the United Nations -- what counts the most is this relationship with the president. Obama reshapes national security team, rankles GOP . The world knows they are close, and that will immediately give her great power both inside the bureaucracy and in capitals worldwide. (I know Rice well; we both served in the Clinton administration, and she worked with a company I ran afterward. She is among the best allies a person could have and among the people you would least like to have as an enemy. She is warm, too, has a ready sense of humor and a ready command of the tools needed for the niceties of diplomacy and inter-agency schmoozing.) Nonetheless, Rice is going to face a number of major challenges. First, she will have to dial back the bravado and contentiousness that have marked her tenure at the United Nations. Her sharp elbows and quick wit often turned into sharp rebukes that left some of her diplomatic counterparts bruised. That may work when muscling policies through the U.N. Security Council, but the National Security Council is a different business. Her counterparts there, at State, Defense, the military and the intelligence community, have substantial egos and individual, not to mention institutional, agendas. If Rice appears to be muscling them or if she is seen not as an honest broker but a rival, tensions could result. The most successful national security advisers -- such as Brent Scowcroft -- have done their best work in the background. Some, like Tom Donilon, carve out important roles that take them to foreign capitals, where they speak on the president's behalf to key leaders. But even in those instances, it is important that the national security adviser be seen by colleagues as staying in his or her lane, steering clear of their functions -- for example, secretary of state as principal spokesperson on foreign affairs, and defense secretary as principal spokesperson on military issues. Even Rice's closeness to the president can be a trap. Former national security adviser Condoleezza Rice was extremely close to President George W. Bush, but that led her to devote too much of her time to the job of staffing for the president and not enough to the important NSC work of managing what was called long ago ""the policy hill."" That designation referred to the part of the job that involves tapping all the executive branch agencies to formulate policy options and recommendations for the president and then carefully ensuring the implementation of the policies ultimately chosen by those agencies. Susan Rice's new position is made more complex by the fact that today's NSC staff is more than 30 times larger than it was in the Kennedy years, almost 10 times the size of Henry Kissinger's NSC and by far the biggest in history, at almost 400 people. She will have to deal with a sprawling bureaucracy, the economic agencies that play key roles in so many national security issues today, the politics -- and being national security adviser. It will be by far the most demanding management job Rice has ever faced. But the biggest obstacles to her ensuring that Obama leaves office with a solid foreign policy record, come from the problems we face overseas. While the signature successes of killing Osama bin Laden and winding down the wars in Iraq and Afghanistan are behind this administration, deep unrest continues in those countries. It continues, too, in Libya, where Rice was instrumental in pushing U.S. intervention; across the turbulent Middle East; in Africa, where Rice brings special insights and experience; and in the complexities of managing the shifting balance of power in Asia. No matter how good the policy process she shepherds, the fact is that we live in a messy world at a time when the United States is unable or unwilling to exert force as it once did, when our allies are similarly inward looking, due to economic stresses, and our enemies are shape-shifters embracing new technologies and techniques -- and, in places such as Syria, very hard to distinguish from those we might support. Rice is the most natural choice for the NSC job, and she comes to it battle tested by her experiences at the United Nations and in the political crucible, post-Benghazi. She knows her team and all the issues. She has the president's full trust and backing. She has shown that she is not afraid to lean in, encourage risk taking, embrace the strategic use of U.S. power, amplified and validated by multilateral initiatives. And as she will soon discover, for all that, even the most powerful people in the most powerful nation in the history of the planet often find themselves at the mercy of international events beyond their control. The opinions expressed in this commentary are solely those of David Rothkopf."
2ea49990c65fd7ee0148cc92c5d852e3c681cbe8,US,{'US': 1},"(CNN) -- An Idaho man accused of uttering a racial slur and slapping a crying 19-month-old boy on a Delta Air Lines flight turned himself in to authorities Tuesday. Joe Rickey Hundley of Hayden, Idaho, surrendered in that state, according to the U.S. Attorney's Office in Atlanta. He was charged with assaulting a minor, stemming from a February 8 incident aboard the Delta flight to Atlanta. Hundley was released on bail. His attorney, Marcia Shein, has said her client is being unfairly portrayed. ""This has escalated into a racist issue and I want to be clear he is not a racist,"" Shein said. Will the slap heard 'round the country have lasting effects? She also said that Hundley is dealing with unspecified issues. According to documents filed in U.S. District Court in Atlanta last week, the boy's mother, Jessica Bennett, 33, of Minnesota and her son were seated in Row 28, Seat B on Delta Flight 721 that originated in Minneapolis. She spent part of the flight in the rear of the plane to get away from Hundley, who she said smelled like alcohol and was slurring his speech, according to John Thompson, the attorney for the child's family. As the plane began its descent into Atlanta, the boy began to cry because of the altitude change and his mother tried to soothe him. Hundley, who was seated next to the mother and son, allegedly told her to ""shut that (N-word) baby up."" Hundley then turned around and slapped the child in the face with an open hand, which caused him to scream even louder, an FBI affidavit said. The boy suffered a scratch below his right eye. Other passengers on the plane assisted Bennett, and one of them heard the slur and witnessed the alleged assault, the affidavit said. Shein said that even if her client did use the slur, it does not make him a racist. CNN's MaryLynn Ryan, Ric Ward and Michael Martinez contributed to this report."
2d27fa5c03ed625427c7f8d8855a52bc8cca9875,HT,"{'HT': 9, 'US': 1}","(CNN) -- It has been nearly a year since Haiti held elections, but it was not until late Tuesday night that the troubled nation finally was able to form a new government. Garry Conille, a United Nations development specialist and aide to Bill Clinton, was ratified by the Haitian Senate after debate that lasted more than seven hours. President Michel Martelly, who took office in May, congratulated his new prime minister, saying that the installation of new leadership was a step forward in implementing change in Haiti. Martelly's two former prime ministerial nominations -- businessman Daniel Rouzier and lawyer Bernard Gousse -- were rejected by the Senate. The inability to form a working government had raised concerns about Haiti's ability to move forward after a devastating earthquake in January 2010. However, Conille was welcomed in many corners as someone knowledgeable on development challenges and someone who had experience in working with the global community. Conille, 45, a gynecologist, earned a master's degree in health administration from the University of North Carolina in Chapel Hill. He worked for the United Nations Development Program and was a protege of economist Jeffrey Sachs, director of The Earth Institute at Columbia University. ""You need someone like Garry Conille who understands the international community because this is a country which depends on the largesse of the international community,"" said Garry Pierre-Pierre, editor and publisher of the New York-based newspaper The Haitian Times. Most recently, Conille served as chief of staff for former President Clinton, the special U.N. envoy in Haiti. In that role, he was involved in international aid delivery to Haiti. Martelly and Conille have a tough road ahead. Critics say post-quake progress in Haiti, the poorest country in the Western hemisphere, has not been swift enough. Thousands of people remain displaced from their homes, many still in vulnerable makeshift camps. The new government has to take on recovery. Pierre-Pierre said it will be important for Haiti to choose a finance minister who has experience in the private sector, whose partnership with the government will be key to Haiti's future. ""I just hope (Conille) is able to bring in someone who is as high-powered in the financial world as he is the development world,"" Pierre-Pierre said. ""Too often in Haiti, we have loaded the government with good bureaucrats (and) not enough people with private sector experience."""
aff767f13ead4e5e779324cd8dd42ec6cd567dba,US,"{'US': 1, 'VN': 1, 'IQ': 1, 'KR': 1}","(CNN) -- For the record, I'm not a leading fan of the economist Jeffrey Sachs. But even from the ""away"" team benches, you have to salute the audacity of his latest adventure. Sachs, director of the Earth Institute at Columbia University, has nominated himself to be president of the World Bank. He has launched a political campaign to win the necessary votes from governments worldwide. He has won the endorsements of eight governments and 27 members of the U.S. Congress. Nobody has ever seen anything like this before. While people do ""campaign"" for jobs as heads of international organizations, they usually do so from behind the scenes. Their names mysteriously begin to be mentioned in the columns of The Financial Times, Foreign Policy magazine and The International Economy, but they never admit on the record that they want the job, much less go on the road giving speeches and interviews asking for it. Until now. ""There have been 11 presidents of the World Bank, and not one of them yet has been an expert in international development,"" Sachs said in an interview with The Washington Post on March 8. ""The world would be better off and America's interests in a peaceful world would be better served by an expert in development at the bank."" Sachs is not even slightly coy about who that expert should be. In the end, the choice of World Bank president comes down to an electorate of one, the president of the United States. The U.S. is the single largest shareholder in the bank, and by tradition the bank's president is always an American. (By the same tradition, the president of the International Monetary Fund is always a European.) The past heads of the bank have usually either been bankers with close administration ties or else serious-minded politicians looking for a second career. Appointment to the bank has also sometimes been used as a dignified way to say goodbye to officials whose services are no longer required. Lyndon Johnson sent Robert McNamara to the bank after Vietnam. George W. Bush sent Paul Wolfowitz after Iraq. This suggests a more obvious nominee for President Barack Obama: Hillary Clinton. The two former rivals from 2008 have worked together impressively until now. President Bill Clinton even stars in Obama's new 17-minute campaign documentary -- an impressive healing of a once-bitter rift. Still, you have to wonder how long Hillary Clinton will want to play deputy to a president with strong foreign policy ideas of his own; and how long Obama will wish to be served by a secretary of state who may be viewing a future after him in 2013 or 2017. This may be the moment for the hearty handshake, and the World Bank may once again offer a convenient and appropriately grand refuge. So you'd want to get good odds before placing a bet on the chances of an untraditional candidate like Sachs. But you also have to wonder: In the era of Facebook and YouTube, of viral media and guerrilla marketing, how long will it remain possible for important international leadership positions to be selected through secret processes? It's not only the head of the World Bank who's chosen by an opaque and elite process. The president of the European Commission exercises more power than most of Europe's 27 elected heads of government. Can you name him? Dominique Strauss-Kahn did his best to raise the profile of the International Monetary Fund. Do you know his successor? The seven board members of the Federal Reserve have far more sway over the U.S. economy than does the president of the United States. In recent years, the Fed chairman has become something of a national figure -- but not the other six. And so it goes. Over the past quarter-century, formal democracy has spread as never before. From Seoul, South Korea, to Bratislava, Slokavia, a higher proportion of the human race lives under elected governments than ever in human history. Yet as national governments yield power to international bureaucracies -- as even the work of domestic government becomes more complex and opaque -- practical democracy seems on the retreat. Sachs' quixotic campaign for World Bank president won't change that reality, even in the unlikely event that he should somehow win. But the campaign can at least draw attention to the reality -- and the gap between how we imagine our societies to be run and how they really are. The opinions expressed in this commentary are solely those of David Frum."
e735d473af54e1ff29a66b379fff9e88ccd8a164,DO,{'DO': 4},"Santo Domingo, Dominican Republic (CNN) -- Police in the Dominican Republic were responsible for an ""alarming"" 10.5% of the nation's killings last year, Amnesty International said Tuesday, citing government statistics. A report from the human rights organization sharply criticizes the Caribbean nation's police, saying they have been behind ""scores of cases of killings, torture and ill-treatment."" ""These abuses are committed by the same police who are supposed to protect the people in the country, which is going through a rising crime rate,"" said Chiara Liguori, Caribbean researcher at Amnesty International. Speaking to CNN before the organization released its report, National Police spokesman Col. Maximo Aybar said police in the Dominican Republic were committed to protecting the public. ""We are more than aware that we are here to defend members of society, not to assault them. And that is an institutional position. In those cases where excesses may have been committed, investigations have occurred and measures have been taken: members were suspended from their posts and placed at the disposition of the courts,"" he said. Police were responsible for at least 260 of the nation's 2,472 homicides in 2010, Amnesty International said, citing statistics from the National Police and the prosecutor general. That figure marked a decrease from previous years. In 2008, for example, police were responsible for 19% of the killings in the nation. Details about the circumstances of those killings were unclear. A spokeswoman for Amnesty International said the organization does not have comparable figures for other nations. In the United States, the killing of felons by law enforcement officers made up 3% of slayings in 2010, according to FBI homicide statistics. In the Dominican Republic, the 977 people injured by police in 2010 accounted for 16.6% of violent injuries in the nation that year, according to Amnesty's report. Amnesty International said Dominican police interviewed by the organization denied torture allegations and argued that the number of deaths corresponds with police efforts to stop crime. Police also said those killed were convicted or suspected criminals, Liguori said. ""Deaths among the police and the criminals occur because the police carry out preventative patrols. If the police wouldn't do that, there would be no deaths, but criminality would remain unchallenged,"" said one police chief, according to Amnesty's report. Police also have been victims. So far this year, 97 officers have been killed, and 176 have been injured, police said. Last month a United Nations report noted that homicide rates have soared in the Dominican Republic, citing rising organized crime as a cause. Tough conditions for policing are no excuse for human rights abuses, said Amnesty International, which said the nation must reform its police force to increase accountability and stop human rights violations. ""Unlawful and unprofessional conduct by many police officers is contributing to the rise in crime and violence in the Dominican Republic,"" Amnesty's report said. ""Widespread police corruption, aggressive policing and the involvement of law enforcement officers in criminal activities are undermining the capacity of the state to protect human rights and ensure public security."" Diulka Perez reported from Santo Domingo, Dominican Republic. Catherine E. Shoichet reported from Atlanta."
18d00fb13fa4711fe3f409b73893a7aa316f9b24,US,{'US': 1},"(CNN) -- They've sold millions of albums and DVDs and show no signs of slowing. Much more than an overnight sensation like ""Tickle Me Elmo,"" ""The Wiggles,"" have stayed a children's favorite for 16 years. Sybil Lane, right, and her family met the Wiggles after Sam Moran stepped into his role yellow Wiggle. The Wiggles, an Australian band, impart lessons through their songs and performances that some mothers happily admit have helped shape their little ones' views on life. Sybil Lane says that her 6-year-old son Brendan ""has a very positive outlook on life, and I think the Wiggles helped him develop that."" Lane explains that the band members are positive role models who don't wear makeup or dress up. ""They are themselves,"" she says, ""and children can relate to them."" Three of the four founding members of the Wiggles met one another at the Macquarie University Institute for Early Childhood Studies in Sydney. They take their influence on their listeners seriously. One of their campaigns is to teach children the benefits of healthy eating. That lesson has rubbed off on 4-year-old Jeffrey Thompson, who, according to his mom Krista, drinks only water after hearing the Wiggles song ""Gulp Gulp Drink Some Water."" ""He drinks milk at bedtime, but other than that, it's only water."" Jeffrey is so enamored of the Wiggles that he has adopted an Australian accent which his mom says is ""cute as all heck in a 4-year-old."" Carolina Wiegers says that her 4-year-old son Andrew has picked up some Australian pronunciations, too.  She also credits the Wiggles with helping him learn routines and retain lessons. Andrew exercises his memory learning Wiggles dance routines and memorizing songs. She appreciates the content that her son is absorbing,  and likens the Wiggles to ""the teacher that wants to do all the cool stuff and has the money to do it."" She says that their DVDs and live shows have an instructive atmosphere and ""aren't really random at all."" Live shows are an important part of Wiggles culture; Brendan Lane has been to 41 shows. Wiggles parents are ""kind of a community. We catch up with each other at shows, and talk almost daily on Wiggles message boards,"" says Sharon Spray. Suzy Cato's daughter, Catie, has Angelman syndrome, with symptoms such as impaired speech and development skills. Cato says that because of her daughter's disabilities, Catie ""doesn't really show a lot of preference for things. But when she sees the Wiggles she gets very excited. We're going to go see more Wiggles shows. Its one thing my daughter loves so much, I just want to keep doing it for her."" Catie, who is 16, has met the Wiggles several times because of the band's practice of holding personal meet-and-greets with disabled or sick children. Jennifer Zink, whose 3-year-old son Max is autistic and also a huge Wiggles fan, has met the Wiggles three times. Zink explains that once The Wiggles meet a child they arrange future meet-and-greets so that they can keep up with children. Because of this personal contact, many children have developed a strong connection to Greg Page, the original yellow Wiggle. On November 29, 2006, Page announced that he was retiring because of health complications and would be passing his yellow ""skivvy,"" or shirt, off to former Wiggles background dancer Sam Moran. For Andrew Weigers, the news of Page's departure came as a bit of a shock. His mom Carolina says Sam was so upset about Greg's departure that she almost felt bad for telling him about it. It's understandable that children developed such an attachment to Page; he was the voice of the Wiggles for so long. Jenifer Zink describes the first time she and her son Max saw Page perform live. ""My son and I both were absolutely mesmerized by his voice, his charisma, his style, and the way he interacted with the crowd. From that moment, I knew that he was something special!"" By many accounts, though, Page's replacement Sam Moran seems to be holding up well as the Wiggles new lead man. ""Greg left him some hard shoes to fill,"" Sybil Lane says, but he seems very natural in that job."" And quite a job it is. Some would say that Wiggles mania has reached fever pitch. Christine Kielbasa compared watching children react to seeing the Wiggles live to watching the crowd at a Beatles show. ""I must admit I was a little excited myself,"" she confesses. Linda Nuzzo saw her first Wiggles show in 2001, in the basement of a small Australian church in New York. ""You could almost touch them,"" she says. ""And then to see them perform at Madison Square Garden, it was amazing."" And after all of their success? ""They are still down-to- earth, nice people,"" Nuzzo says. E-mail to a friend ."
cbe1c25212145625acaa0c5ceebe2a234f7bac0f,GB,{'GB': 4},"(CNN) -- Alex Ferguson is in siege mode. The manager of soccer club Manchester United has been so stung by widespread criticism of his actions this week that he claims the sole person not to have commented is Barack Obama -- and that's only because he's busy trying to stop the U.S. economy falling over a fiscal cliff. Ferguson, who recently gave a talk on his management techniques at Harvard, has been under fire following a verbal exchange with referee Mike Dean and his assistants during Wednesday's controversial 4-3 win over Newcastle. It led to Newcastle manager Alan Pardew claiming that Ferguson should have been punished for his protests over Dean's failure to disallow Jonny Evans' own-goal for what he believed to be offside. The Scot was furious that Dean overruled his assistant, Jake Collin, who had flagged to give Papiss Cisse offside before Evans diverted the ball into his own net. RVP controversy: Has Ferguson gone too far? Ferguson, who turns 71 on December 31, will escape punishment from the English Football Association because the incident was not mentioned in the referee's report, much to Pardew's astonishment. It was the second match in four days where Ferguson has courted controversy, having claimed that his striker Robin van Persie ""could have been killed"" after Swansea's Ashley Williams kicked a ball at his head in Sunday's 1-1 draw. And the United manager has defended his conduct, stating that everybody is suddenly keen to have an opinion -- apart from the man inside the White House. ""The problem for me and Manchester United is that the profile of the club is huge,"" Ferguson told reporters. ""Alan Pardew has come out and criticized me. Alan Pardew is the worst at haranguing referees -- his whole staff (do it) every game. He was at it for the whole game on Wednesday. ""He shoves the linesman and laughs about it and he has to cheek to criticize me. It is unbelievable. He forgets the help I gave him, by the way. ""The press have a good field day. They have addressed every possible angle, the only one they have not asked is Barack Obama -- he is too busy. ""It's unfortunate that I carry that, because I'm the manager of the biggest club in the world. I'm not like Newcastle -- a wee club in the North East. ""That is the facts of life. I was demonstrative but I was not out of order. That has been overplayed by the press. You've all had a field day."" Hernandez winner lifts Manchester United . Ferguson was reacting after Pardew had given his views on the incident at Old Trafford. Pardew told reporters: ""I think Mike Dean might feel slightly disappointed he didn't do something about it. ""I think the pressure that was on him was tough for a referee to take. Sometimes when you reflect on a game you think you might have acted differently. You do that as a manager and I think he might have done that as a referee. ""But it's an emotional game and apparently they had a cordial discussion. I've had a few of those myself and sometimes I've ended up in the stands as a result of that cordial discussion."" Ferguson seemed particularly irked by the comments, and referred to Pardew's own altercation with a referee during a Premier League match in August. Van Persie 'could have been killed' Pardew was fined $32,000 and given a two-match touchline ban after pushing an assistant referee during his side's 2-1 home win over Tottenham. ""Some managers shove linesman on the pitch and make a joke of it. I'm not making a joke of this. I think it should have been disallowed, I really do,"" Ferguson said. ""There was no ranting and raving from me. I was demonstrative but then I am always demonstrative -- everyone knows that. I'm an emotional guy. ""What happened was that Dean was walking towards the center circle and I came up to the touchline and he came towards me and I went towards him. I was not on the pitch for more than three or four yards. Then we came off together."""
a5fa86f42122f5367e9b0fbaae32eb3f800115a3,,{},"Los Angeles (CNN) -- Beneath a simple gray stone marker that reads ""2008,"" on a gentle slope at the Los Angeles County Crematory and Cemetery, lie the unclaimed remains of the poor, the homeless, the addicted and the lonely. Several clergy members extended their arms over the spare gravesite Wednesday morning and gave a final blessing to the 1,639 people who were cremated and buried there because no family member claimed their bodies. All of the departed passed away in 2008. ""We started these ceremonies (for the unclaimed) in 1896,"" said Andrew Veis, an aide to Fourth District Supervisor Don Knabe. ""These people were sick, poor, homeless, no family. Some could not afford to pay for the cremation. The county is their ultimate safety net. We can give them a decent and respectful burial."" The numbers of the unclaimed are heartbreakingly steady. Last year, 1,698 such people were cremated here, the year before, 1,798. The cemetery must wait three years before burying unclaimed bodies. Sometimes family members suffer the double pain of losing a loved one and not being able to pay for a funeral, and then don't claim their loved because they're too broke. ""It just doesn't have to be that way,"" said Stella Inouye, a financial services coordinator for the cemetery. ""It costs $352 to bury and cremate someone taken from the county hospital and $466 if they pass away somewhere else. But (family members) can write a hardship letter and get the fees waived"" About 15 people ringed the gravesite Wednesday, most of them volunteers or social workers from L.A's downtown homeless community, Skid Row. ""These people may well have been guests at our soup kitchen or even at our house,"" said Jeff Dietrich, from Hospitality Kitchen, which provides meals for people in need. ""I feel like it's kind of a poignant situation when there are so many unclaimed bodies to be buried and so many untold stories and so many disconnected people. ""I think the important thing for us is to just try in these last few hours of their earthly presence to be a presence to them and deeply connected."" Chris Ponnet, spiritual director of care at the Los Angeles County and University of Southern California Medical Center, led the clergy. ""We gather in this sacred space where so many others are buried and trusting these nameless and named but unclaimed people into your embrace,"" the chaplain said. Other clergy offered blessings in Hindu, Buddhist and Jewish traditions. ""This is a day of eternal life,"" began Rambhoeu Brinkmann in the Hindu tradition. ""There will be for them all that they wish and more besides, in our presence."" The ceremony ended quickly and the attendees left behind grave marker ""2008,"" adorned with a yellow bow and a small collection of flowers, including roses."
d87382bcd440bb35f3ea2e49fa294385bc4b3471,US,{'US': 1},"(CNN) -- They've already dropped him from the team, but now the New England Patriots are trying to reel in Aaron Hernandez's jerseys this weekend. A week after the former tight end was charged with murder, the Patriots are encouraging parents to swap any No. 81 jersey for that of any other team player. ""We know that children love wearing their Patriots jerseys, but may not understand why parents don't want them wearing their Hernandez jerseys anymore,"" New England Patriots spokesman Stacey James said in a statement. ""We hope this opportunity to exchange those jerseys at the Patriots ProShop for another player's jersey will be well received by parents."" The exchange program applies only for Hernandez jerseys purchased from the Patriots' ProShop and PatriotsProShop.com. While the Patriots try to scrub Hernandez's jerseys from the public eye, the same shirts are fetching big bucks on eBay. Official Hernandez jerseys are selling for as much as $1,300 online as former fans try to cash in on the athlete's fall from grace and others try to snatch a bizarre collectible. Hernandez was arrested June 26 and charged with murder. Prosecutors said he had a falling out with his friend Odin Lloyd at a nightclub last month and planned his execution-style killing in the following days. Who is Odin Lloyd? Authorities have said Hernandez and two other men picked up Lloyd from his Boston apartment on June 17. Surveillance cameras captured their car at an industrial park near Hernandez's home in North Attleborough, Massachusetts. Lloyd's body was found in the industrial park later that day, authorities have said. Hernandez, 23, is now being held without bail at the Dartmouth House of Corrections in a 7-by-10-foot jail cell. He is allowed outside of his cell for three hours a day, but has no access to television, the Internet or a weight room, Bristol County Sheriff Tom Hodgson said. He also won't be able to marry his fiancee while in jail. CNN's Alison Kosik, Kevin Conlon and Dave Alsup contributed to this report."
0fa6327fd669f534430a9a65bfbaa2b89f92fdc9,FR,"{'IQ': 3, 'FR': 4, 'DE': 1, 'TR': 1, 'SY': 1}","(CNN) -- Thousands of angry demonstrators gathered in Paris Saturday to demand answers over the deaths of three Kurdish women activists found shot dead Thursday in mysterious circumstances. French police union spokesman Christophe Crepin said tensions were high at the protest, which some 15,000 people attended. Officers are expected to arrest a number of people for throwing objects at police, he said. Security was also stepped up at the Turkish Embassy in Paris. The French investigation into the slayings of the three Kurdish women -- named by Turkish officials as Sakine Cansiz, Fidan Dogan and Leyla Soylemez -- is ongoing. Read more: How Paris killings could renew Kurdish flashpoint . Cansiz, the oldest of the three women murdered in the Paris offices of the Information Center for Kurdistan, was famous for being a co-founder of the Kurdistan Workers' Party, or PKK. Turkey, the United States and the European Union label the PKK a terrorist organization. There is still no clear evidence as to what lies behind the apparent assassinations. Read more: 3 Kurdish women political activists shot dead in Paris . But many in Turkey fear that the triple murder could derail delicate peace talks between the Turkish government and the PKK, which launched a guerrilla war against the Turkish state nearly 30 years ago. Kurdish activists have pointed the finger at possible Turkish involvement, while political leaders in Turkey have nodded to a possible feud within the PKK. Report: Turkey's Kurdish conflict has turned more violent . Turkish Prime Minister Recep Tayyip Erdogan called on the French authorities Saturday to find the killers, the semiofficial Anatolian news agency reported. He also questioned why French President Francois Hollande had said the women were involved in talks with French officials. ""How can France hold talks with these people who are members of PKK that was also declared terrorist organization by the EU?"" Erdogan is quoted as saying. Turkey had contacted French authorities in November about the presence of Cansiz, he said. The activist was previously detained in Germany in 2007 but Turkey's extradition request was not met, he added. An autopsy Friday found that two of the women were killed by three gunshot wounds to the head and the third by four shots to the head, a spokeswoman for the Paris prosecutor's office told CNN. Erdogan had previously suggested the deaths ""could be an internal settling of scores, or it could be an initiative that was taken to create an obstacle in the way of the new honest steps we are taking,"" according to the Anatolian news agency. But the PKK rejected suggestions that the killings were part of an internal feud. Read more: Turkish town on Syrian border deals with fighting, ethnic differences . In a statement published by the Firat News Agency, a pro-PKK web portal, the PKK's Executive Committee blamed the murders on ""international powers and the Turkish gladio."" ""Gladio"" refers to alleged shadowy paramilitary groups accused of carrying out acts of political violence on behalf of the Turkish state. ""It is not possible for this bloody attack to be carried out in a central place like this without the support of international intelligence services and states,"" the PKK added. The Turkish government issued a security warning to Turkish diplomatic missions in France and throughout Europe. Read more: Turkey police crack down on Kurds . Several hundred mostly Kurdish demonstrators gathered for a rain-soaked but peaceful protest in front of the French Consulate in Istanbul on Friday. A Kurdish lawmaker told CNN that the bodies of all three Kurdish activists were expected to be sent from France to Turkey for funerals. ""This could be a bullet that is shot in the head of the peace talks,"" said Sebahat Tuncel, a parliament member from the pro-Kurdish Peace and Democracy Party, speaking to CNN after Friday's peaceful protest. But, she added, ""we should not suspend a possible peace process."" Read more: Kurdistan officials hope Iraq will allow Turkish minister in . Kurdish activists accuse the Turkish government of decades of discriminatory policies against the country's largest ethnic group. Turkish security forces have arrested thousands of Kurds in recent years on suspicion of terrorist activities. Last fall, the Turkish government initiated a new attempt at dialogue with Ocalan. The PKK leader is serving a life sentence in a prison on the Turkish island of Imrali. ""We knew achieving peace would be difficult, we knew there would be provocations ... we did not expect them to happen in France,"" said Tuncel, the Kurdish lawmaker. More than 40,000 people have been killed in one of the Middle East's longest-running conflicts. Read more: Syria rebels, Kurdish militia discuss cease-fire . Journalists Dheepthi Namasivayam and Charles Pellegrin contributed to this report."
7d959b3f20675203fc5afa10b405047d0e1ffacc,LY,"{'LY': 8, 'FR': 2, 'GB': 3, 'DE': 1, 'IT': 1, 'QA': 3}","Tripoli, Libya (CNN) -- Opposition forces in the rebel-held city of Benghazi called for massive demonstrations on Friday to show solidarity with like-minded Libyans in the capital, Tripoli, which remains under the control of leader Moammar Gadhafi. The developments came as the leaders of the United States, France and England delivered an editorial piece to European newspapers on their vision of Libya's future. Rebels have been under intense pressure from government forces in several cities. Gadhafi's troops pounded rebel positions in Misrata on Friday, firing mortar and artillery rounds into the strategic port city, while to the west, in Tripoli, aircraft could be heard circling the city. Libyan state television, meanwhile, reported civilian casualties from Thursday's NATO airstrikes. The attacks came as the alliance chief asked for more precision fighter jets in order to avoid civilian deaths. At a NATO summit in Berlin, Secretary General Anders Fogh Rasmussen told reporters that NATO has the necessary assets to continue aerial strikes, but the tactical nature of the fight has changed. ""Now they hide their heavy arms in populated areas, where before many targets were easier to get to,"" Rasmussen said. ""To avoid civilian casualties, we need very sophisticated equipment. So, we need a few more precision fighter ground-attack aircraft for air-to-ground missions."" With the conflict at a deadly impasse, Britain and France have been pressuring NATO to step up airstrikes. In a joint op-ed that appeared Friday in three European newspapers, U.S. President Barack Obama, French President Nicolas Sarkozy and United Kingdom Prime Minister David Cameron wrote about their vision of Libya's ""pathway to peace."" ""We are convinced that better times lie ahead for the people of LIbya,"" they wrote. They likened the fighting in Misrata to a ""medieval siege."" The White House released text of the opinion piece, which called on the Libyan troops to return to their barracks. ""Our duty and our mandate under U.N. Security Council Resolution 1973 is to protect civilians, and we are doing that. It is not to remove (Gadhafi) by force. But it is impossible to imagine a future for Libya with (Gadhafi) in power,"" the three wrote. ""The International Criminal Court is rightly investigating the crimes committed against civilians and the grievous violations of international law. It is unthinkable that someone who has tried to massacre his own people can play a part in their future government."" Gadhafi's daughter, Ayesha, speaking to a cheering crowd in Tripoli on Thursday, said the United States tried to kill her and other children in 1986. ""In 1911, Italy attacked my country and killed my (great-) grandfather,"" she said. ""Now in 2011, they're trying to kill my father."" ""My father once said that 'if the Libyan nation doesn't want me, then I don't deserve to live,'"" Ayesha Gadhafi said. ""The Libyans answered him in a united voice: 'Those who don't want you don't deserve to live!'"" Ayesha Gadhafi also said rebel forces were being wrongly portrayed. ""Who are those civilians that you're trying to protect while killing us? Are they those who hold RPGs and other weapons?"" The emir of Qatar, meanwhile, told CNN ""it's possible"" weapons provided by his state have reached Libyan rebels in the past two days. Hamad bin Khalifa told ""The Situation Room"" that the opposition first must be trained in use of the weapons. Libyan Deputy Foreign Minister Khaled Kaim accused Qatar late Wednesday of providing rebels in eastern Libya with anti-tank warheads, but he did not say when. A week ago, a CNN team in eastern Libya saw the rebels with anti-tank missiles, which they didn't have before. Rebels near Ajdabiya were beginning to show signs of discipline and have received new equipment, CNN's Ben Wedeman reported. Despite the enhanced organization, they were not ready to take the offensive. Misrata has been under siege for weeks. Reports of civilian casualties are commonplace. U.N. Secretary-General Ban Ki-moon said that in addition to Misrata, the situation also is particularly grave in the cities of Zintan and al-Brega because of critical food and water shortages. Rebels have pushed back the battle lines in the east from the war-weary city of Ajdabiya toward al-Brega. ""We are also deeply concerned with the fate of third-country nationals who are trapped in the areas of fighting,"" Ban said at an Arab League meeting on Libya in Cairo. ""As the fighting rages, the situation will only get worse and the more distant a political solution."" International delegates attending a meeting on Libya Thursday in Qatar again urged Gadhafi to step down immediately. But the Libyan strongman has shown no signs of backing down. State-run television aired video Thursday of Gadhafi hanging out of the sunroof of a sport utility vehicle and waving to other cars and people on the streets. CNN's Frederik Pleitgen, Ben Wedeman and Reza Sayah contributed to this report."
bbc00a59699094ef50849a049002c1890f5ec111,US,"{'US': 6, 'CA': 3}","SEATTLE, Washington (CNN) -- Who is stealing -- and crashing -- airplanes in Washington state? Police say they found this self-portrait of Colton Harris-Moore in the deleted file of a stolen digital camera. The 18-year-old man police call the prime suspect does not have a pilot's license. But he does have a nickname -- ""The Barefoot Burglar"" -- and a Facebook fan club, which compares him to Jesse James ""without the murders"" and exhorts: ""Fly, Colt, Fly."" Police say Colton ""Colt"" Harris-Moore has been linked to crimes in five counties involving planes, luxury cars and boats. He's known to alternate between squatting in vacant vacation homes, which he allegedly burglarizes, and roughing it in the woods. Since November, police say, at least three small, private planes have been stolen and flown away. The latest to go missing crash-landed last week in a clearing in Granite Falls, Washington, after running out of fuel, police said. The rough landing damaged the Cessna 182, which along with its instruments is worth more than $500,000. But authorities said the plane's pilot appears to have walked away unhurt. Harris-Moore has not been charged in any of the plane thefts. But authorities are testing vomit found in the cockpit of one plane to see whether they can place the teen inside. Harris-Moore has been on authorities' radar for years. ""Colt,"" as he is called, was first arrested for burglary at age 12, said Detective Ed Wallace, a spokesman for the Island County Sheriff's Office. The break-in at a local school earned Colton a few weeks in a juvenile facility, Wallace said. Local media reports tally nine arrests for Harris-Moore before the age of 15. Now police in five counties in Washington state are looking for him. Harris-Moore dropped out of high school and, according to Wallace, police believe he spent his teens burglarizing unoccupied homes on Camano Island, a vacation community of about 15,000 people off the Washington state coast. He became known as ""the Barefoot Burglar,"" because, investigators say, he preferred to prowl shoeless. Gradually, Wallace alleges, Harris-Moore moved onto more sophisticated crimes. ""He will typically break into a home or vehicle and copy down the credit card numbers,"" Wallace said. ""He then leaves the credit cards behind so people don't realize they have been stolen."" Wallace said Harris-Moore has charged thousands of dollars worth of video games, GPS devices and police scanners online, using stolen credit cards. When Harris-Moore wasn't squatting in homes, he took to the woods with survival gear to elude police. He's been known to hide in the trees. ""He's almost like a feral child,"" Wallace said. Harris-Moore's days of running from authorities on the 40-square-mile island appeared to end in 2007 when he was arrested and pleaded guilty to three counts of burglary. Wallace said some of the charges were dismissed as part of the guilty plea. Less than a year later, Wallace said,  Harris-Moore allegedly walked away from a juvenile halfway house. Police on Camano Island again began receiving reports of thefts that fit Harris-Moore's profile, Wallace said. In 2008, a deputy said he spotted Harris-Moore in a stolen Mercedes-Benz, but he lost the suspect when he allegedly dove from the moving vehicle. After the chase, police recovered a stolen digital camera from the car. Wallace said he found a deleted self-portrait of Harris-Moore, who posed in a shirt with a telltale Mercedes-Benz insignia. The shirt also belonged to the vehicle's owner. Harris-Moore faces 10 counts in that case, as well as other thefts, Internet crimes and burglaries, Wallace said. Charges are expected soon in a dozen more cases. Harris-Moore dropped from sight for a while when wanted posters of him went up around Camano Island. Soon, though, authorities in the San Juan Islands noticed a series of break-ins and wondered whether Harris-Moore was island-hopping. The theft of a Cessna 182 from the San Juan Islands in November jogged Wallace's memory. He recalled what he had found on a computer he said Harris-Moore used. ""He had looked at flight manuals and how to fly a plane,"" he said. Another theft of a small experimental plane had been reported in September. John Zerby, undersheriff of San Juan County, said police don't think the two thefts are a coincidence. ""This doesn't happen here, that's why we think they go together,"" he said. Police consider Harris-Moore to be a fugitive. Even though Harris-Moore has no known flight training, Zerby said police are certain he is their mystery pilot. Harris-Moore's mother doubts her son learned to fly on his own. ""Any time anything is stolen, they blame it on Colt,"" Pam Kohler told the Everett Herald newspaper. ""Let's say you're the smartest person in the world. Wouldn't you need a little bit of training in flying a plane? They're not easy."" CNN attempted to contact Kohler, but her phone was disconnected. CNN also tried to reach a former attorney for Harris-Moore but the lawyer has not returned calls requesting comment. Experts said that teaching oneself to fly is difficult but not impossible. ""It's been heard of,"" said flight instructor Devin Tolentino. ""Let's face it, the Wright brothers were able to teach themselves. Landing would be the hardest part, but if you weren't too concerned about using the plane again, it could be done."" Meanwhile, authorities in Whatcom County are investigating whether Harris-Moore stole a boat and used it to reach Point Roberts, where burglaries at three vacation homes have recently been reported, Deputy Jeff Roberts said.  Point Roberts, a small peninsula, is U.S. territory but is accessible only from the water or through Canada. From parts of Point Roberts, entering Canada is just a matter of crossing the street. Last week, law enforcement agencies got a new lead when a private plane was stolen in Bonner's Ferry, Idaho,  just across the border from Canada. Residents noticed a plane flying at an altitude of 100 feet as it left the area on Tuesday, said Detective Dave McClelland. The plane was found Thursday, crashed and out of fuel in a patch of cleared forest in Granite Falls, Washington. On Sunday, authorities say they received a report of a burglary. ""Blankets, shoes and food [were] taken instead of big-ticket items like TVs,"" said sheriff's spokeswoman Rebecca Hover. A gunshot rang out as deputies searched the woods and came across some of the stolen items, Hover said. No one was injured, but the SWAT team was called in. Police searched the area, using a helicopter with an infrared heat detection scanner and another Blackhawk helicopter provided by the Department of Homeland Security. Low-tech police work led to Harris-Moore's arrest in 2005. Police staked out his mother's house, waiting until someone inside ordered a pizza. Police rode in the delivery car to the house and waited for Harris-Moore to come to them."
a74506c398c4f55227fca28985f05be604d6182c,US,"{'US': 2, 'GB': 1, 'PH': 1}","(CNN) -- When tragedies occur, such as the one at the Navy Yard in Washington this week, all Americans are deeply affected. They include the one in four American adults who experience mental health problems. That's approximately 60 million Americans. Their first reaction is much like that of anyone else: feelings of anger and anguish and wanting to know when such events will ever stop. But there's another, secondary impact to this community if a history of mental illness is suspected. Tragically, in the case with the Navy Yard gunman, mental illness appears to be a factor. But in too many cases, people simply assume that it is, no matter how much we caution that it's best not to attempt to diagnose any medical condition speculatively through the news media. Unfortunately, stigma surrounds mental illness. It's most associated with a violent stereotype. The result has always been fear, prejudice and discrimination toward anyone struggling with a mental health problem. The stereotype endures despite the fact that the U.S. surgeon general has found that the likelihood of violence from people with mental illness is low. In fact, ""the overall contribution of mental disorders to the total level of violence in society is exceptionally small."" Despite the impact of the Navy Yard tragedy and those of Newtown, Aurora and Virginia Tech on perceptions, a much greater, different reality exists. Many thousands of veterans experience post-traumatic stress disorder. Civilian employees of the military seek help for depression; teachers live with anxiety disorders. Students succeed academically while managing bipolar disorder. People living with schizophrenia may be psychologists, professors, peer counselors or businesspersons. They are all members of their communities. Few are violent. In the face of violence, people may simply be unable to fathom how an event could occur other than through mental illness, thought of often in non-medical terms such as ""madness"" or ""insanity."" Their perceptions also are conditioned by headlines that largely overshadow the greater reality. Stigma perpetuated by the Navy Yard tragedy will be internalized by many people living with mental health problems, causing them to stay silent and withdraw from others. This will impede their recovery in many ways. Stigma will remain a major barrier that keeps people reaching out for help when they need it. In the wake of such tragedies, some will call for persons with mental health problem to be ""screened out"" by employers in the hiring process or to deny them security clearances. In the first case, the Americans with Disabilities Act provides some protection against discrimination, but it is not always followed or easily enforced. With top secret security clearances, just ask any member of the military or government official or contractor about the anxiety they often feel if they need to see a psychiatrist and then needing to disclose it as part of a security clearance application or review. Many issues need to be addressed in the case of the Navy Yard tragedy and the tragedies before it. They include what happened -- or didn't happen -- in the military and veterans mental health care systems, particularly when the gunman allegedly sought help from the Veterans Health Administration. Was there effective engagement? The response of law enforcement should also be addressed. In theory, had the police both arrested and charged the gunman in past incidents involving a gun or disorderly conduct, he would have been put into the National Instant Criminal Background Check System database and prohibited from buying a gun, regardless of his mental health status. It is also possible that his case might have been handled by a mental health court, leading to supervision and treatment. Had Rhode Island police who responded to the gunman's 911 call for help in August been trained for crisis intervention and worked with a mobile crisis unit to have him medically evaluated, then perhaps this past week's horrors could have been averted. Those are issues that must be pursued. But in the haste to respond, let's not stigmatize or discriminate against the millions of American who live productively with mental illness and who share the anguish and anger of other Americans in response to tragic horrors. If stigma wins, things won't get better. The opinions expressed in this commentary are solely those of Michael J. Fitzpatrick."
2aaa8d03cd52f50ed7bd9fb0fab824db8906a678,JP,{'JP': 1},"Tachikawa, Japan (CNN) -- U.S. and Japanese authorities were investigating two small explosions Thursday outside an American air base near Tokyo, officials said. Investigators found two metal tubes and a simple timing device, which U.S. authorities described as an ""improvised launch device,"" near the Yokota Air Base. ""We can confirm there was an improvised launch device outside Yokota over the evening,"" according to a statement released by the base. ""... We take matters of security at our installation very seriously and we are assisting the Japanese National Police in their investigation into the matter."" No injuries were reported, and U.S. investigators combed the base for most of the night and into the early morning hours searching for possible impact points, said Capt. Ray Geoffroy, an Air Force spokesman. Residents outside the base reported hearing two small, cannon-type bangs at about 11 p.m. local time, the Tachikawa Police Department said. Daisy Gonzaga, who was staying near the base, said she heard two explosions. At first, she said she thought they were fireworks being set off as part of a Thanksgiving Day celebration inside the base. Gonzaga said when she did not see the fireworks, she thought it might be something a little more serious. CNN's Kevin Wang contributed to this report."
ff4c98c1ff1babf01d98b17517afd35d1629a99d,AF,{'AF': 1},"(CNN) -- Journalist Michael Hastings, known for his 2010 profile of Gen. Stanley McChrystal that led to the officer's abrupt retirement, died in a car accident in Los Angeles on Tuesday. The 33-year-old had been a reporter for BuzzFeed since last year, when he was hired to cover the Obama re-election campaign. ""Michael was a great, fearless journalist with an incredible instinct for the story, and a gift for finding ways to make his readers care about anything he covered from wars to politicians,"" BuzzFeed Editor-in-Chief Ben Smith said in a statement. ""He wrote stories that would otherwise have gone unwritten, and without him there are great stories that will go untold."" Hastings was also a contributor to Rolling Stone, and it was his profile in that magazine about McChrystal that led to the the general leaving his position. In his profile, Hastings quoted McChrystal and his staff criticizing and mocking key administration officials. The young reporter wrote that McChrystal and Obama ""failed from the outset to connect,"" and that the president looked ""uncomfortable and intimidated"" by top military officials. Hastings wrote that an unnamed aide to McChrystal mocked Vice President Joe Biden. The fallout of the article was significant, with the general resigning from his post as the top U.S. commander in Afghanistan, followed by his retirement from the armed forces. ""Hastings' hallmark as reporter was his refusal to cozy up to power,"" his obituary in Rolling Stone read. ""While other embedded reporters were charmed by McChrystal's bad-boy bravado and might have excused his insubordination as a joke, Hastings was determined to expose the recklessness of a man leading what Hastings believed to be a reckless war."" Read excerpts from Hasting's profile of McChrystal ."
d3162a80936d9e5706305eb9f7adcc8caddffccd,KE,{'KE': 4},"Nairobi, Kenya (CNN)  -- The top prosecutor of the International Criminal Court arrived in Kenya on Saturday to investigate post-election violence that left more than 1,000 people dead more than two years ago. Hundreds of thousands were also displaced after the disputed December 2007 election sparked ethnic violence nationwide. Prosecutor Luis Moreno-Ocampo said his five-day trip will include visits with victims. He'll also tour some of the areas hardest hit by the violence, including Rift Valley province and the sprawling Kibera slum in Nairobi. Ocampo said he'll also meet top government officials and those who believe they were unfairly identified as suspects on a list of 20 people handed to him. The names of the suspects have not been identified publicly. Chaos erupted after incumbent President Mwai Kibaki was declared the winner in the election. Opposition challenger Raila Odinga decried the results, prompting violence between their supporters. The election and its aftermath tainted the country's image as an oasis of stability in the region. Former United Nations chief Kofi Annan and other world leaders intervened, and the two contenders signed a power-sharing agreement. Kibaki is the president while Odinga is the prime minister. Annan has said proceedings against culprits should occur before campaigning starts for the next election in 2012."
51d94d76859b5504f95fa983fee28313ca997934,GB,{'GB': 4},"London, England (CNN) -- A British doctors group called Wednesday for a ban on all smoking in cars, saying the secondhand smoke inside a vehicle can cause severe health problems for children and adults. The Royal College of Physicians made the recommendation in a new report on how secondhand smoke, also called passive smoking, affects children. The report found that, for children, secondhand smoke annually causes more than 20,000 cases of lower respiratory tract infection, 120,000 cases of middle ear disease, at least 22,000 cases of wheezing and asthma, 200 cases of bacterial meningitis, and 40 sudden infant deaths. These cases generate more than 300,000 doctor visits each year and about 9,500 hospital admissions, costing the National Health Service about £23.3 million ($34.9 million) each year, the report said. The findings were based on studies funded by Cancer Research UK and carried out by the UK Centre for Tobacco Control Studies. England's chief medical officer, Liam Donaldson, said the report will contribute to the the government's review of existing smoking legislation in England later this year. Smoking was made illegal in all public spaces in the United Kingdom in 2007. ""This is a serious public health concern,"" Donaldson said. Health effects on children from secondhand smoke are ""entirely avoidable,"" the report says. It laid out a series of policy recommendations to reduce those effects, including the ban on smoking in cars. ""Smoke-free legislation should be extended much more widely to include public places frequented by children and young people, and to prohibit all smoking in cars and other vehicles,"" the report urged. The report also urged a hike in tobacco prices, more effective health warnings, more generic packaging for tobacco products, and tailored stop-smoking services. ""This report isn't just about protecting children from passive smoking, it's about taking smoking completely out of children's lives,"" said John Britton, chairman of the Royal College of Physicians' Tobacco Advisory Group. Smokers' lobby group Forest said the proposals ""go way beyond what is acceptable in a free society"" and are a first step to banning smoking in homes. ""We wouldn't encourage people to smoke around children, but adults should be allowed to use their common sense and act accordingly,"" said Simon Clark, director of Forest. ""We don't need laws to regulate every aspect of our behavior."" Clark said the report's claims are a ""huge exaggeration."" ""Unfortunately the anti-smoking industry isn't interested in compromise. It just wants to bully smokers until they quit,"" Clark said."
acbce348c76ea6c3d97d3f6995b894cf8538449a,GB,"{'GB': 13, 'CA': 4, 'LV': 2, 'FR': 1, 'KZ': 1, 'CO': 1, 'SI': 1, 'IT': 1, 'HU': 1, 'RU': 1, 'DE': 1, 'BY': 1}","(CNN) -- Great Britain can legitimately claim to have invented ice hockey, and even won gold at the 1936 Winter Olympics -- but its modern-day heroes are struggling to uphold that heritage in the face of adversity. When some British solders first ventured on to the ice in Ontario, Canada in the mid-19th century to play a modified version of field hockey, they could never have dreamed a multibillion-dollar business would be the legacy. However, while the sport has flourished in North America and other European nations, in the UK it battles a chronic lack of funding and fights for snippets of media coverage in a country where football dominates the back pages. Team GB has not played in the Winter Games since 1948, and suffered another heartbreaking failure last week in the final round of qualifying in Riga. Despite the setbacks, stalwart player David Clarke remains optimistic for the future of the sport. ""Great Britain isn't renowned for its ice hockey talent, but it's growing and we've made a great account for ourselves over the last four or five years,"" Clarke told CNN's Human to Hero series. ""So, I think gradually we are getting more respect but with that comes expectation."" A squad coached by Scotsman Tony Hand, who briefly played alongside Wayne Gretzky in the NHL, lost to 11th-ranked hosts Latvia, France and Kazakhstan, ending their hopes of going to Sochi in 2014. ""We gave a decent account of ourselves, but it would have been nice to have been able to get together as a team for more than just two days to properly prepare,"" said Clarke. Andy French, general secretary of Ice Hockey UK, which now boasts over 10,000 registered players, is dismayed they receive no funding from the British sports authorities. ""Extra backing would create more revenue to enable all our teams from junior to senior level to have four international breaks per year to prepare for world championships, to bring on board a sports psychologist, team nutritionist, better preparation,"" he told CNN. Clarke could have followed Hand over the Atlantic to try his hand in the toughest league of all, but decided to stay home after becoming a father at the age of 18. He also had trials for his local professional football club Peterborough, but chose hockey. Star player . If he has any regret at missing out on the possible riches in the NHL, or even the EPL, the 31-year-old does not show it. He has forged a reputation as one of the star players in the British domestic league, being the all-time top scorer, and has helped Nottingham to a Playoffs and Challenge Cup double the past two seasons. Matches are played in purpose-built arenas, with the capital cities of Wales, Northern Ireland and Scotland hosting the Cardiff Devils, Belfast Giants and Edinburgh Capitals before audiences of between 5,000 to 8,000 partisan fans. London had a team, for which Clarke briefly played, run by the Anschutz Entertainment Group -- one of the world's largest sporting owners and investors. The London Knights were wound up in 2003 after only five years when the competition they played in folded and their home stadium was sold. The NHL hosted two fixtures between the Anaheim Ducks and the Los Angeles Kings at London's 02 Arena in 2007, but French bemoans the fact the English capital is not represented in the GB professional league. ""I think having the NHL play here is great for the fans and also does encourage people to find out where their nearest ice rink is either to go and watch a game or for the youngsters to start playing,"" he said. ""But one big issue that we have is that we do not have a professional team playing in London. We used to have the London Knights but they finished a few years ago now."" But Clarke is encouraged by the rise of homegrown talent in a GB team which used to be packed with dual nationality players, often of Canadian and U.S. heritage. So can a GB team make it to a future Olympics and take a short step towards emulating the 1936 heroes? ""Without a doubt,"" he said. ""But if we don't start now we are going to miss the opportunity. ""It's a case of getting that talent to play to the best of their abilities. Slovenia, who we have beaten, came through the qualifying to make it to Sochi, and so can we at future Games."" Clarke shows no signs of hanging up his sticks, and playing for his country remains the ultimate goal. ""It's a massive honor. Any sport you're involved in, the pinnacle is to represent your country,"" he said. That he has been able to survive at the top of the tree for that long is testament to Clarke's commitment and a fitness program that begins at 7 a.m. each morning. He practices on the ice for about two hours, in the gym for an hour and a half followed by about 45 minutes of rehabilitation and stretching. ""We consume lots and lots of food, way over the recommended daily allowance,"" he said. ""Especially for me because I struggle to keep my weight on."" Physical sport . The world over, ice hockey is a tough and physical sport and Clarke has his tales of woe. ""Broken leg twice, a few knee ligament injuries, concussions. A few pucks, sticks in the head but we have good dentists and good doctors on hand."" He first picked up a stick at his local rink when only six years of age and, aside from the brief flirtation with football, was dead set on representing Britain at ice hockey. He progressed through the under 18 and 20 ranks, eventually taking his place in a GB lineup with players he had considered ""his idols"" when watching as a youngster. ""When he first broke into the British squad at the turn of the century his talent was obvious,"" said Ice Hockey UK's media officer Chris Ellis. Clarke's regular position is as an offensive forward ""expected to contribute goals and in assists"" and his standout abilities earned him a one-year contract with Alleghe in Italy in 2007. ""He is one of the few British players to play abroad at the top level,"" said Ellis. But the lure of home proved too strong and he returned to Nottingham for another successful spell. The Elite League has a heavy schedule, ending in April when Clarke will again hurriedly form up with the GB team as they bid to erase memories of their Latvian disappointment. ""We've got the world championship which is in Budapest this year and that will be our next focus ... we'll give it our all,"" he said. Britain plays in the second tier of competition -- the top pool dominated by the likes of the United States, Canada and Russia -- but will be bidding to improve its 21st ranking. It's a far cry from the days when a GB team took bronze in the 1924 Games in Chamonix, and capped that with gold in Germany 12 years later. The sport's powerhouses Canada and the United States took the silver and bronze, but with the NHL going to strength to strength in North America the foundation for their later domination was forged. The break-up of the Soviet Union also made it tougher for the likes of Britain to take a place at the top table, with countries such as Latvia and the Belarus forming strong national teams, with many of the players competing in the Russian league. Early roots . After those early Olympic successes, the British influence at the highest levels faded fast, but it has been a popular spectator sport and in the late 1980s enjoyed a revival with top teams featured on national television. Sadly, momentum was lost, and the likes of Clarke have the satisfaction of taking part in a sport with strong regional identity, but without the sponsorship to attract widespread TV coverage. He is already looking to the future, and believes that in the junior group he coaches, there are players with potential to do ""very big things"" in the future. Maybe one of his charges will find their way to the NHL, and if they show the dedication to the cause -- ""never leave anything behind on the ice"" is his motto -- that Clarke has displayed over his long career, then his predictions could prove spot on."
4a7d48e945b02b8beebae7908aa11d566daf52ad,US,{'US': 1},"(CNN) -- A 7-year old Michigan boy took a 20-mile drive in his stepfather's car, ending in a high-speed chase with local law enforcement, according to the Huron County Sheriff's office. Around 10 a.m. Monday, 911 dispatchers received multiple calls reporting what appeared to be a young child driving a red Pontiac across town. ""Uh, yes, I'm on Kinde Road outside of Caseville, and believe it or not, I just passed about a 5-, 6-year-old kid flying down the road with a red Pontiac Sunbird,"" one caller told the dispatcher as he tried to follow the speeding car. Eventually, the caller lost sight of the boy. According to Huron County Sheriff Kelly J. Hanson, the car was seen again minutes later in Caseville by another man who called 911. It was racing past a Dairy Queen restaurant. Based on details provided by 911 dispatchers, Huron County Sheriff's Deputy Randy Britt and Caseville Police Chief Jamie Learman began searching for the car. Hanson said Britt and Learman caught up to the young driver and attempted to stop the car, which officials said was driven as fast as 50 mph. The boy appeared to have difficulty pulling over and footage from Britt's dashboard camera shows the officers eventually had to box the car in to slow it down. According to Hanson, though stopped, the car was still running and in gear. The boy was upset, he said, and couldn't unlock the car door. Finally, officers were able to calm the child and get the door open. Britt put the vehicle in park. ""It was learned that the child had left his residence in his stepfather's vehicle, which is in the Sheridan Township area. He was heading for his father's residence in the Filion area,"" said Hanson. ""Deputy Britt called the child's mother and got her voicemail. She quickly returned the call and was unaware that her son was missing. Apparently, she had worked a night shift and had left instructions with the boy to be awakened at 10:00 a.m."" A deputy brought the mother to the car and her frightened son, where deputies arranged for them to go to the county Department of Human Services. ""We're waiting to hear back from DHS to see how to proceed if we need to, if there is any trouble in the home, any neglect,"" Hanson said. ""We won't release the parents' names until DHS has decided what to do, so we don't interfere with possible court proceedings."" No charges have been filed against the boy or his mother. According to Timothy J. Rutkowski, prosecuting attorney for the Huron County Prosecutor's Office, ""We're still in the process of looking over the report."""
033a87088e242f15aeb422d7d0495c4c02bfd596,US,{'US': 2},"(CNN) -- A bride is in mourning. Hours after the wedding, groom William Riley Knight, 49, of Crown Point, Indiana, was struck and killed. His new wife, Nikki Knight, was not injured. ""I went from a being a newlywed to a widow in less than 48 hours â€” the highest high to the lowest low,"" she told the Chicago Sun-Times on Sunday. ""It's a blur."" They had just left their reception, according to Patti Van Til, a spokeswoman with the Lake County, Indiana, Sheriff's Department. Nikki was still in her wedding dress, she said. Knight was acting as a good Samaritan on Saturday night when he stopped to assist Linda Darlington, whose vehicle had slid into a ditch along a road in Crown Point. He climbed out to help while his wife waited in the car. ""He said, 'We've got to stop, it's late and they need help,' "" Nikki, a registered nurse, told the Chicago newspaper. ""He was the type of person who was willing to put himself on the line and support you no matter what,"" she said. Her husband and Darlington, 42, were struck multiple times as they stood by the side of the road. They were first hit by one vehicle, followed by two more. Darlington was also killed. According to CNN affiliate WBBM, which spoke to Knight's ex-wife, he had four children, including two stepchildren. He acted in community theater, was a hunter and reportedly served in the U.S. Army Rangers before retiring in the mid-1990s. ""He was very outgoing, always wanting to help somebody,"" said friend Rob Biella, CNN affiliate WLS reported. ""He was good to be around my kids. I'm glad they got to know him."" All drivers remained on scene, and there is nothing to suggest that alcohol was a factor in the crash, according to Van Til. The accident remains under investigation. ""He was just trying to do a good thing for somebody in need,"" the spokeswoman said. ""It's very sad. We have a job to do here, but sometimes it just brings you sadness."" Bride loses her groom and her leg, but not her faith ."
673b16d0b44ff0c7e9c67ad7c4d019195b5f4c90,US,"{'US': 4, 'IL': 4, 'EG': 1}","(CNN) -- Thinking about Palestinian Authority President Mahmoud Abbas' efforts this week to gain observer status as a nonmember state, I'm reminded of one of my favorite ""Seinfeld"" episodes. Sitting in the Restaurant -- the venue for so many of the best ""Seinfeld"" bits -- George and Jerry conspire to produce a new sitcom, a show literally about nothing. Not surprisingly, the idea comes to nothing as well, though the ironic brilliance that the very show they want to produce already exists adds a cool philosophical edge to the comedy. Sadly, like the ""Seinfeld"" episode, the Palestinian effort to gain entry into the U.N. General Assembly as an observer state will come to nothing as well, even if -- as is likely -- he succeeds. And that's the real tragedy. Success will neither provide the gains Palestinians hope to achieve nor the disasters that opponents of the initiative predict. In the end, Abbas and the Palestinians will be no closer to statehood and perhaps even a little further away. Motives . Frustrated by the world's seeming indifference to the Palestinian issue and weakened by his inability to deliver anything, Abbas is desperate for an end-of- the-year success of some kind. Blocked by Washington and the U.N. Security Council last year from gaining admission as a state, he's fallen back on the idea of observer status, an initiative that can't be vetoed by the Americans and is likely to succeed in the General Assembly. Opinion: Why U.S., Israel should welcome Palestinian move at U.N. Observer status is largely a symbolic issue, but the Palestinian Authority might then have access to other U.N.-affiliated agencies, including the International Criminal Court, assuming that body would be willing to entertain Palestinian claims and charges against Israel. Indeed, Palestinian desperation is accompanied by a Palestinian assessment that the international arena offers a fertile field to score political points and to pressure and isolate the Israelis. Call it a kind of global station identification for an organization -- Fatah -- that's run out of options. What matters is what happens on the ground . If the history of this issue shows anything, it demonstrates that what really counts is what happens between Israelis and Palestinians in the region. How sad and ironic that it was Hamas' rockets, not Abbas' diplomacy, that put the Palestinian issue on the map again. And that's likely to be the story again -- whether through violence or diplomacy. What counts is whether Israelis and Palestinians can offer incentives and disincentives to one another in currency that matters -- prisoners, land, cease-fires, economic assistance, etc. It matters not a whit what goes on in New York at the United Nations. Abbas might well be the best partner Israel will ever have, but if he can't deliver or if the government of Prime Minister Benjamin Netanyahu doesn't want to deal with him, well Houston, we have a problem. And at the moment, it is Hamas -- not Abbas -- that counts more and the Gaza/Egypt arena, not the U.N., that's more relevant. Washington's calculations . Why not support the Abbas move? Doesn't the U.S. have a stake in bucking him up and reinforcing the two-state solution? Obama's calculations in opposing the observer initiative are three. First, philosophically, ever since we've had Israeli-Palestinian negotiations, the American talking points have been pretty consistent. What matters is negotiations, not moves, at the U.N. And even though there are no talks now, the U.S. position is correct; the only thing that can produce two states are two -- maybe three -- parties talking. Second, there's no doubt that Obama understands that observer status will only deepen the adversarial relationship between Abbas and Netanyahu, give the Israelis another reason not to negotiate and get the president into a fight with Congress should he support the Palestinian bid. Indeed, that's the last thing he needs at a time when he's wrangling with Congress about the fiscal cliff and fighting with the Republicans about Susan Rice, the U.S. ambassador to the United Nations. Finally, if he is going to consider an initiative on the big Israeli-Palestinian issues during his second term, he needs to build up credibility with the Israelis -- as he's done on the cease-fire in Gaza -- so he can be in a better position to push and persuade them later. News: Palestinians again take status case to U.N. An initiative about nothing . The observer state initiative won't make the difference that either its advocates or detractors imagine. Congress might further restrict aid to the Palestinians at a time when the Palestinian Authority is in the red. Abbas will look feckless -- and Hamas even stronger -- because in the end, the results in New York will change nothing on the ground for the better in the region. Indeed, Israel might well retaliate by withholding tax revenues it collects for the Palestinian Authority under agreements reached in the mid-1990s. And sadly, unlike a ""Seinfeld"" episode, what happens between Israelis and Palestinians actually matters. For the time being, these two peoples will remain suspended between a peace they cannot have and a confrontation neither wants but might well come nonetheless. The opinions expressed in this commentary are solely those of Aaron David Miller."
1af2aff2739df8132c8164a421e9190133423221,US,"{'US': 2, 'AF': 1, 'VN': 1}","(CNN) -- It's not often that someone you know and consider a friend is awarded the Medal of Honor. I first met then-Staff Sgt. Clint Romesha in Colorado in 2010. We had dinner with three of his fellow soldiers -- then-Sgt. 1st Class Jonathan Hill, Sgt. Tom Rasmussen and Sgt. Eric Harder. Over beer and Mexican food, they talked about their time in the Army and their experiences at Combat Outpost Keating in Afghanistan. I was working on a book about the remote outpost in which they'd served; the four troops candidly and generously shared their thoughts with me. Romesha (pronounced ROE-muh-shay) was dark and sardonic. It was clear that he respected basic military values of selflessness, courage and efficiency, and had little tolerance for those who did not. It's not surprising, because he comes from a military family. Both of his brothers joined the military after high school, following in the footsteps of their father, a Vietnam veteran, and their grandfather, who served during World War II. For the Romeshas, military service is a family tradition. At the dinner, Romesha talked about leaving the Army and spending more time with his wife, Tammy, and their three children. Within a year, he did exactly that. They all now live in Minot, North Dakota. Romesha works as a field safety specialist for an oil field construction firm 90 minutes away. Romesha is modest about the actions for which President Barack Obama will award him on February 11 with the nation's highest honor for courage. Maybe you saw his modesty in our interview of him, which aired in an hourlong CNN special on Thursday, February 7, at 10 p.m. ET. Maybe you saw the way he talks about that horrible day -- October 3, 2009 -- when he and about 50 other American soldiers faced overwhelming Taliban forces numbering more than 300. Even more terrifying than their numbers was their positional superiority: a 360 degree assault from the high ground. Combat Outpost Keating had been built at the bottom of three steep mountains, providing the enemy from day one with a tactical advantage. For all the glory bestowed on Romesha, he is still torn apart because of those he couldn't save that night, those whom no one could have saved. The humility in the interview, his disappointment in not having been able to save every troop's life, is haunting. Excerpt: ""The Outpost: An Untold Story of American Valor"" ""My granddaddy used to teach me, you know, 'When you tell someone you're going to do something, you do it. You know, your actions is what makes you.' And I know I'm hard on myself, but you know it still hurts,"" Romesha told me. Eight U.S. troops were killed at Combat Outpost Keating, and the camp was overrun by the Taliban. But because of the valorous actions of troops like Clint Romesha -- and others, including Hill, Rasmussen, Harder, Sgt. Ty Carter, Lt. Andrew Bundermann and more -- ultimately, the United States was able to push the Taliban back and regain control of the camp. Romesha's leadership was crucial, and his fellow troops say they wonder if they would have survived without his fierce determination. ""There are few people I would follow to hell and back, and Romesha is one of them,"" former Pvt. 1st Class Chris Jones told us. I interviewed more than 225 individuals for my book about the attack, ""The Outpost: An Untold Story of American Valor,"" which also details the history of the outpost. I met many brave troops along the way. Romesha, without question, stands out. He and I have spent hours talking about the battle (and other matters too, since we became friends), and some of those conversations will be with me always. He's a laconic guy, Romesha, the type you might see in a cowboy movie. Few words, strong deeds. The love and dedication he has for his troops, and the degree to which he's moved when they return those emotions with performance in the line of duty, is almost palpable. ""To watch those guys say we're short numbered but we've got the stones, we're gonna man up. This is what's required of us. We're gonna dig deep and we're gonna man up,"" Romesha says. ""I mean, it's amazing to watch that great sacrifice, losing out on sleep, long, hard days, running up and down the mountains with less guys than the unit before. We took pride in that, that we did more with less and that was our motto for a while."" There are 79 living Medal of Honor recipients, according to the Congressional Medal of Honor Society; Romesha will be the 80th. I am proud to know him. The opinions expressed in this commentary are solely those of Jake Tapper."
130d9c2ff9bed7ccbc82c76ecfb19228762a3a40,BR,"{'NL': 1, 'BR': 5, 'UY': 1, 'GH': 1}","(CNN)  -- The Netherlands came from a goal down to beat 10-man Brazil 2-1 in their World Cup quarterfinal clash in Port Elizabeth on Friday. An early goal from Robinho had put Brazil in command, but in the second half the Dutch drew level when Wesley Sneijder's cross was deflected into his own net by Felipe Melo. Inter Milan's Sneijder then headed his team ahead in the 68th minute after Arjen Robben's corner had been cleverly flicked on by Dirk Kuyt. A miserable afternoon for Melo was completed when he was sent off for stamping on Robben. The Dutch will play either Uruguay or Ghana in the semifinals, but for Brazil and coach Dunga it is a bitter defeat. ""We are all responsible for this situation but I have the greatest responsibility,"" he told AFP. The inspirational Sneijder was surprised to score the winner with a rare headed goal. ""This was my first header here, I don't think it will happen again, but it was great,"" he told AFP. ""The ball slipped on my bald head and went into the net, a great feeling."" The 26-year-old added: ""If you can eliminate Brazil, one of the best teams in this championship the first feeling is relief, we always believed in it."" A Dutch victory had looked unlikely as the five-time World Cup champions took charge from the start. Melo found Robinho with a precise pass through a static Dutch defense and he made no mistake as he swept his shot past Maarten Stekelenburg in the 10th minute. Further chances fell to the Brazilians as Dani Alves set up defender Juan who blazed his volley over. The best move of the match involving Robinho and Lus Fabiano saw Kaka draw a brilliant save from Stekelenburg, while right back Maicon shot into the side netting on the run as half-time approached. There seemed no way back for the Dutch, but a 53rd minute aberration from Brazil keeper Julio Cesar turned the tide of the match. He totally missed Sneijder's left-footed cross from the right and the unfortunate Melo saw it brush his body before finding its way into the net. More poor defending allowed Sneijder to give the Dutch the lead and when Melo was deservedly shown red it was the end of the line for the South American champions. Only a strong run and shot by Kaka which was deflected away offered them much hope and they might have fallen further behind to Dutch counter attacks."
8414b0151a8e187fa69dcaa3c29f837c31c8f5dc,US,{'US': 3},"Boston (CNN) -- Pounding his fist on the witness stand Thursday, real-estate developer Richard Buccheri, 73, described the day he came face-to-face with Boston's alleged Irish mob kingpin James ""Whitey"" Bulger. Bulger is charged in the deaths of 19 people during some two decades. He also faces charges of extortion, racketeering and money laundering. He had called Buccheri to a meeting to discuss the positioning of a fence on a property Bulger associate Kevin Weeks wanted to buy, Buccheri said. He said they had barely sat down when Bulger banged on the table and told Buccheri, ""You know Rich, sometimes you should just keep your mouth shut. You know Kevin Weeks is like a surrogate son."" Buccheri's opinion on the positioning of the fence was not favorable to Weeks. Raising two fingers to his mouth to demonstrate, Buccheri said Bulger ""takes a shotgun off the table and sticks it in my mouth. Then he took it out, punched me in the shoulder and said, 'Richard you're a stand-up guy. I'm not going to kill you."" But then, he said, Bulger ""puts a 45 to my head"" and demands $200,000 in 30 days, ""threatening to kill me and my family."" Buccheri said he cut a check for the 200-grand, which Bulger's henchman, Steve Flemmi cashed days later. Buccheri said he had to give a Braintree bank teller verbal permission to cash the gargantuan check. Flemmi finished up his six days of testimony Thursday. He described a decades-long journey that included extortion, meetings with FBI agents and slayings. Flemmi testified he was by Bulger's side for most of it, saying both were FBI informants. He described hundreds of occasions when he and Bulger met with FBI agents. The defense suggested Wednesday that Flemmi would say anything to sweeten his deal with prosecutors and possibly get out of prison, even though the government has never raised that as a possibility. Flemmi was arrested in 1995, was found guilty and was sentenced in 2001 to 10 years in prison for extortion and money laundering. In 2003 he pleaded guilty 10 murders and was sentenced to life in prison. Bulger attorney Hank Brennan asked Flemmi whether he hoped to get out of prison one day, and Flemmi said, ""I'm still alive. There's always hope."" Brennan also highlighted Flemmi's relatively comfortable living conditions. ""It's like the Club Med of federal facilities,"" he said. ""You really think so?"" Flemmi responded, apparently incredulous, about the undisclosed prison. Brennan also asked about an apparent delicatessen on the premises serving salmon, steak, and smoked oysters. Flemmi denied such a place exists, saying, ""If I fed some of that food to my dog, he'd bite me."" He then complained about the July Fourth prison meal saying disgustedly, ""The hotdogs were burned. The hamburgers were burned."" Flemmi was spared the death penalty on the 10 murder charge after agreeing to testify against Bulger and his disgraced FBI informant handler, John Connolly. Authorities say Connolly accepted thousands of dollars from Bulger and his crew in payoffs and, in turn, tipped them off to law enforcement activity. Connolly was convicted of federal and state crimes and is serving 40 years in Florida. Under Flemmi's plea deal, the government allowed him to keep numerous properties including a home, at least four condos and a coin laundry. Despite Connolly's conviction and Flemmi's testimony, Bulger's lawyers have argued in this trial that he was not an FBI informant. Authorities say Connolly, who was raised in the same housing projects as Bulger, cut a deal with the alleged mob figure in 1975. Bulger would give information about the Italian mob -- the FBI's prime target -- while Bulger, authorities said, got names of rival gang members and other informants who had dirt on him. He is accused of killing those people. Without that FBI protection, prosecutors say, Bulger and Flemmi's reign of terror would not have been as successful or lasted as long as it did, from the early 1970s through the mid-1990s. Bulger rose to the top of the notorious Winter Hill gang, prosecutors say, before he went into hiding for more than 16 years after the crooked FBI agent told him in December 1994 he was about to be indicted on federal racketeering charges. He was captured in Santa Monica, California, two years ago, living under a false name with his girlfriend in an apartment in the oceanside city. The girlfriend, Catherine Greig, was sentenced to eight years in prison last summer for helping him evade capture. At his arraignment in July 2011 he pleaded not guilty to the 19 murder charges and 13 other counts. Through his lawyers, the 83-year-old defendant had argued he was given immunity by the FBI and a former prosecutor. The judge dismissed the claim, saying any purported immunity was not a defense against crimes Bulger faces. Prosecutors plan to call two more witness Friday, and expect to rest their case on the 30th day of trial. The defenses amended witness list, which was cut virtually in half to 32 witnesses last week, was whittled down to a potential 16 witnesses after Judge Denise Casper ruled some witnesses irrelevant and the defense withdrew a handful. The list is subject to further change. Among those virtually certain to testify are four FBI agents who the defense says will testify Bulger was not an informant for FBI in Boston. The government argued that Bulger is not ""charged"" with being an informant and the testimony could confuse jurors. But Casper said that, ""given the centrality of the government's allegation of Bulger being an informant to all of the matters in this case, I think those are proper witnesses."" Also on the stand Thursday afternoon was bar owner Kevin O'Neil, one of the O's in ""Triple O's Bar,"" an establishment that doubled as one of Bulger's many headquarters in the 1970s and '80s. O'Neil said he had Bulger on the payroll, but he was never an employee. When prosecuting attorney Zachary Hafer asked why he was on the payroll, O'Neil responded, ""He asked."" Hafer: ""Why didn't you say 'No'""? O'Neil: ""I didn't think it was smart."" O'Neil testified that in Christmas of 1994 he got a call from Connolly, who said, ""Get ahold of the kid because his friend has a problem."" In rapid-fire questioning, Hafer asked, The Kid?--""Kevin Weeks""; the friend?--""Jim Bulger""; the problem? --""I believe indictments."" O'Neil testified that he then saw Connolly talking to Weeks shortly after that call. O'Neil said he never saw Bulger again after that day. Prosecutors say Connolly tipped Bulger off to a 1995 indictment, causing Bulger to go on the run, landing himself on the FBI's top 10 most wanted list before being arrested in California. Besides the slayings, Bulger is accused of using violence, force and threats to shake down South Boston's bookmakers, loan sharks and drug dealers. The Irish mob allegedly laundered its ill-gotten gains though liquor stores, bars and other property it owned in South Boston. CNN's Gary Carter contributed to this report."
0c7c6ba9855491f4b1eb2466157b318c300c70c1,VE,"{'US': 2, 'VE': 4}","Washington (CNN) -- A former Los Alamos National Laboratory nuclear scientist and his wife were indicted on charges of trying to provide nuclear secrets to Venezuela, but U.S. officials stressed the Venezuelan government knew nothing about the plans. The officials said they have no information from the undercover operation that Hugo Chavez's government has any plans to try to build a nuclear weapon. Pedro Mascheroni, 75, and Roxby Mascheroni, 67, are U.S. citizens who worked as contractors at Los Alamos in New Mexico, officials said Friday. In 2008, Mascheroni, who had left the laboratory years earlier, had a series of conversations with an undercover FBI agent posing as an official of the Caracas government, according to the indictment. ""Mascheroni allegedly said he could help Venezuela develop a nuclear bomb within 10 years and that under his program Venezuela would use a secret underground nuclear reactor to produce and enrich plutonium and an open, above-ground reactor to produce nuclear energy,"" the Justice Department said. According, to a U.S. Justice Department statement, Mascheroni allegedly asked about obtaining Venezuelan citizenship and described how he expected to be paid for his classified nuclear work for Venezuela. Mascheroni said his fee for producing certain information was $793,000, the indictment alleges. U.S. Attorney Kenneth Gonzalez said the charges against the couple ""are very serious."" He said laws were designed to keep ""restricted data"" from getting to the wrong people."
